Account_Name__c,CreatedDate,End_Date_Calculated__c,Id,LastModifiedById,LastModifiedDate,Linear_Feet_Rollup__c,MUSW__Expiration_Date__c,MUSW__Issue_Date__c,MUSW__Phase__c,MUSW__Status__c,MUSW__Type2__c,Name,RecordTypeId,Scope_Description__c,Search_Address__c,Start_Date__c,SystemModstamp,Total_Number_of_Tow_Signs__c,Tow_Away_End_Date__c,Tow_Away_Start_Date__c,Tow_Status__c
CLARK CONSTRUCTION GROUP CA LP,2026-02-24T20:17:40.000Z,2026-09-30,a10Ps00000Fw7y9IAB,0058b00000GAFCDAA5,2026-10-01T07:00:15.000Z,80.0,2026-10-01,2026-03-09,Closed,Expired,Street Space,SSP-26-00585,012Ps000005citCIAQ,Blocking the parking lane adjacent to the project site to enable trucks to swing into the jobsite and stage/offload as necessary.  Sidewalk will remain open with signage.,750 PHELPS  ST,2026-04-01,2026-10-01T07:00:15.000Z,5.0,2026-09-30,2026-04-01,Not Enforceable
KAVOUNIARIS PETER,2026-02-25T05:22:53.000Z,2026-09-29,a10Ps00000FxSXWIA3,0058b00000GAFCDAA5,2026-09-30T07:00:34.000Z,20.0,2026-09-30,2026-02-26,Closed,Expired,Street Space,SSP-26-00599,012Ps000005citCIAQ,Construction,2434 43RD  AVE,2026-03-30,2026-09-30T07:00:35.000Z,2.0,2026-09-29,2026-03-30,Not Enforceable
MODERN CRAFT CONSTRUCTION INC,2026-03-05T00:38:46.000Z,2026-09-29,a10Ps00000GSbQ1IAL,0058b00000GAFCDAA5,2026-09-30T07:00:34.000Z,20.0,2026-09-30,2026-03-05,Closed,Expired,Street Space,SSP-26-00769,012Ps000005citCIAQ,Construction parking,16 SLOAT  BLVD,2026-03-30,2026-09-30T07:00:35.000Z,2.0,2026-09-29,2026-03-30,Not Enforceable
THE TOBONI GROUP LLC,2026-03-10T16:10:29.000Z,2026-09-30,a10Ps00000Gl1aXIAR,0058b00000GAFCDAA5,2026-10-01T07:00:15.000Z,40.0,2026-10-01,2026-03-11,Closed,Expired,Street Space,SSP-26-00873,012Ps000005citCIAQ,"Material deliveries, construction parking",3701 WASHINGTON  ST,2026-04-01,2026-10-01T07:00:15.000Z,4.0,2026-09-30,2026-04-01,Not Enforceable
MCGUINNESS MCCANN GROUP,2026-03-10T18:19:00.000Z,2026-10-01,a10Ps00000Glj5MIAR,0058b00000GAFCDAA5,2026-10-02T07:00:10.000Z,20.0,2026-10-02,2026-03-27,Closed,Expired,Street Space,SSP-26-00889,012Ps000005citCIAQ,"loading/unloading, staging, temporary toilet",3409 JACKSON  ST,2026-04-02,2026-10-02T07:00:11.000Z,2.0,2026-10-01,2026-04-02,Not Enforceable
"EAG STUDIO, INC.",2026-03-10T18:45:56.000Z,2026-11-30,a10Ps00000GlsbdIAB,005Ps00000Iz73wIAB,2026-05-29T20:30:24.000Z,91.0,2026-12-01,2026-05-29,Tow Sign Photo,Awaiting Applicant Info,Street Space,SSP-26-00895,012Ps000005citCIAQ,Construction material/debris and tool loading/unloading.,1772 VALLEJO  ST,2026-06-01,2026-05-29T20:30:24.000Z,6.0,2026-11-30,2026-06-01,Not Enforceable
,2026-03-10T21:50:45.000Z,2026-09-22,a10Ps00000GmfVtIAJ,0058b00000GAFCDAA5,2026-09-23T07:00:15.000Z,20.0,2026-09-23,,Closed,Expired,Street Space,SSP-26-00914,012Ps000005citCIAQ,BPA - Construction Staging,915 HAIGHT  ST,2026-03-23,2026-09-23T07:00:16.000Z,2.0,2026-09-22,2026-03-23,Not Enforceable
,2026-03-10T22:44:03.000Z,2026-09-23,a10Ps00000GmezeIAB,0058b00000GAFCDAA5,2026-09-24T07:00:16.000Z,23.0,2026-09-24,2026-03-12,Closed,Expired,Street Space,SSP-26-00916,012Ps000005citCIAQ,BPA - Construction Staging,1723 STOCKTON  ST,2026-03-24,2026-09-24T07:00:17.000Z,3.0,2026-09-23,2026-03-24,Not Enforceable
MADDEN JAMES A,2026-03-12T18:32:01.000Z,2026-09-19,a10Ps00000Gv9OjIAJ,0058b00000GAFCDAA5,2026-09-20T07:00:12.000Z,20.0,2026-09-20,2026-03-12,Closed,Expired,Street Space,SSP-26-00978,012Ps000005citCIAQ,BPA- Construction Staging,2850 STEINER  ST,2026-03-20,2026-09-20T07:00:13.000Z,2.0,2026-09-19,2026-03-20,Not Enforceable
"SPIERS & SONS, INC.",2026-03-13T18:02:07.000Z,2026-09-19,a10Ps00000GzF7NIAV,0058b00000GAFCDAA5,2026-09-20T07:00:12.000Z,20.0,2026-09-20,2026-03-18,Closed,Expired,Street Space,SSP-26-01013,012Ps000005citCIAQ,parking for work trucks ; loading and unloading of materials and staging of equipment,442 LIBERTY  ST,2026-03-20,2026-09-20T07:00:13.000Z,2.0,2026-09-19,2026-03-20,Not Enforceable
"COOKLINE CONSTRUCTION, INC.",2026-03-13T18:07:34.000Z,2026-09-22,a10Ps00000GzHCPIA3,0058b00000GAFCDAA5,2026-09-23T07:00:15.000Z,20.0,2026-09-23,2026-03-13,Closed,Expired,Street Space,SSP-26-01014,012Ps000005citCIAQ,Parking of a storage trailer along property line for usage during construction on building at 82 14th st.,82 14TH  ST,2026-03-23,2026-09-23T07:00:17.000Z,2.0,2026-09-22,2026-03-23,Not Enforceable
"COOKLINE CONSTRUCTION, INC.",2026-03-13T18:18:29.000Z,2026-09-22,a10Ps00000GzK8fIAF,0058b00000GAFCDAA5,2026-09-23T07:00:15.000Z,20.0,2026-09-23,2026-03-13,Closed,Expired,Street Space,SSP-26-01016,012Ps000005citCIAQ,"Construction parking, loading/unloading of materials, staging of equipment",98 14TH  ST,2026-03-23,2026-09-23T07:00:17.000Z,2.0,2026-09-22,2026-03-23,Not Enforceable
GGD INC,2026-03-17T20:36:48.000Z,2026-10-09,a10Ps00000HBGajIAH,005Ps00000LEF6MIAX,2026-04-02T23:26:55.000Z,44.0,2026-10-10,2026-03-26,Active,Active,Street Space,SSP-26-01088,012Ps000005citCIAQ,BPA - Construction Staging,9 25TH NORTH AVE,2026-04-10,2026-10-04T07:30:05.000Z,4.0,2026-10-09,2026-04-10,Enforceable
CAMERON BUILDERS SF,2026-03-19T19:27:39.000Z,2026-09-22,a10Ps00000HKCBJIA5,0058b00000GAFCDAA5,2026-09-23T07:00:15.000Z,25.0,2026-09-23,2026-03-19,Closed,Expired,Street Space,SSP-26-01136,012Ps000005citCIAQ,Construction/Parking,55 ROSEWOOD  DR,2026-03-23,2026-09-23T07:00:17.000Z,3.0,2026-09-22,2026-03-23,Not Enforceable
CMA DEVELOPMENT INC.,2026-03-19T22:01:32.000Z,2026-09-23,a10Ps00000HKYJuIAP,0058b00000GAFCDAA5,2026-09-24T07:00:16.000Z,20.0,2026-09-24,2026-03-24,Closed,Expired,Street Space,SSP-26-01144,012Ps000005citCIAQ,Construction site car parking and construction site material delivery area.,210 LAIDLEY  ST,2026-03-24,2026-09-24T07:00:17.000Z,2.0,2026-09-23,2026-03-24,Not Enforceable
ZM BUILDERS INC,2026-03-19T23:44:32.000Z,2026-09-24,a10Ps00000HKyELIA1,0058b00000GAFCDAA5,2026-09-25T07:01:11.000Z,20.0,2026-09-25,2026-03-24,Closed,Expired,Street Space,SSP-26-01148,012Ps000005citCIAQ,Loading and unload building materials,474 VALLEY  ST,2026-03-25,2026-09-25T07:01:12.000Z,2.0,2026-09-24,2026-03-25,Not Enforceable
LARKSPUR BUILDERS INC.,2026-03-20T16:32:35.000Z,2026-09-22,a10Ps00000HNownIAD,0058b00000GAFCDAA5,2026-09-23T07:00:15.000Z,20.0,2026-09-23,2026-03-20,Closed,Expired,Street Space,SSP-26-01156,012Ps000005citCIAQ,Construction related parking,3969 WASHINGTON  ST,2026-03-23,2026-09-23T07:00:17.000Z,2.0,2026-09-22,2026-03-23,Not Enforceable
CAMPAGNA ADAMO A,2026-03-20T16:58:03.000Z,2026-09-25,a10Ps00000HNw37IAD,0058b00000GAFCDAA5,2026-09-26T07:00:14.000Z,20.0,2026-09-26,2026-03-20,Closed,Expired,Street Space,SSP-26-01158,012Ps000005citCIAQ,Construction Parking,1847 47TH  AVE,2026-03-26,2026-09-26T07:00:14.000Z,2.0,2026-09-25,2026-03-26,Not Enforceable
EURO TEAM CONSTRUCTION,2026-03-20T23:20:45.000Z,2026-09-22,a10Ps00000HP65FIAT,0058b00000GAFCDAA5,2026-09-23T07:00:15.000Z,20.0,2026-09-23,2026-03-20,Closed,Expired,Street Space,SSP-26-01183,012Ps000005citCIAQ,BPA - Construction Staging,272 WAWONA  ST,2026-03-23,2026-09-23T07:00:17.000Z,2.0,2026-09-22,2026-03-23,Not Enforceable
COOK GENERAL CONTRACTOR INC,2026-03-23T21:00:21.000Z,2026-09-26,a10Ps00000HVMdZIAX,0058b00000GAFCDAA5,2026-09-27T07:00:12.000Z,50.0,2026-09-27,2026-03-24,Closed,Expired,Street Space,SSP-26-01210,012Ps000005citCIAQ,Construction,3777 22ND  ST,2026-03-27,2026-09-27T07:00:12.000Z,6.0,2026-09-26,2026-03-27,Not Enforceable
"EAG STUDIO, INC.",2026-03-24T17:26:23.000Z,2026-09-24,a10Ps00000HYqLlIAL,0058b00000GAFCDAA5,2026-09-25T07:01:11.000Z,33.0,2026-09-25,2026-03-24,Closed,Expired,Street Space,SSP-26-01234,012Ps000005citCIAQ,Contractor parking and material/tools/debris loading/unloading.,831 27TH  ST,2026-03-25,2026-09-25T07:01:12.000Z,3.0,2026-09-24,2026-03-25,Not Enforceable
DIMENSION DESIGN GROUP,2026-03-24T18:08:12.000Z,2026-10-26,a10Ps00000HZ6qLIAT,0058b00000GAFCDAA5,2026-03-24T19:49:22.000Z,20.0,2026-10-27,2026-03-24,Tow Sign Photo,Awaiting Applicant Info,Street Space,SSP-26-01237,012Ps000005citCIAQ,Construction Street Space,457 DUNCAN  ST,2026-04-27,2026-03-24T19:49:22.000Z,2.0,2026-10-26,2026-04-27,Not Enforceable
,2026-03-24T20:23:11.000Z,2026-09-29,a10Ps00000HZQ5uIAH,0058b00000GAFCDAA5,2026-09-30T07:00:34.000Z,20.0,2026-09-30,2026-03-25,Closed,Expired,Street Space,SSP-26-01241,012Ps000005citCIAQ,"Loading and unloading material, Staging of materials and debris loading",3348 BRODERICK  ST,2026-03-30,2026-09-30T07:00:35.000Z,2.0,2026-09-29,2026-03-30,Not Enforceable
DURKIN INC,2026-03-25T15:13:32.000Z,2026-10-05,a10Ps00000Hck01IAB,0058b00000GAFCDAA5,2026-03-26T15:15:07.000Z,25.0,2026-10-06,2026-03-26,Tow Sign Photo,Awaiting Applicant Info,Street Space,SSP-26-01256,012Ps000005citCIAQ,Renewal of parking permit 25-42-288960,2417 GREEN  ST,2026-04-06,2026-09-30T07:30:02.000Z,3.0,2026-10-05,2026-04-06,Not Enforceable
"WOODS FAMILY INVESTMENTS, LP",2026-03-25T15:38:03.000Z,2026-09-29,a10Ps00000HcswrIAB,0058b00000GAFCDAA5,2026-09-30T07:00:34.000Z,20.0,2026-09-30,2026-03-25,Closed,Expired,Street Space,SSP-26-01257,012Ps000005citCIAQ,construction parking,4333 26TH  ST,2026-03-31,2026-09-30T07:00:35.000Z,2.0,2026-09-29,2026-03-31,Not Enforceable
,2026-03-25T16:41:30.000Z,2026-09-24,a10Ps00000HdHonIAF,0058b00000GAFCDAA5,2026-09-25T07:01:11.000Z,20.0,2026-09-25,2026-04-07,Closed,Expired,Street Space,SSP-26-01261,012Ps000005citCIAQ,"loading/unloading of materials, site maintenance",2740 MCALLISTER  ST,2026-03-25,2026-09-25T07:01:12.000Z,2.0,2026-09-24,2026-03-25,Not Enforceable
COGENT LLC,2026-03-25T20:59:41.000Z,2026-10-01,a10Ps00000HeTBBIA3,0058b00000GAFCDAA5,2026-10-02T07:00:10.000Z,40.0,2026-10-02,2026-03-27,Closed,Expired,Street Space,SSP-26-01274,012Ps000005citCIAQ,parking,1273 JACKSON  ST,2026-04-02,2026-10-02T07:00:11.000Z,4.0,2026-10-01,2026-04-02,Not Enforceable
JMB CONSTRUCTION INC,2026-03-25T23:29:15.000Z,2026-09-29,a10Ps00000HfN6vIAF,0058b00000GAFCDAA5,2026-09-30T07:00:34.000Z,160.0,2026-09-30,2026-03-30,Closed,Expired,Street Space,SSP-26-01285,012Ps000005citCIAQ,Construction Access,231 CHANNEL,2026-03-30,2026-09-30T07:00:35.000Z,9.0,2026-09-29,2026-03-30,Not Enforceable
LEWIS ROBERT B,2026-03-26T00:04:33.000Z,2026-10-05,a10Ps00000HfRDlIAN,005Ps00000LDnoPIAT,2026-09-30T14:47:52.000Z,,2026-10-06,2026-04-02,Active,Active,Street Space,SSP-26-01287,012Ps000005citCIAQ,construction parking,1170 SACRAMENTO  ST,2026-04-06,2026-09-30T14:47:52.000Z,4.0,2026-10-05,2026-04-06,Enforceable
CLAYTON TIMBRELL & CO,2026-03-26T20:59:14.000Z,2026-09-29,a10Ps00000HjDybIAF,0058b00000GAFCDAA5,2026-09-30T07:00:34.000Z,40.0,2026-09-30,2026-03-27,Closed,Expired,Street Space,SSP-26-01303,012Ps000005citCIAQ,loading/unloading of materials and staging of equipment,2 LAUREL  ST,2026-03-30,2026-09-30T07:00:36.000Z,3.0,2026-09-29,2026-03-30,Not Enforceable
"RCP CONSTRUCTION, LLC",2026-03-26T23:36:51.000Z,2026-10-05,a10Ps00000HjbRRIAZ,005Ps00000LEF6MIAX,2026-04-07T23:09:45.000Z,50.0,2026-10-06,2026-03-30,Active,Active,Street Space,SSP-26-01310,012Ps000005citCIAQ,Construction parking & deliveries,750 EL CAMINO DEL MAR,2026-04-06,2026-09-30T07:30:04.000Z,4.0,2026-10-05,2026-04-06,Enforceable
,2026-03-27T03:30:55.000Z,2026-09-28,a10Ps00000HjuttIAB,0058b00000GAFCDAA5,2026-09-29T07:16:46.000Z,24.0,2026-09-29,2026-03-27,Closed,Expired,Street Space,SSP-26-01312,012Ps000005citCIAQ,Construction Project,1528 HUDSON  AVE,2026-03-29,2026-09-29T07:16:53.000Z,3.0,2026-09-28,2026-03-29,Not Enforceable
ZM BUILDERS INC,2026-03-27T19:20:13.000Z,2026-09-30,a10Ps00000Hn9y1IAB,0058b00000GAFCDAA5,2026-10-01T07:00:15.000Z,5.0,2026-10-01,2026-03-27,Closed,Expired,Street Space,SSP-26-01324,012Ps000005citCIAQ,BPA - Construction Staging,474 VALLEY  ST,2026-04-01,2026-10-01T07:00:15.000Z,2.0,2026-09-30,2026-04-01,Not Enforceable
,2026-03-27T19:51:20.000Z,2026-09-29,a10Ps00000HnGbJIAV,0058b00000GAFCDAA5,2026-09-30T07:00:34.000Z,20.0,2026-09-30,2026-04-14,Closed,Expired,Street Space,SSP-26-01328,012Ps000005citCIAQ,parking,363 PARK  ST,2026-03-31,2026-09-30T07:00:36.000Z,2.0,2026-09-29,2026-03-31,Not Enforceable
BRAN CONSTRUCTION INC,2026-03-27T22:08:58.000Z,2027-01-31,a10Ps00000Hnc0jIAB,0058b00000GAFCDAA5,2026-09-07T17:03:02.000Z,25.0,2027-02-01,2026-09-07,Tow Sign Photo,Awaiting Applicant Info,Street Space,SSP-26-01335,012Ps000005citCIAQ,Street Improvement 25IE-00485 & 25MSE-00310,3864 25TH  ST,2026-08-01,2026-09-07T17:03:54.000Z,3.0,2027-01-31,2026-08-01,Not Enforceable
"KINGDOM AK, LLC",2026-03-30T16:35:36.000Z,2026-10-19,a10Ps00000HuRtNIAV,005Ps00000Ix88rIAB,2026-04-16T22:36:55.000Z,434.0,2026-10-20,2026-04-16,Tow Sign Photo,Awaiting Applicant Info,Street Space,SSP-26-01355,012Ps000005citCIAQ,"New construction, affordable housing",1123 SUTTER  ST,2026-04-20,2026-04-16T22:36:55.000Z,25.0,2026-10-19,2026-04-20,Not Enforceable
CRONIN CONSTRUCTION &DEVLP INC,2026-03-30T16:35:57.000Z,2026-09-30,a10Ps00000HuS9VIAV,0058b00000GAFCDAA5,2026-10-01T07:00:15.000Z,20.0,2026-10-01,2026-03-30,Closed,Expired,Street Space,SSP-26-01356,012Ps000005citCIAQ,Debris removal,3226 18TH  ST,2026-04-01,2026-10-01T07:00:16.000Z,2.0,2026-09-30,2026-04-01,Not Enforceable
PLANT CONSTRUCTION COMPANY LP,2026-03-30T18:22:54.000Z,2026-10-02,a10Ps00000HuxLOIAZ,0058b00000GAFCDAA5,2026-10-03T07:00:32.000Z,109.0,2026-10-03,2026-04-06,Closed,Expired,Street Space,SSP-26-01362,012Ps000005citCIAQ,"***3 metered parking spaces included for six months.

The Applicant/Permittee shall comply with all existing traffic controls and parking restrictions. The stopping, standing, or parking of a vehicle within 20 feet of the vehicle approach side of any unmarked or marked crosswalk or 15 feet of any crosswalk where a curb extension is present is prohibited. For more information, please visit SFMTA.com/Daylighting.

If there is a StreetSpace conflict, the Applicant shall coordinate with the other group. 

Permit Holder shall coordinate with other jurisdictional City Agencies (SFMTA, Bureau of Urban Forestry, etc.) if further coordination is required associated to project scope of work.

A minimum four (4) foot wide in residential areas and a minimum of six (6) feet wide in commercial areas of clear pedestrian walkway must be maintained at all times.",100 COLUMBUS  AVE,2026-04-03,2026-10-03T07:00:33.000Z,7.0,2026-10-02,2026-04-03,Not Enforceable
G-CORE ENGINEERING,2026-03-30T21:48:11.000Z,2026-10-02,a10Ps00000HxSuXIAV,0058b00000GAFCDAA5,2026-10-03T07:00:32.000Z,98.0,2026-10-03,2026-03-30,Closed,Expired,Street Space,SSP-26-01373,012Ps000005citCIAQ,Construction parking,6001 CALIFORNIA  ST,2026-04-03,2026-10-03T07:00:34.000Z,8.0,2026-10-02,2026-04-03,Not Enforceable
EDRI CONSTRUCTION INC,2026-03-30T22:23:57.000Z,2026-10-02,a10Ps00000HxXPZIA3,0058b00000GAFCDAA5,2026-10-03T07:00:32.000Z,20.0,2026-10-03,2026-03-31,Closed,Expired,Street Space,SSP-26-01374,012Ps000005citCIAQ,PARKING,158 15TH  AVE,2026-04-03,2026-10-03T07:00:34.000Z,2.0,2026-10-02,2026-04-03,Not Enforceable
WU DONALD,2026-03-30T22:30:47.000Z,2026-10-03,a10Ps00000HxYLdIAN,0058b00000GAFCDAA5,2026-10-04T07:00:14.000Z,20.0,2026-10-04,2026-03-30,Closed,Expired,Street Space,SSP-26-01376,012Ps000005citCIAQ,Parking,2150 HYDE  ST,2026-04-04,2026-10-04T07:00:14.000Z,2.0,2026-10-03,2026-04-04,Not Enforceable
ALP CONSTRUCTION & PAINTING INC,2026-03-30T22:53:51.000Z,2026-10-12,a10Ps00000HxbY1IAJ,0058b00000GAFCDAA5,2026-03-31T15:51:49.000Z,20.0,2026-10-13,2026-03-31,Tow Sign Photo,Awaiting Applicant Info,Street Space,SSP-26-01378,012Ps000005citCIAQ,Scaffolding needs to be intalled to remove and replace the stucco per the permit.,700 ILLINOIS  ST,2026-04-13,2026-03-31T15:51:49.000Z,2.0,2026-10-12,2026-04-13,Not Enforceable
2K BUILDERS LLC,2026-03-31T18:08:09.000Z,2026-10-05,a10Ps00000I2y7NIAR,005Ps00000LqVEvIAN,2026-09-14T17:28:55.000Z,25.0,2026-10-06,2026-04-01,Active,Active,Street Space,SSP-26-01389,012Ps000005citCIAQ,Parking and or material drop off,2132 PINE  ST,2026-04-06,2026-09-14T17:28:55.000Z,3.0,2026-10-05,2026-04-06,Enforceable
JETTON CONSTRUCTION,2026-03-31T19:51:28.000Z,2026-10-06,a10Ps00000I3SDWIA3,0058b00000GAFCDAA5,2026-03-31T20:21:55.000Z,20.0,2026-10-07,2026-03-31,Tow Sign Photo,Awaiting Applicant Info,Street Space,SSP-26-01393,012Ps000005citCIAQ,Construction parking for permit #202601083458,3124 CLAY  ST,2026-04-07,2026-10-01T07:30:08.000Z,2.0,2026-10-06,2026-04-07,Not Enforceable
URBNBUILD INC.,2026-03-31T22:13:01.000Z,2026-10-07,a10Ps00000I4S4zIAF,0058b00000GAFCDAA5,2026-04-01T22:03:18.000Z,20.0,2026-10-08,2026-04-01,Tow Sign Photo,Awaiting Applicant Info,Street Space,SSP-26-01400,012Ps000005citCIAQ,"loading and unloading, sub work",206 ANDOVER  ST,2026-04-08,2026-10-02T07:30:04.000Z,2.0,2026-10-07,2026-04-08,Not Enforceable
MOROSO CONSTRUCTION INC,2026-03-31T22:20:24.000Z,2026-10-06,a10Ps00000I4SszIAF,005Ps00000MNF05IAH,2026-09-22T16:53:06.000Z,132.0,2026-10-07,2026-04-06,Active,Active,Street Space,SSP-26-01401,012Ps000005citCIAQ,"Contractor parking, delivery zone, debris bin placement",101 WALNUT  ST,2026-04-07,2026-09-22T16:53:06.000Z,9.0,2026-10-06,2026-04-07,Enforceable
BATES TAMARA,2026-04-01T14:44:54.000Z,2026-10-05,a10Ps00000I7aHJIAZ,005Ps00000LEF6MIAX,2026-08-11T15:52:38.000Z,37.0,2026-10-06,2026-04-01,Final Review,Awaiting Applicant Info,Street Space,SSP-26-01414,012Ps000005citCIAQ,BPA - Construction Staging,1170 SACRAMENTO  ST,2026-04-06,2026-09-30T07:30:03.000Z,3.0,2026-10-05,2026-04-06,Not Enforceable
CREGGAN CONSTRUCTION INC,2026-04-01T18:43:07.000Z,2026-10-05,a10Ps00000I94y5IAB,005Ps00000LvtRuIAJ,2026-10-04T23:50:51.000Z,20.0,2026-10-06,2026-04-01,Tow Sign Photo,Awaiting Applicant Info,Street Space,SSP-26-01423,012Ps000005citCIAQ,jobsite parking,117 FAIR OAKS  ST,2026-04-06,2026-10-04T23:50:51.000Z,2.0,2026-10-05,2026-04-06,Not Enforceable
"CHRISTOPHER GATE CONSTRUCTION, INC",2026-04-02T15:45:56.000Z,2026-10-05,a10Ps00000IERyrIAH,005Ps00000SA1h4IAD,2026-10-01T20:55:00.000Z,20.0,2026-10-06,2026-04-02,Active,Active,Street Space,SSP-26-01435,012Ps000005citCIAQ,Construction Parking,601 ORTEGA  ST,2026-04-06,2026-10-01T20:55:00.000Z,2.0,2026-10-05,2026-04-06,Enforceable
,2026-04-02T16:36:13.000Z,2026-10-07,a10Ps00000IEgoDIAT,0058b00000GAFCDAA5,2026-04-06T16:15:39.000Z,30.0,2026-10-08,2026-04-06,Tow Sign Photo,Awaiting Applicant Info,Street Space,SSP-26-01438,012Ps000005citCIAQ,Parking for Construction Vehicles,1358 SOUTH VAN NESS  AVE,2026-04-08,2026-10-02T07:30:05.000Z,3.0,2026-10-07,2026-04-08,Not Enforceable
GILLIES DAN CONSTRUCTION SRVCS,2026-04-02T17:38:37.000Z,2026-10-05,a10Ps00000IExAjIAL,005Ps00000LEF6MIAX,2026-04-29T15:57:40.000Z,25.0,2026-10-06,2026-04-02,Active,Active,Street Space,SSP-26-01440,012Ps000005citCIAQ,Placement of one 20-yard debris box in the parking lane for construction debris removal at 35 Valley Street. Can park 1 vehicle in driveway.,35 VALLEY  ST,2026-04-06,2026-09-30T07:30:03.000Z,3.0,2026-10-05,2026-04-06,Enforceable
PETER LIU CONSTRUCTION INC,2026-04-02T17:47:47.000Z,2026-10-19,a10Ps00000IEzhBIAT,005Ps00000IzZePIAV,2026-04-21T16:16:17.000Z,40.0,2026-10-20,2026-04-02,Active,Active,Street Space,SSP-26-01441,012Ps000005citCIAQ,Construction Parking,1455 SACRAMENTO  ST,2026-04-20,2026-04-21T16:16:17.000Z,3.0,2026-10-19,2026-04-20,Enforceable
BLACK MOUNTAIN DEVELOPMENT,2026-04-02T18:48:37.000Z,2026-10-06,a10Ps00000IFHCfIAP,005Ps00000Lztl3IAB,2026-10-01T17:36:16.000Z,20.0,2026-10-07,2026-04-02,Tow Sign Photo,Awaiting Applicant Info,Street Space,SSP-26-01446,012Ps000005citCIAQ,BPA - Construction Staging,2912 PACIFIC  AVE,2026-04-07,2026-10-01T17:36:16.000Z,2.0,2026-10-06,2026-04-07,Not Enforceable
"KWAN CHOK KEE, INC",2026-04-03T16:44:01.000Z,2026-10-09,a10Ps00000IKHgfIAH,005Ps00000LEF6MIAX,2026-04-03T20:53:33.000Z,20.0,2026-10-10,2026-04-03,Active,Active,Street Space,SSP-26-01478,012Ps000005citCIAQ,Building Construction,36 MANOR  DR,2026-04-10,2026-10-04T07:30:05.000Z,2.0,2026-10-09,2026-04-10,Enforceable
FORMA CONSTRUCTION INC,2026-04-03T18:26:34.000Z,2026-10-09,a10Ps00000IKxzFIAT,005Ps00000Iz73wIAB,2026-04-09T20:20:53.000Z,60.0,2026-10-10,2026-04-06,Tow Sign Photo,Awaiting Applicant Info,Street Space,SSP-26-01481,012Ps000005citCIAQ,Construction Parking,710 EL CAMINO DEL MAR,2026-04-10,2026-10-04T07:30:05.000Z,4.0,2026-10-09,2026-04-10,Not Enforceable
MY MY LY,2026-04-03T20:35:35.000Z,2026-10-06,a10Ps00000ILHrWIAX,005Ps00000J8ZTuIAN,2026-10-01T16:33:00.000Z,20.0,2026-10-07,2026-04-03,Tow Sign Photo,Awaiting Applicant Info,Street Space,SSP-26-01485,012Ps000005citCIAQ,Construction parking,1546 22ND  AVE,2026-04-07,2026-10-01T16:33:00.000Z,2.0,2026-10-06,2026-04-07,Not Enforceable
KEANEY BERNARD P,2026-04-06T16:15:00.000Z,2026-10-09,a10Ps00000ITSudIAH,0058b00000GAFCDAA5,2026-04-06T17:14:45.000Z,20.0,2026-10-10,2026-04-06,Tow Sign Photo,Awaiting Applicant Info,Street Space,SSP-26-01501,012Ps000005citCIAQ,BACKYARD ADDITION,314 HALE  ST,2026-04-10,2026-10-04T07:30:05.000Z,2.0,2026-10-09,2026-04-10,Not Enforceable
MASTERFUL CONSTRUCTION INC,2026-04-06T16:51:23.000Z,2026-10-09,a10Ps00000ITIX5IAP,0058b00000GAFCDAA5,2026-04-06T17:35:13.000Z,20.0,2026-10-10,2026-04-06,Tow Sign Photo,Awaiting Applicant Info,Street Space,SSP-26-01503,012Ps000005citCIAQ,electric and plumbing work,258 12TH  AVE,2026-04-10,2026-10-04T07:30:04.000Z,2.0,2026-10-09,2026-04-10,Not Enforceable
"ADVANCE CONSTRUCTION TECHNOLOGY, INC",2026-04-06T17:33:31.000Z,2026-10-09,a10Ps00000ITtRlIAL,0058b00000GAFCDAA5,2026-04-06T18:26:13.000Z,83.0,2026-10-10,2026-04-06,Tow Sign Photo,Awaiting Applicant Info,Street Space,SSP-26-01506,012Ps000005citCIAQ,Parking and scaffolding,1731 POWELL  ST,2026-04-10,2026-10-04T07:30:05.000Z,7.0,2026-10-09,2026-04-10,Not Enforceable
,2026-04-06T23:27:14.000Z,2026-10-09,a10Ps00000IVYkfIAH,005Ps00000MA4VVIA1,2026-09-29T18:24:36.000Z,20.0,2026-10-10,2026-04-06,Active,Active,Street Space,SSP-26-01530,012Ps000005citCIAQ,BPA - Construction Staging,506 11TH  AVE,2026-04-10,2026-09-29T18:24:36.000Z,2.0,2026-10-09,2026-04-10,Enforceable
CLAYTON TIMBRELL & CO,2026-04-06T23:40:01.000Z,2026-10-12,a10Ps00000IW2HFIA1,005Ps00000LEF6MIAX,2026-04-17T20:50:17.000Z,20.0,2026-10-13,2026-04-10,Active,Active,Street Space,SSP-26-01531,012Ps000005citCIAQ,loading/unloading of materials and staging of equipment,2714 BROADWAY,2026-04-13,2026-04-17T20:50:17.000Z,2.0,2026-10-12,2026-04-13,Enforceable
SF DESIGN SOLUTIONS INC.,2026-04-07T17:39:10.000Z,2026-10-26,a10Ps00000Ib2QHIAZ,005Ps00000LEF6MIAX,2026-05-04T15:10:35.000Z,20.0,2026-10-27,2026-04-17,Active,Active,Street Space,SSP-26-01542,012Ps000005citCIAQ,"Construction Parking, loading and unloading",962 KEY  AVE,2026-04-27,2026-05-04T15:10:35.000Z,2.0,2026-10-26,2026-04-27,Enforceable
,2026-04-07T18:56:27.000Z,2026-10-12,a10Ps00000IbNCzIAN,005Ps00000IzZePIAV,2026-05-07T00:17:38.000Z,24.0,2026-10-13,2026-04-07,Active,Active,Street Space,SSP-26-01543,012Ps000005citCIAQ,Construction parking,1824 GREEN  ST,2026-04-13,2026-05-07T00:17:38.000Z,3.0,2026-10-12,2026-04-13,Enforceable
VAN ACKER CONSTRUCTION ASSOC,2026-04-07T23:04:00.000Z,2026-10-16,a10Ps00000IceEzIAJ,005Ps00000IzZePIAV,2026-05-19T23:56:53.000Z,80.0,2026-10-17,2026-04-16,Active,Active,Street Space,SSP-26-01547,012Ps000005citCIAQ,loading/unloading of materials and staging of equipment,2828 VALLEJO  ST,2026-04-17,2026-05-19T23:56:53.000Z,5.0,2026-10-16,2026-04-17,Enforceable
W L BUTLER CONSTRUCTION INC,2026-04-08T15:22:09.000Z,2026-10-19,a10Ps00000Ih3JeIAJ,005Ps00000MFMOXIA5,2026-09-30T15:08:41.000Z,40.0,2026-10-20,2026-04-08,Active,Active,Street Space,SSP-26-01553,012Ps000005citCIAQ,"Encroachment into the city  sidewalk to stage temp construction fencing, debris box and porta-potties.",33 BANBURY  DR,2026-04-20,2026-09-30T15:08:41.000Z,3.0,2026-10-19,2026-04-20,Enforceable
"ANNADEL BUILDERS, INC.",2026-04-08T18:56:41.000Z,2026-10-12,a10Ps00000IiXltIAF,0058b00000GAFCDAA5,2026-04-08T19:12:31.000Z,20.0,2026-10-13,2026-04-08,Tow Sign Photo,Awaiting Applicant Info,Street Space,SSP-26-01562,012Ps000005citCIAQ,Debris Box,45 GLENBROOK  AVE,2026-04-13,2026-04-08T19:12:31.000Z,2.0,2026-10-12,2026-04-13,Not Enforceable
SAN FRANCISCO DEVELOPERS INC,2026-04-08T20:46:03.000Z,2026-10-12,a10Ps00000Ij2cnIAB,0058b00000GAFCDAA5,2026-04-08T21:18:38.000Z,20.0,2026-10-13,2026-04-08,Tow Sign Photo,Awaiting Applicant Info,Street Space,SSP-26-01570,012Ps000005citCIAQ,Renewing street space,3740 SACRAMENTO  ST,2026-04-13,2026-04-08T21:18:38.000Z,2.0,2026-10-12,2026-04-13,Not Enforceable
,2026-04-08T22:56:38.000Z,2026-10-12,a10Ps00000IjPmHIAV,0058b00000GAFCDAA5,2026-04-10T20:57:45.000Z,20.0,2026-10-13,2026-04-10,Tow Sign Photo,Awaiting Applicant Info,Street Space,SSP-26-01577,012Ps000005citCIAQ,Parking and staging,1060 FULTON  ST,2026-04-13,2026-04-10T21:02:47.000Z,2.0,2026-10-12,2026-04-13,Not Enforceable
SKYLINE COMMERCIAL INT INC,2026-04-09T16:17:20.000Z,2026-10-12,a10Ps00000InM8HIAV,005Ps00000LEF6MIAX,2026-07-30T18:29:25.000Z,220.0,2026-10-13,2026-04-14,Active,Active,Street Space,SSP-26-01593,012Ps000005citCIAQ,"Job site trailer, stair scaffolding to the roof, and laydown area.",301 TOLAND  ST,2026-04-13,2026-07-30T18:29:25.000Z,12.0,2026-10-12,2026-04-13,Enforceable
DEVLIN/MCNALLY CONSTRUCTION,2026-04-09T19:08:16.000Z,2026-10-14,a10Ps00000IoiebIAB,005Ps00000LEF6MIAX,2026-05-14T16:27:28.000Z,25.0,2026-10-15,2026-04-09,Active,Active,Street Space,SSP-26-01600,012Ps000005citCIAQ,street space to support construction activities,42 CLIPPER  ST,2026-04-15,2026-05-14T16:27:28.000Z,3.0,2026-10-14,2026-04-15,Enforceable
LUM KAREN,2026-04-09T20:31:02.000Z,2026-10-12,a10Ps00000IoLwYIAV,005Ps00000IzXSvIAN,2026-08-06T22:26:18.000Z,25.0,2026-10-13,2026-04-09,Final Review,Awaiting Applicant Info,Street Space,SSP-26-01604,012Ps000005citCIAQ,Parking,1633 CABRILLO  ST,2026-04-13,2026-08-06T22:26:18.000Z,3.0,2026-10-12,2026-04-13,Not Enforceable
HEISLER ROD,2026-04-10T20:45:40.000Z,2026-10-13,a10Ps00000IuoUPIAZ,005Ps00000LEF6MIAX,2026-05-01T17:02:04.000Z,140.0,2026-10-14,2026-04-22,Active,Active,Street Space,SSP-26-01628,012Ps000005citCIAQ,"Dump Trucks, Dumpsters, Construction vehicle parking",3001 PACIFIC  AVE,2026-04-14,2026-05-01T17:02:04.000Z,9.0,2026-10-13,2026-04-14,Enforceable
"ACTUALLY DESIGN BUILD, INC.",2026-04-13T17:41:33.000Z,2026-10-16,a10Ps00000J2QujIAF,005Ps00000LEF6MIAX,2026-04-16T19:49:10.000Z,20.0,2026-10-17,2026-04-13,Active,Active,Street Space,SSP-26-01657,012Ps000005citCIAQ,Parking,1262 46TH  AVE,2026-04-17,2026-04-16T19:49:10.000Z,2.0,2026-10-16,2026-04-17,Enforceable
GARY BELL & ASSOCIATES INC,2026-04-13T18:07:49.000Z,2026-10-16,a10Ps00000J1ureIAB,0058b00000GAFCDAA5,2026-04-13T22:51:13.000Z,55.0,2026-10-17,2026-04-13,Tow Sign Photo,Awaiting Applicant Info,Street Space,SSP-26-01661,012Ps000005citCIAQ,Renewing existing street space permit for ongoing construction project.,2840 BROADWAY,2026-04-17,2026-04-13T22:51:13.000Z,4.0,2026-10-16,2026-04-17,Not Enforceable
COGENT LLC,2026-04-13T20:27:26.000Z,2026-10-16,a10Ps00000J3QPdIAN,005Ps00000IzZePIAV,2026-04-17T23:28:08.000Z,20.0,2026-10-17,2026-04-13,Active,Active,Street Space,SSP-26-01670,012Ps000005citCIAQ,parking,1210 STANYAN  ST,2026-04-17,2026-04-17T23:28:08.000Z,2.0,2026-10-16,2026-04-17,Enforceable
THE TOBONI GROUP LLC,2026-04-14T18:22:23.000Z,2026-10-19,a10Ps00000JFnrtIAD,0058b00000GAFCDAA5,2026-04-14T22:34:47.000Z,40.0,2026-10-20,2026-04-14,Tow Sign Photo,Awaiting Applicant Info,Street Space,SSP-26-01707,012Ps000005citCIAQ,"Parking, Deliveries for Material",2855 PACIFIC  AVE,2026-04-20,2026-04-14T22:34:47.000Z,3.0,2026-10-19,2026-04-20,Not Enforceable
FORMA CONSTRUCTION INC,2026-04-14T18:29:13.000Z,2026-10-19,a10Ps00000JFjpuIAD,0058b00000GAFCDAA5,2026-04-15T17:19:46.000Z,20.0,2026-10-20,2026-04-15,Tow Sign Photo,Awaiting Applicant Info,Street Space,SSP-26-01708,012Ps000005citCIAQ,Parking for contractors working on repair work,840 UNION  ST,2026-04-20,2026-04-15T17:24:53.000Z,2.0,2026-10-19,2026-04-20,Not Enforceable
EE CONTRACTORS INC,2026-04-14T23:37:20.000Z,2026-10-17,a10Ps00000JINWHIA5,005Ps00000LEF6MIAX,2026-04-20T16:53:27.000Z,40.0,2026-10-18,2026-04-15,Final Review,Awaiting Applicant Info,Street Space,SSP-26-01728,012Ps000005citCIAQ,Staging of vehicles and materials necessary for construction.,72 HARPER  ST,2026-04-18,2026-04-20T16:53:27.000Z,3.0,2026-10-17,2026-04-18,Not Enforceable
BAY METRO CORPORATION,2026-04-15T17:09:08.000Z,2026-10-20,a10Ps00000JPNg1IAH,005Ps00000IzZePIAV,2026-05-04T22:05:35.000Z,20.0,2026-10-21,2026-04-15,Active,Active,Street Space,SSP-26-01734,012Ps000005citCIAQ,for work fire damage,255 NIAGARA  AVE,2026-04-21,2026-05-04T22:05:35.000Z,2.0,2026-10-20,2026-04-21,Enforceable
UPSCALE CONSTRUCTION INC,2026-04-15T20:24:37.000Z,2026-10-19,a10Ps00000JSRTlIAP,005Ps00000IzZePIAV,2026-05-06T20:34:48.000Z,100.0,2026-10-20,2026-04-16,Active,Active,Street Space,SSP-26-01741,012Ps000005citCIAQ,BPA - Construction Staging,1940 BROADWAY,2026-04-20,2026-05-06T20:34:48.000Z,6.0,2026-10-19,2026-04-20,Enforceable
MOROSO CONSTRUCTION INC,2026-04-15T20:42:08.000Z,2026-11-03,a10Ps00000JSVltIAH,0058b00000GAFCDAA5,2026-04-17T19:48:55.000Z,60.0,2026-11-04,2026-04-17,Tow Sign Photo,Awaiting Applicant Info,Street Space,SSP-26-01742,012Ps000005citCIAQ,BPA - Construction Staging,2790 BROADWAY,2026-05-04,2026-04-17T19:54:49.000Z,4.0,2026-11-03,2026-05-04,Not Enforceable
ELEVEN ENGINEERING INC,2026-04-15T20:51:26.000Z,2026-10-26,a10Ps00000JSXfdIAH,0058b00000GAFCDAA5,2026-04-16T04:17:13.000Z,20.0,2026-10-27,2026-04-15,Tow Sign Photo,Awaiting Applicant Info,Street Space,SSP-26-01743,012Ps000005citCIAQ,BPA - Construction Staging,1521 BEACH  ST,2026-04-27,2026-04-16T04:17:13.000Z,2.0,2026-10-26,2026-04-27,Not Enforceable
ALDER CONSTRUCTION CA,2026-04-16T16:47:50.000Z,2026-12-06,a10Ps00000Ja08DIAR,0058b00000GAFCDAA5,2026-04-16T17:14:09.000Z,20.0,2026-12-07,2026-04-16,Tow Sign Photo,Awaiting Applicant Info,Street Space,SSP-26-01754,012Ps000005citCIAQ,Home remodeling,2122 34TH  AVE,2026-06-07,2026-04-16T17:14:09.000Z,2.0,2026-12-06,2026-06-07,Not Enforceable
CELLO & MAUDRU CONST CO INC,2026-04-16T17:39:49.000Z,2026-10-27,a10Ps00000JaDv3IAF,005Ps00000LEF6MIAX,2026-04-28T15:14:22.000Z,119.0,2026-10-28,2026-04-22,Active,Active,Street Space,SSP-26-01758,012Ps000005citCIAQ,"Add perimeter scaffolding to residence. On West side (Cherry Street) of residence scaffolding to occupy a portion, less than 50%, of the existing sidewalk.",3898 WASHINGTON  ST,2026-04-28,2026-04-28T15:14:22.000Z,7.0,2026-10-27,2026-04-28,Enforceable
,2026-04-16T19:58:59.000Z,2026-11-10,a10Ps00000JbNYzIAN,005Ps00000IzZePIAV,2026-05-06T19:20:16.000Z,25.0,2026-11-11,2026-04-16,Active,Active,Street Space,SSP-26-01770,012Ps000005citCIAQ,Contractor Parking and Unloading,15 CARMEL  ST,2026-05-11,2026-05-06T19:20:16.000Z,3.0,2026-11-10,2026-05-11,Enforceable
MIZEN CONSTRUCTION INC,2026-04-16T21:19:23.000Z,2026-10-19,a10Ps00000JcFvxIAF,005Ps00000LEF6MIAX,2026-07-01T18:43:24.000Z,20.0,2026-10-20,2026-04-17,Active,Active,Street Space,SSP-26-01775,012Ps000005citCIAQ,Parking for contractor and/or subcontractors,212 VALLEY  ST,2026-04-20,2026-07-01T18:43:24.000Z,2.0,2026-10-19,2026-04-20,Enforceable
AT-SIX DESIGN BUILD,2026-04-17T16:15:07.000Z,2026-10-26,a10Ps00000Ji4rNIAR,0058b00000GAFCDAA5,2026-04-17T20:22:08.000Z,20.0,2026-10-27,2026-04-17,Tow Sign Photo,Awaiting Applicant Info,Street Space,SSP-26-01781,012Ps000005citCIAQ,loading & unloading during construction,539 NOE  ST,2026-04-27,2026-04-17T20:22:08.000Z,2.0,2026-10-26,2026-04-27,Not Enforceable
FORMA CONSTRUCTION INC,2026-04-17T19:27:06.000Z,2026-10-21,a10Ps00000Jk2K1IAJ,0058b00000GAFCDAA5,2026-04-20T21:23:40.000Z,25.0,2026-10-22,2026-04-20,Tow Sign Photo,Awaiting Applicant Info,Street Space,SSP-26-01796,012Ps000005citCIAQ,Construction Parking,119 26TH  AVE,2026-04-22,2026-04-20T21:23:40.000Z,3.0,2026-10-21,2026-04-22,Not Enforceable
LOUIS PTAK CONSTRUCTION INC,2026-04-20T17:53:04.000Z,2026-10-23,a10Ps00000Jx268IAB,005Ps00000IzZePIAV,2026-05-20T16:18:08.000Z,38.0,2026-10-24,2026-04-22,Active,Active,Street Space,SSP-26-01827,012Ps000005citCIAQ,"Parking cars for access, loading/unloading and staging equipment",3323 PACIFIC  AVE,2026-04-24,2026-05-20T16:18:08.000Z,3.0,2026-10-23,2026-04-24,Enforceable
SAN FRANCISCO DEVELOPERS INC,2026-04-20T22:42:03.000Z,2026-10-23,a10Ps00000Jyv0TIAR,0058b00000GAFCDAA5,2026-04-21T17:10:34.000Z,20.0,2026-10-24,2026-04-21,Tow Sign Photo,Awaiting Applicant Info,Street Space,SSP-26-01845,012Ps000005citCIAQ,Street Space reserved during work,919 FELL  ST,2026-04-24,2026-04-21T17:10:34.000Z,2.0,2026-10-23,2026-04-24,Not Enforceable
"DESLIERRES & HALPERIN CONSTR., INC.",2026-04-21T17:35:09.000Z,2026-11-03,a10Ps00000K3565IAB,005Ps00000LEF6MIAX,2026-04-30T17:56:53.000Z,110.0,2026-11-04,2026-04-23,Active,Active,Street Space,SSP-26-01860,012Ps000005citCIAQ,"Scaffolding on sidewalk with pedestrian canopy, temporary deliveries, equipment unloading/loading during the day.",1035 VAN NESS  AVE,2026-05-04,2026-04-30T17:56:53.000Z,7.0,2026-11-03,2026-05-04,Enforceable
,2026-04-21T17:45:48.000Z,2026-10-26,a10Ps00000K382LIAR,005Ps00000LEF6MIAX,2026-07-15T18:05:25.000Z,20.0,2026-10-27,2026-04-21,Active,Active,Street Space,SSP-26-01861,012Ps000005citCIAQ,Construction parking,280 ROOSEVELT  WAY,2026-04-27,2026-07-15T18:05:25.000Z,2.0,2026-10-26,2026-04-27,Enforceable
CEJ CONSTRUCTION LLC,2026-04-21T18:28:21.000Z,2026-10-26,a10Ps00000K3KUvIAN,0058b00000GAFCDAA5,2026-04-21T18:51:54.000Z,20.0,2026-10-27,2026-04-21,Tow Sign Photo,Awaiting Applicant Info,Street Space,SSP-26-01862,012Ps000005citCIAQ,doing construction,134 02ND  AVE,2026-04-27,2026-04-21T18:51:54.000Z,2.0,2026-10-26,2026-04-27,Not Enforceable
INSPIRATION CONSTRUCTION INC,2026-04-21T19:12:09.000Z,2026-10-31,a10Ps00000K3XYbIAN,005Ps00000LEF6MIAX,2026-04-28T15:15:45.000Z,20.0,2026-11-01,2026-04-21,Active,Active,Street Space,SSP-26-01867,012Ps000005citCIAQ,Contractor parking,1424 ALABAMA  ST,2026-05-01,2026-04-28T15:15:45.000Z,2.0,2026-10-31,2026-05-01,Enforceable
BAY HOME REMODELING,2026-04-21T20:21:45.000Z,2026-10-26,a10Ps00000K47vRIAR,0058b00000GAFCDAA5,2026-04-27T17:09:15.000Z,25.0,2026-10-27,2026-04-27,Tow Sign Photo,Awaiting Applicant Info,Street Space,SSP-26-01873,012Ps000005citCIAQ,Parking for our trucks and equipments,3845 26TH  ST,2026-04-27,2026-04-27T17:15:02.000Z,3.0,2026-10-26,2026-04-27,Not Enforceable
STANLEY JOHN E,2026-04-21T21:47:53.000Z,2026-10-24,a10Ps00000K4iGfIAJ,005Ps00000IzZePIAV,2026-04-28T17:13:51.000Z,20.0,2026-10-25,2026-04-22,Active,Active,Street Space,SSP-26-01877,012Ps000005citCIAQ,loading and unloading of materials for a remodel job,2157 JACKSON  ST,2026-04-25,2026-04-28T17:13:51.000Z,2.0,2026-10-24,2026-04-25,Enforceable
"BARRON CONSTRUCTION, INC",2026-04-22T17:53:48.000Z,2026-10-25,a10Ps00000KC3EjIAL,0058b00000GAFCDAA5,2026-04-22T21:05:34.000Z,25.0,2026-10-26,2026-04-22,Tow Sign Photo,Awaiting Applicant Info,Street Space,SSP-26-01897,012Ps000005citCIAQ,DBI BPA – Construction Staging,600 ORTEGA  ST,2026-04-26,2026-04-22T21:05:34.000Z,3.0,2026-10-25,2026-04-26,Not Enforceable
ROBERT KENNEDY CONSTRUCTION INC,2026-04-22T19:09:31.000Z,2026-10-25,a10Ps00000KCNoaIAH,005Ps00000LEF6MIAX,2026-06-05T21:44:19.000Z,120.0,2026-10-26,2026-04-22,Active,Active,Street Space,SSP-26-01899,012Ps000005citCIAQ,"Construction Loading and Unloading Materials, Staging",2900 CLAY  ST,2026-04-26,2026-06-05T21:44:19.000Z,7.0,2026-10-25,2026-04-26,Enforceable
C H BURNHAM INC,2026-04-22T19:54:36.000Z,2026-10-26,a10Ps00000KC8xaIAD,005Ps00000LEF6MIAX,2026-04-30T15:28:52.000Z,20.0,2026-10-27,2026-04-22,Active,Active,Street Space,SSP-26-01902,012Ps000005citCIAQ,DBI BPA – Construction Staging,249 SANTA ROSA  AVE,2026-04-27,2026-04-30T15:28:52.000Z,2.0,2026-10-26,2026-04-27,Enforceable
ABACUS GROUP BUILDERS INC,2026-04-23T17:32:27.000Z,2026-10-30,a10Ps00000KHVVJIA5,005Ps00000LEF6MIAX,2026-04-28T15:03:41.000Z,35.0,2026-10-31,2026-04-24,Active,Active,Street Space,SSP-26-01923,012Ps000005citCIAQ,park landscape trucks,2525 WEBSTER  ST,2026-04-30,2026-04-28T15:03:41.000Z,3.0,2026-10-30,2026-04-30,Enforceable
CROWN CONSTRUCTION SF,2026-04-24T20:15:57.000Z,2026-10-30,a10Ps00000KNyUbIAL,005Ps00000LEF6MIAX,2026-06-02T17:03:01.000Z,20.0,2026-10-31,2026-04-27,Active,Active,Street Space,SSP-26-01958,012Ps000005citCIAQ,DBI BPA - Construction Staging,141 BUENA VISTA EAST AVE,2026-04-30,2026-06-02T17:03:01.000Z,2.0,2026-10-30,2026-04-30,Enforceable
,2026-04-24T20:46:41.000Z,2026-11-17,a10Ps00000KO4lJIAT,005Ps00000LEF6MIAX,2026-05-15T15:06:25.000Z,20.0,2026-11-18,2026-04-24,Active,Active,Street Space,SSP-26-01959,012Ps000005citCIAQ,Debis box & Construction parking,633 CHESTNUT  ST,2026-05-18,2026-05-15T15:06:25.000Z,2.0,2026-11-17,2026-05-18,Enforceable
,2026-04-24T21:07:53.000Z,2026-10-30,a10Ps00000KO8s9IAD,0058b00000GAFCDAA5,2026-04-24T21:22:41.000Z,20.0,2026-10-31,2026-04-24,Tow Sign Photo,Awaiting Applicant Info,Street Space,SSP-26-01961,012Ps000005citCIAQ,DBI BPA - Construction Staging,2755 HARRISON  ST,2026-04-30,2026-04-24T21:22:41.000Z,2.0,2026-10-30,2026-04-30,Not Enforceable
YEUNG CHI SUM,2026-04-27T23:10:49.000Z,2026-11-03,a10Ps00000KbbZlIAJ,005Ps00000IzZePIAV,2026-05-22T21:13:22.000Z,20.0,2026-11-04,2026-04-28,Active,Active,Street Space,SSP-26-01996,012Ps000005citCIAQ,Parking,436 EUREKA  ST,2026-05-04,2026-05-22T21:13:22.000Z,2.0,2026-11-03,2026-05-04,Enforceable
PLANT CONSTRUCTION COMPANY LP,2026-04-28T00:22:03.000Z,2026-11-03,a10Ps00000KbiwDIAR,0058b00000GAFCDAA5,2026-04-30T21:11:04.000Z,176.0,2026-11-04,2026-04-30,Tow Sign Photo,Awaiting Applicant Info,Street Space,SSP-26-02000,012Ps000005citCIAQ,Construction space,2270 MCKINNON  AVE,2026-05-04,2026-04-30T21:11:04.000Z,10.0,2026-11-03,2026-05-04,Not Enforceable
MCKEE CHARLES,2026-04-28T19:48:55.000Z,2026-11-01,a10Ps00000KiV7sIAF,005Ps00000IzZePIAV,2026-04-29T18:06:57.000Z,130.0,2026-11-02,2026-04-28,Active,Active,Street Space,SSP-26-02025,012Ps000005citCIAQ,Contractor parking,2000 WASHINGTON  ST,2026-05-02,2026-04-29T18:06:57.000Z,7.0,2026-11-01,2026-05-02,Enforceable
MCCOWAN BERRONES & COMPANY,2026-04-28T20:41:17.000Z,2026-11-03,a10Ps00000KjBevIAF,005Ps00000LEF6MIAX,2026-07-29T18:28:46.000Z,30.0,2026-11-04,2026-04-28,Active,Active,Street Space,SSP-26-02030,012Ps000005citCIAQ,Vehicle parking of on-site crew for remodel of residential property.,30 COMMONWEALTH  AVE,2026-05-04,2026-07-29T18:28:46.000Z,3.0,2026-11-03,2026-05-04,Enforceable
THE METICULOUS HANDYMAN LLC,2026-04-28T21:15:45.000Z,2026-10-04,a10Ps00000KjIJpIAN,005Ps00000Lw4f3IAB,2026-10-02T18:49:33.000Z,20.0,2026-10-05,2026-05-04,Active,Active,Street Space,SSP-26-02032,012Ps000005citCIAQ,Designated construction parking and portable toilet,57 ALPINE  TER,2026-05-05,2026-10-02T18:49:33.000Z,2.0,2026-10-04,2026-05-05,Enforceable
KEAVENEY CONSTRUCTION,2026-04-28T21:23:49.000Z,2026-11-06,a10Ps00000KjKALIA3,005Ps00000LEF6MIAX,2026-05-22T15:59:44.000Z,20.0,2026-11-07,2026-04-29,Active,Active,Street Space,SSP-26-02033,012Ps000005citCIAQ,Parking work trucks,1138 NOE  ST,2026-05-07,2026-05-22T15:59:44.000Z,4.0,2026-11-06,2026-05-07,Enforceable
BEN HARDY & COMPANY,2026-04-28T23:36:02.000Z,2026-11-12,a10Ps00000KjcgkIAB,0058b00000GAFCDAA5,2026-04-29T21:15:01.000Z,20.0,2026-11-13,2026-04-29,Tow Sign Photo,Awaiting Applicant Info,Street Space,SSP-26-02038,012Ps000005citCIAQ,Loading and unloading of construction project supplies and materials and contractor parking.,527 30TH  ST,2026-05-13,2026-04-29T21:15:01.000Z,2.0,2026-11-12,2026-05-13,Not Enforceable
ALV CONSTRUCTION INC,2026-04-29T08:16:47.000Z,2026-11-02,a10Ps00000KmMkHIAV,005Ps00000LEF6MIAX,2026-05-04T15:26:39.000Z,20.0,2026-11-03,2026-04-29,Active,Active,Street Space,SSP-26-02039,012Ps000005citCIAQ,Loading and unloading of materials,3424 24TH  ST,2026-05-03,2026-05-04T15:26:39.000Z,2.0,2026-11-02,2026-05-03,Enforceable
FASTNET ENG & CONST INC,2026-04-29T16:11:32.000Z,2026-11-02,a10Ps00000KpQ09IAF,0058b00000GAFCDAA5,2026-04-29T16:20:42.000Z,20.0,2026-11-03,2026-04-29,Tow Sign Photo,Awaiting Applicant Info,Street Space,SSP-26-02043,012Ps000005citCIAQ,construction parking,130 HAZELWOOD  AVE,2026-05-03,2026-04-29T16:20:42.000Z,2.0,2026-11-02,2026-05-03,Not Enforceable
PRINCIPAL BUILDERS INC,2026-04-29T22:07:53.000Z,2026-11-17,a10Ps00000KrtAvIAJ,0058b00000GNxprAAD,2026-08-17T16:55:42.000Z,100.0,2026-11-18,2026-05-15,Final Review,Awaiting Applicant Info,Street Space,SSP-26-02070,012Ps000005citCIAQ,"We intend to use this street space for debris box in June/July and for truck space for trades and loading and unloading materials starting on May 18, 2026. We are also hoping to have the space blocked off from May 2026 - October 2027.",847 FRONT  ST,2026-05-18,2026-08-17T16:55:42.000Z,6.0,2026-11-17,2026-05-18,Not Enforceable
QUALITY GENL CONSTRUCTION CO,2026-04-30T03:30:06.000Z,2026-11-03,a10Ps00000KsSS1IAN,0058b00000GAFCDAA5,2026-05-01T16:25:21.000Z,20.0,2026-11-04,2026-05-01,Tow Sign Photo,Awaiting Applicant Info,Street Space,SSP-26-02074,012Ps000005citCIAQ,parking and loading,1471 22ND  AVE,2026-05-04,2026-05-01T16:30:51.000Z,2.0,2026-11-03,2026-05-04,Not Enforceable
,2026-05-01T14:51:02.000Z,2026-11-13,a10Ps00000L0wazIAB,005Ps00000IzZePIAV,2026-05-14T21:08:44.000Z,30.0,2026-11-14,2026-05-01,Active,Active,Street Space,SSP-26-02104,012Ps000005citCIAQ,Construction Parking and loading,2540 CHESTNUT  ST,2026-05-14,2026-05-14T21:08:44.000Z,3.0,2026-11-13,2026-05-14,Enforceable
PLATH & CO INC,2026-05-01T19:04:12.000Z,2026-11-10,a10Ps00000L2abBIAR,005Ps00000LEF6MIAX,2026-06-24T15:54:58.000Z,77.0,2026-11-11,2026-05-05,Active,Active,Street Space,SSP-26-02111,012Ps000005citCIAQ,Parking,3828 JACKSON  ST,2026-05-11,2026-06-24T15:54:58.000Z,5.0,2026-11-10,2026-05-11,Enforceable
JEFF KING AND COMPANY INC,2026-05-01T23:46:57.000Z,2026-11-10,a10Ps00000L3xcAIAR,005Ps00000IzXSvIAN,2026-08-07T21:17:50.000Z,13.0,2026-11-11,2026-05-04,Active,Active,Street Space,SSP-26-02120,012Ps000005citCIAQ,Portable toilet//Handwashing station/Loading/Unloading/,525 HICKORY  ST,2026-05-11,2026-08-07T21:17:50.000Z,2.0,2026-11-10,2026-05-11,Enforceable
JEFF KING AND COMPANY INC,2026-05-01T23:55:16.000Z,2026-11-04,a10Ps00000L3vCAIAZ,005Ps00000IzXSvIAN,2026-08-07T21:18:59.000Z,13.0,2026-11-05,2026-05-04,Active,Active,Street Space,SSP-26-02121,012Ps000005citCIAQ,Portable Toilet/Handwashing Station/Loading/Unloading,529 HICKORY  ST,2026-05-05,2026-08-07T21:18:59.000Z,2.0,2026-11-04,2026-05-05,Enforceable
,2026-05-04T16:07:17.000Z,2026-11-20,a10Ps00000LBw9RIAT,005Ps00000IzZePIAV,2026-05-23T00:15:46.000Z,20.0,2026-11-21,2026-05-07,Active,Active,Street Space,SSP-26-02132,012Ps000005citCIAQ,20 linear feet parking,2722 FOLSOM  ST,2026-05-21,2026-05-23T00:15:46.000Z,2.0,2026-11-20,2026-05-21,Enforceable
,2026-05-04T17:38:52.000Z,2026-11-12,a10Ps00000LCjQHIA1,0058b00000GAFCDAA5,2026-05-11T02:03:46.000Z,20.0,2026-11-13,2026-05-10,Tow Sign Photo,Awaiting Applicant Info,Street Space,SSP-26-02138,012Ps000005citCIAQ,Parking for construction vehicles,104 11TH  AVE,2026-05-13,2026-05-11T02:04:03.000Z,2.0,2026-11-12,2026-05-13,Not Enforceable
REI BUILD UP CONSTRUCTION CORP,2026-05-04T18:34:57.000Z,2026-11-13,a10Ps00000LDHi8IAH,005Ps00000LEF6MIAX,2026-05-18T21:51:26.000Z,40.0,2026-11-14,2026-05-07,Active,Active,Street Space,SSP-26-02145,012Ps000005citCIAQ,Construction trucks,1347 SACRAMENTO  ST,2026-05-14,2026-05-18T21:51:26.000Z,3.0,2026-11-13,2026-05-14,Enforceable
DESIGN LINE CONSTRUCTION INC,2026-05-04T18:39:42.000Z,2026-12-14,a10Ps00000LDXoTIAX,005Ps00000LEF6MIAX,2026-06-26T20:39:01.000Z,20.0,2026-12-15,2026-05-04,Active,Active,Street Space,SSP-26-02146,012Ps000005citCIAQ,"Material loading/unloading, equipment staging, deliveries, subcontractor/contractor parking",1030 FRANCISCO  ST,2026-06-15,2026-06-26T20:39:01.000Z,2.0,2026-12-14,2026-06-15,Enforceable
"EAG STUDIO, INC.",2026-05-04T19:04:34.000Z,2026-11-10,a10Ps00000LDkvNIAT,005Ps00000LEF6MIAX,2026-08-03T22:02:10.000Z,25.0,2026-11-11,2026-05-12,Final Review,Awaiting Applicant Info,Street Space,SSP-26-02149,012Ps000005citCIAQ,Construction vehicle parking for tool/material/debris loading/unloading.,460 FAIR OAKS  ST,2026-05-11,2026-08-03T22:02:10.000Z,3.0,2026-11-10,2026-05-11,Not Enforceable
,2026-05-04T19:49:24.000Z,2026-11-07,a10Ps00000LE0LpIAL,0058b00000GAFCDAA5,2026-05-04T20:10:18.000Z,20.0,2026-11-08,2026-05-04,Tow Sign Photo,Awaiting Applicant Info,Street Space,SSP-26-02151,012Ps000005citCIAQ,DBI BPA - Construction Staging,1268 17TH  AVE,2026-05-08,2026-05-04T20:10:18.000Z,2.0,2026-11-07,2026-05-08,Not Enforceable
LE MIL'S,2026-05-04T20:26:33.000Z,2026-11-17,a10Ps00000LE8JNIA1,005Ps00000LEF6MIAX,2026-09-08T17:01:37.000Z,40.0,2026-11-18,2026-05-04,Final Review,Awaiting Applicant Info,Street Space,SSP-26-02157,012Ps000005citCIAQ,DBI BPA - Construction Staging,1330 POLK  ST,2026-05-18,2026-09-08T17:01:37.000Z,3.0,2026-11-17,2026-05-18,Not Enforceable
YONG HONG CONSTRUCTION INC,2026-05-04T20:51:47.000Z,2026-11-10,a10Ps00000LEEjlIAH,0058b00000GAFCDAA5,2026-05-04T22:48:20.000Z,20.0,2026-11-11,2026-05-04,Tow Sign Photo,Awaiting Applicant Info,Street Space,SSP-26-02160,012Ps000005citCIAQ,"Loading and unloading of building materials during construction,
Loading and unloading staging of equipment after construction",1642 31ST  AVE,2026-05-11,2026-05-04T22:48:20.000Z,2.0,2026-11-10,2026-05-11,Not Enforceable
YEFA CONSTRUCTION INC,2026-05-04T21:20:38.000Z,2026-09-21,a10Ps00000LEIc6IAH,0058b00000GAFCDAA5,2026-09-22T07:00:22.000Z,20.0,2026-09-22,2026-05-05,Closed,Expired,Street Space,SSP-26-02163,012Ps000005citCIAQ,"load and unload goods, construction use",2919 WEBSTER  ST,2026-05-22,2026-09-22T07:00:26.000Z,2.0,2026-09-21,2026-05-22,Not Enforceable
IDEAL BUILDERS,2026-05-04T22:06:38.000Z,2026-11-10,a10Ps00000LEnRNIA1,005Ps00000LEF6MIAX,2026-06-17T22:27:11.000Z,20.0,2026-11-11,2026-05-05,Active,Active,Street Space,SSP-26-02166,012Ps000005citCIAQ,"Porta potty,. Parking",1193 NOE  ST,2026-05-11,2026-06-17T22:27:11.000Z,2.0,2026-11-10,2026-05-11,Enforceable
THE TOBONI GROUP LLC,2026-05-05T16:38:56.000Z,2026-11-18,a10Ps00000LK9XhIAL,005Ps00000LEF6MIAX,2026-06-09T18:32:34.000Z,95.0,2026-11-19,2026-05-05,Active,Active,Street Space,SSP-26-02176,012Ps000005citCIAQ,"Deliveries, Material Delivery, Parking",1721 15TH  ST,2026-05-19,2026-06-09T18:32:34.000Z,6.0,2026-11-18,2026-05-19,Enforceable
ALWARD CONSTRUCTION CO INC,2026-05-05T16:41:36.000Z,2026-11-10,a10Ps00000LKAITIA5,0058b00000GAFCDAA5,2026-05-05T17:26:47.000Z,40.0,2026-11-11,2026-05-05,Tow Sign Photo,Awaiting Applicant Info,Street Space,SSP-26-02177,012Ps000005citCIAQ,Construction Parking,1 BRADFORD  ST,2026-05-11,2026-05-05T17:26:47.000Z,5.0,2026-11-10,2026-05-11,Not Enforceable
BROTHERS COLLINS WOODWRKNG INC,2026-05-05T17:19:07.000Z,2026-11-08,a10Ps00000LKJvFIAX,0058b00000GAFCDAA5,2026-05-06T19:24:50.000Z,20.0,2026-11-09,2026-05-06,Tow Sign Photo,Awaiting Applicant Info,Street Space,SSP-26-02178,012Ps000005citCIAQ,loading/unloading of materials and equipment,78 EASTWOOD  DR,2026-05-09,2026-05-06T19:25:04.000Z,2.0,2026-11-08,2026-05-09,Not Enforceable
KEAVENEY CONSTRUCTION,2026-05-05T18:03:47.000Z,2026-11-10,a10Ps00000LKo4bIAD,005Ps00000LEF6MIAX,2026-05-19T18:40:04.000Z,20.0,2026-11-11,2026-05-12,Active,Active,Street Space,SSP-26-02181,012Ps000005citCIAQ,Load and unloading materials.,302 JERSEY  ST,2026-05-11,2026-05-19T18:40:04.000Z,2.0,2026-11-10,2026-05-11,Enforceable
ANDREW GALLAGHER CONSTURCTION,2026-05-05T18:49:21.000Z,2026-11-24,a10Ps00000LLJ5BIAX,0058b00000GAFCDAA5,2026-05-05T19:17:45.000Z,25.0,2026-11-25,2026-05-05,Tow Sign Photo,Awaiting Applicant Info,Street Space,SSP-26-02186,012Ps000005citCIAQ,Loading/unloading of materials and staging of equipment,763 KANSAS  ST,2026-05-25,2026-05-05T19:17:45.000Z,3.0,2026-11-24,2026-05-25,Not Enforceable
"ALLDON CONSTRUCTION, INC",2026-05-05T19:21:49.000Z,2026-11-06,a10Ps00000LLSQDIA5,0058b00000GAFCDAA5,2026-05-05T19:31:57.000Z,60.0,2026-11-07,2026-05-05,Tow Sign Photo,Awaiting Applicant Info,Street Space,SSP-26-02188,012Ps000005citCIAQ,"Receiving the material and removal of trash, contractor parking.",,2026-05-07,2026-05-05T19:31:57.000Z,4.0,2026-11-06,2026-05-07,Not Enforceable
YEUNG CHI SUM,2026-05-05T23:30:45.000Z,2026-11-10,a10Ps00000LMhlOIAT,005Ps00000IzZePIAV,2026-05-23T00:18:40.000Z,20.0,2026-11-11,2026-05-07,Active,Active,Street Space,SSP-26-02202,012Ps000005citCIAQ,"Debris box, crew's vehicle parking, ...",617 MISSISSIPPI  ST,2026-05-11,2026-05-23T00:18:40.000Z,2.0,2026-11-10,2026-05-11,Enforceable
FAN KA FU,2026-05-05T23:57:14.000Z,2026-11-10,a10Ps00000LNd7pIAD,0058b00000GAFCDAA5,2026-05-17T16:38:33.000Z,20.0,2026-11-11,2026-05-17,Tow Sign Photo,Awaiting Applicant Info,Street Space,SSP-26-02204,012Ps000005citCIAQ,Loading/unloading of materials,667 39TH  AVE,2026-05-11,2026-05-17T16:38:46.000Z,2.0,2026-11-10,2026-05-11,Not Enforceable
C & L BUILDERS INC,2026-05-06T00:22:51.000Z,2026-11-10,a10Ps00000LNfzFIAT,0058b00000GAFCDAA5,2026-05-07T01:26:50.000Z,20.0,2026-11-11,2026-05-06,Tow Sign Photo,Awaiting Applicant Info,Street Space,SSP-26-02205,012Ps000005citCIAQ,Construction truck parking / Portable toilet,748 CABRILLO  ST,2026-05-11,2026-05-07T01:26:50.000Z,2.0,2026-11-10,2026-05-11,Not Enforceable
,2026-05-06T16:17:58.000Z,2026-11-10,a10Ps00000LRrs9IAD,005Ps00000Iz73wIAB,2026-07-28T22:56:30.000Z,20.0,2026-11-11,2026-05-06,Active,Active,Street Space,SSP-26-02213,012Ps000005citCIAQ,"loading and unloading materials + scaffolding, etc.",915 HAIGHT  ST,2026-05-11,2026-07-28T22:56:30.000Z,2.0,2026-11-10,2026-05-11,Enforceable
FMA BUILDERS,2026-05-06T17:09:07.000Z,2026-11-11,a10Ps00000LS5jpIAD,005Ps00000LEF6MIAX,2026-06-01T21:45:33.000Z,40.0,2026-11-12,2026-05-07,Active,Active,Street Space,SSP-26-02220,012Ps000005citCIAQ,loading/unloading and staging of equipment,555 EL CAMINO DEL MAR,2026-05-12,2026-06-01T21:45:33.000Z,3.0,2026-11-11,2026-05-12,Enforceable
PLANT CONSTRUCTION COMPANY LP,2026-05-06T17:54:10.000Z,2026-11-10,a10Ps00000LSJBhIAP,0058b00000GAFCDAA5,2026-05-07T17:19:23.000Z,30.0,2026-11-11,2026-05-07,Tow Sign Photo,Awaiting Applicant Info,Street Space,SSP-26-02223,012Ps000005citCIAQ,Temp Parking,800 CHESTNUT  ST,2026-05-11,2026-05-07T17:19:23.000Z,3.0,2026-11-10,2026-05-11,Not Enforceable
PLANT CONSTRUCTION COMPANY LP,2026-05-06T21:46:03.000Z,2026-11-17,a10Ps00000LTARJIA5,0058b00000GAFCDAA5,2026-05-07T17:36:23.000Z,75.0,2026-11-18,2026-05-07,Tow Sign Photo,Awaiting Applicant Info,Street Space,SSP-26-02232,012Ps000005citCIAQ,"The purpose of this permit is to allow for the installation of a temporary barricade and, at a later phase, scaffolding to facilitate exterior construction work. The barricaded area will be used to house debris bins for the duration of the project. Any haul‑off operations, which will be infrequent, will be managed by designated traffic signalers to ensure public safety and minimize traffic impacts. A minimum 4‑foot, ADA‑compliant, protected pedestrian walkway will be maintained at all times. Street parking permits are currently in place for all spaces fronting 535 Pacific (Permit No. 25‑35‑295416). The barricade will occupy no more than one‑third of the roadway and no more than one‑half of the sidewalk, in compliance with street space permit requirements.",535 PACIFIC  AVE,2026-05-18,2026-05-07T17:36:23.000Z,5.0,2026-11-17,2026-05-18,Not Enforceable
CMC TRAFFIC CONTROL SPECIALISTS LLC,2026-05-07T15:12:26.000Z,2026-11-10,a10Ps00000LXPrZIAX,0058b00000GAFCDAA5,2026-05-07T17:02:00.000Z,60.0,2026-11-11,2026-05-07,Tow Sign Photo,Awaiting Applicant Info,Street Space,SSP-26-02246,012Ps000005citCIAQ,parking,580 BEACH  ST,2026-05-11,2026-05-07T17:02:00.000Z,4.0,2026-11-10,2026-05-11,Not Enforceable
CELLO & MAUDRU CONST CO INC,2026-05-07T16:25:28.000Z,2026-11-18,a10Ps00000LY7sbIAD,005Ps00000LEF6MIAX,2026-07-01T23:41:05.000Z,57.0,2026-11-19,2026-05-08,Final Review,Awaiting Applicant Info,Street Space,SSP-26-02249,012Ps000005citCIAQ,Debris box and loading zone,2920 BROADWAY,2026-05-19,2026-07-01T23:41:05.000Z,4.0,2026-11-18,2026-05-19,Not Enforceable
PLANT CONSTRUCTION COMPANY LP,2026-05-07T17:08:19.000Z,2026-11-10,a10Ps00000LYeADIA1,005Ps00000IzZePIAV,2026-05-11T17:11:12.000Z,24.0,2026-11-11,2026-05-07,Active,Active,Street Space,SSP-26-02255,012Ps000005citCIAQ,Construction Activity,809 MONTGOMERY  ST,2026-05-11,2026-05-11T17:11:12.000Z,3.0,2026-11-10,2026-05-11,Enforceable
KL CONSTRUCTION GROUP,2026-05-07T19:55:48.000Z,2026-11-12,a10Ps00000LZgLFIA1,0058b00000GAFCDAA5,2026-05-08T04:54:25.000Z,20.0,2026-11-13,2026-05-07,Tow Sign Photo,Awaiting Applicant Info,Street Space,SSP-26-02267,012Ps000005citCIAQ,Scaffolding,330 08TH  AVE,2026-05-13,2026-05-08T04:54:25.000Z,2.0,2026-11-12,2026-05-13,Not Enforceable
STRONG BUILDERS CONSTRUCTION INC,2026-05-07T21:14:27.000Z,2026-11-10,a10Ps00000LZvP7IAL,0058b00000GAFCDAA5,2026-05-11T22:31:52.000Z,22.0,2026-11-11,2026-05-11,Tow Sign Photo,Awaiting Applicant Info,Street Space,SSP-26-02272,012Ps000005citCIAQ,Parking during construction for loading unloading materials,330 GATES  ST,2026-05-11,2026-05-11T22:32:50.000Z,3.0,2026-11-10,2026-05-11,Not Enforceable
STRONG BUILDERS CONSTRUCTION INC,2026-05-07T21:28:22.000Z,2026-09-24,a10Ps00000LZy3dIAD,0058b00000GAFCDAA5,2026-09-25T07:01:11.000Z,22.0,2026-09-25,2026-05-20,Closed,Expired,Street Space,SSP-26-02273,012Ps000005citCIAQ,loading & unloading materials for jobsite,1740 BROADWAY,2026-05-25,2026-09-25T07:01:12.000Z,3.0,2026-09-24,2026-05-25,Not Enforceable
CENTONI GINA M,2026-05-08T16:44:34.000Z,2026-11-14,a10Ps00000LeqYTIAZ,005Ps00000LEF6MIAX,2026-05-20T18:07:42.000Z,25.0,2026-11-15,2026-05-08,Active,Active,Street Space,SSP-26-02287,012Ps000005citCIAQ,"debris bin, parking, site sanitation",2576 GREEN  ST,2026-05-15,2026-05-20T18:07:42.000Z,3.0,2026-11-14,2026-05-15,Enforceable
THE GARDEN ROUTE COMPANY,2026-05-08T18:32:02.000Z,2026-11-12,a10Ps00000LfE9NIAV,0058b00000GAFCDAA5,2026-05-08T18:43:09.000Z,20.0,2026-11-13,2026-05-08,Tow Sign Photo,Awaiting Applicant Info,Street Space,SSP-26-02291,012Ps000005citCIAQ,parking for construction vehicles,339 COLLINGWOOD  ST,2026-05-13,2026-05-08T18:43:09.000Z,2.0,2026-11-12,2026-05-13,Not Enforceable
XTEAM DESIGN AND CONSTRUCTION,2026-05-08T18:36:13.000Z,2026-11-11,a10Ps00000LfF73IAF,0058b00000GAFCDAA5,2026-05-08T18:49:28.000Z,20.0,2026-11-12,2026-05-08,Tow Sign Photo,Awaiting Applicant Info,Street Space,SSP-26-02292,012Ps000005citCIAQ,construction,84 SATURN  ST,2026-05-12,2026-05-08T18:49:28.000Z,2.0,2026-11-11,2026-05-12,Not Enforceable
HO RANDY Z,2026-05-08T21:02:47.000Z,2026-11-11,a10Ps00000LfzRdIAJ,0058b00000GAFCDAA5,2026-05-11T15:06:01.000Z,25.0,2026-11-12,2026-05-11,Tow Sign Photo,Awaiting Applicant Info,Street Space,SSP-26-02299,012Ps000005citCIAQ,construction parking,163 07TH  AVE,2026-05-12,2026-05-11T15:06:50.000Z,3.0,2026-11-11,2026-05-12,Not Enforceable
HERRERO BUILDERS INCORPORATED,2026-05-11T17:24:29.000Z,2026-10-31,a10Ps00000Lne3RIAR,005Ps00000LEF6MIAX,2026-06-04T21:21:54.000Z,60.0,2026-11-01,2026-05-14,Active,Active,Street Space,SSP-26-02311,012Ps000005citCIAQ,"Commercial construction project for Kaiser Permanente. Requesting 3-meter parking spots to be reserved during construction operations (June-October). Reservation for 6am-3pm. These spaces are directly in front of the mechanical room entrance for the hospital, away from the emergency room or main hospital drop off. No impact to street or sidewalk.",2425 GEARY  BLVD,2026-06-01,2026-06-04T21:21:54.000Z,4.0,2026-10-31,2026-06-01,Enforceable
TINKA CONSTRUCTION,2026-05-11T19:22:55.000Z,2026-11-14,a10Ps00000LoA8AIAV,0058b00000GAFCDAA5,2026-05-11T19:32:26.000Z,20.0,2026-11-15,2026-05-11,Tow Sign Photo,Awaiting Applicant Info,Street Space,SSP-26-02326,012Ps000005citCIAQ,Construction,182 ALPINE  TER,2026-05-15,2026-05-11T19:32:26.000Z,2.0,2026-11-14,2026-05-15,Not Enforceable
NORTH BAY CONSTRUCTION,2026-05-11T19:33:15.000Z,2026-11-14,a10Ps00000LoCl3IAF,005Ps00000IzXSvIAN,2026-08-18T20:36:10.000Z,20.0,2026-11-15,2026-05-28,Active,Active,Street Space,SSP-26-02327,012Ps000005citCIAQ,Site toilet and parking,45 HANCOCK  ST,2026-05-15,2026-08-18T20:36:10.000Z,2.0,2026-11-14,2026-05-15,Enforceable
SARMENTO MARIO,2026-05-11T19:45:19.000Z,2026-11-17,a10Ps00000LoFcTIAV,0058b00000GAFCDAA5,2026-05-11T19:56:37.000Z,24.0,2026-11-18,2026-05-11,Tow Sign Photo,Awaiting Applicant Info,Street Space,SSP-26-02330,012Ps000005citCIAQ,loading/unloading of materials and staging of equipment,762 DUNCAN  ST,2026-05-18,2026-05-11T19:56:37.000Z,3.0,2026-11-17,2026-05-18,Not Enforceable
ANDREW GALLAGHER CONSTURCTION,2026-05-11T20:22:04.000Z,2026-11-14,a10Ps00000Lo5q2IAB,0058b00000GAFCDAA5,2026-05-12T16:50:18.000Z,25.0,2026-11-15,2026-05-12,Tow Sign Photo,Awaiting Applicant Info,Street Space,SSP-26-02337,012Ps000005citCIAQ,Loading & unloading of materials,1516 SHRADER  ST,2026-05-15,2026-05-12T16:51:04.000Z,3.0,2026-11-14,2026-05-15,Not Enforceable
SILVER LINING DESIGN BUILD CO,2026-05-11T20:34:11.000Z,2026-11-14,a10Ps00000LoPyPIAV,0058b00000GAFCDAA5,2026-05-11T22:25:32.000Z,30.0,2026-11-15,2026-05-11,Tow Sign Photo,Awaiting Applicant Info,Street Space,SSP-26-02338,012Ps000005citCIAQ,Construction parking,1948 SUTTER  ST,2026-05-15,2026-05-11T22:25:32.000Z,3.0,2026-11-14,2026-05-15,Not Enforceable
SARMENTO MARIO,2026-05-11T21:03:26.000Z,2026-10-17,a10Ps00000LoWJxIAN,0058b00000GAFCDAA5,2026-05-11T23:22:58.000Z,24.0,2026-10-18,2026-05-11,Tow Sign Photo,Awaiting Applicant Info,Street Space,SSP-26-02339,012Ps000005citCIAQ,loading/unloading of materials and staging of equipment,573 10TH  AVE,2026-05-18,2026-05-11T23:22:58.000Z,3.0,2026-10-17,2026-05-18,Not Enforceable
GREAT OCEAN CONSTRUCTION INC,2026-05-11T22:08:16.000Z,2026-10-17,a10Ps00000LoeivIAB,005Ps00000LEF6MIAX,2026-05-14T16:40:45.000Z,20.0,2026-10-18,2026-05-12,Active,Active,Street Space,SSP-26-02344,012Ps000005citCIAQ,loading and unloading materials,2925 CABRILLO  ST,2026-05-18,2026-05-14T16:40:45.000Z,2.0,2026-10-17,2026-05-18,Enforceable
EVEREST WATERPROOFING,2026-05-11T23:16:39.000Z,2026-11-17,a10Ps00000LolkQIAR,0058b00000GAFCDAA5,2026-05-12T22:32:48.000Z,140.0,2026-11-18,2026-05-12,Tow Sign Photo,Awaiting Applicant Info,Street Space,SSP-26-02356,012Ps000005citCIAQ,parking and storage space,718 LONG BRIDGE  ST,2026-05-18,2026-05-12T22:32:48.000Z,8.0,2026-11-17,2026-05-18,Not Enforceable
BURDICK PAINTING INC,2026-05-12T14:14:56.000Z,2026-09-29,a10Ps00000LsDsDIAV,0058b00000GAFCDAA5,2026-09-30T07:00:34.000Z,130.0,2026-09-30,2026-05-28,Closed,Expired,Street Space,SSP-26-02363,012Ps000005citCIAQ,Temporary placement of scaffolding and scissor lift for exterior painting of the building facade.,4631 MISSION  ST,2026-08-31,2026-09-30T07:00:36.000Z,8.0,2026-09-29,2026-08-31,Not Enforceable
YEUNG CHI SUM,2026-05-12T15:29:55.000Z,2026-11-18,a10Ps00000LscDtIAJ,005Ps00000LEF6MIAX,2026-05-27T15:57:43.000Z,20.0,2026-11-19,2026-05-12,Active,Active,Street Space,SSP-26-02365,012Ps000005citCIAQ,"Debris box, crew's vehicle parking",3751 21ST  ST,2026-05-19,2026-05-27T15:57:43.000Z,2.0,2026-11-18,2026-05-19,Enforceable
CROWN CONSTRUCTION SF,2026-05-12T16:15:33.000Z,2026-11-19,a10Ps00000LsqjtIAB,005Ps00000LEF6MIAX,2026-06-18T19:21:17.000Z,20.0,2026-11-20,2026-05-19,Active,Active,Street Space,SSP-26-02370,012Ps000005citCIAQ,Debris container/Portable Toilet Placement,2200 SACRAMENTO  ST,2026-05-20,2026-06-18T19:21:17.000Z,2.0,2026-11-19,2026-05-20,Enforceable
JIMENEZ MERLYN ARTURO ENEDINO,2026-05-12T18:07:20.000Z,2026-09-25,a10Ps00000LtG03IAF,0058b00000GAFCDAA5,2026-09-26T07:00:14.000Z,20.0,2026-09-26,2026-05-12,Closed,Expired,Street Space,SSP-26-02376,012Ps000005citCIAQ,Need Parking,842 35TH  AVE,2026-05-26,2026-09-26T07:00:14.000Z,2.0,2026-09-25,2026-05-26,Not Enforceable
BATES TAMARA,2026-05-12T19:25:09.000Z,2026-11-17,a10Ps00000Lu3TlIAJ,005Ps00000LEF6MIAX,2026-07-27T16:35:33.000Z,37.0,2026-11-18,2026-05-13,Active,Active,Street Space,SSP-26-02381,012Ps000005citCIAQ,Work trucks,1333 JONES  ST,2026-05-18,2026-07-27T16:35:33.000Z,3.0,2026-11-17,2026-05-18,Enforceable
BURTON BUILDERS LLC,2026-05-12T21:15:51.000Z,2026-11-17,a10Ps00000LuoHNIAZ,005Ps00000LEF6MIAX,2026-05-19T17:03:23.000Z,25.0,2026-11-18,2026-05-12,Active,Active,Street Space,SSP-26-02390,012Ps000005citCIAQ,Construction Parking for Permit 202512222427,227 07TH  AVE,2026-05-18,2026-05-19T17:03:23.000Z,3.0,2026-11-17,2026-05-18,Enforceable
DKG CONSTRUCTION INC,2026-05-12T22:23:38.000Z,2026-11-17,a10Ps00000Luz6LIAR,0058b00000GAFCDAA5,2026-05-14T15:33:04.000Z,20.0,2026-11-18,2026-05-14,Tow Sign Photo,Awaiting Applicant Info,Street Space,SSP-26-02393,012Ps000005citCIAQ,Construction Site,20 HILL  ST,2026-05-18,2026-05-14T15:33:51.000Z,2.0,2026-11-17,2026-05-18,Not Enforceable
YOUNG'S ROOFING INC,2026-05-13T17:57:48.000Z,2026-12-14,a10Ps00000M05pRIAR,005Ps00000LEF6MIAX,2026-06-16T23:44:24.000Z,20.0,2026-12-15,2026-05-13,Active,Active,Street Space,SSP-26-02406,012Ps000005citCIAQ,load material,35 ALLISON  ST,2026-06-15,2026-06-16T23:44:24.000Z,2.0,2026-12-14,2026-06-15,Enforceable
TRUEBECK CONSTRUCTION INC,2026-05-13T19:53:44.000Z,2026-10-17,a10Ps00000M0VlWIAV,0058b00000GAFCDAA5,2026-05-28T18:27:32.000Z,25.0,2026-10-18,2026-05-28,Tow Sign Photo,Awaiting Applicant Info,Street Space,SSP-26-02411,012Ps000005citCIAQ,Staging of a dumpster,232 HAHN  ST,2026-05-18,2026-05-28T18:28:02.000Z,3.0,2026-10-17,2026-05-18,Not Enforceable
HIEN PHAM,2026-05-13T20:27:17.000Z,2026-11-17,a10Ps00000M0oPxIAJ,0058b00000GAFCDAA5,2026-05-13T23:19:54.000Z,30.0,2026-11-18,2026-05-13,Tow Sign Photo,Awaiting Applicant Info,Street Space,SSP-26-02414,012Ps000005citCIAQ,Construction parking,1628 18TH  AVE,2026-05-18,2026-05-13T23:19:54.000Z,3.0,2026-11-17,2026-05-18,Not Enforceable
MATAROZZI PELSINGER BUILD INC,2026-05-13T20:30:42.000Z,2026-11-17,a10Ps00000M0ozRIAR,005Ps00000LEF6MIAX,2026-08-03T16:12:43.000Z,25.0,2026-11-18,2026-05-14,Final Review,Awaiting Applicant Info,Street Space,SSP-26-02415,012Ps000005citCIAQ,contractor parking,225 LOCUST  ST,2026-05-18,2026-08-03T16:12:43.000Z,3.0,2026-11-17,2026-05-18,Not Enforceable
ALLEN KWONG SETO,2026-05-14T05:12:31.000Z,2026-11-19,a10Ps00000M3X7dIAF,005Ps00000IzZePIAV,2026-05-21T15:22:58.000Z,20.0,2026-11-20,2026-05-14,Active,Active,Street Space,SSP-26-02426,012Ps000005citCIAQ,Loading/unloading materials for repairs,2880 BUSH  ST,2026-05-20,2026-05-21T15:22:58.000Z,2.0,2026-11-19,2026-05-20,Enforceable
FAHAN CONSTRUCTION INC,2026-05-14T17:38:06.000Z,2026-09-19,a10Ps00000M7pHFIAZ,0058b00000GAFCDAA5,2026-09-20T07:00:12.000Z,40.0,2026-09-20,2026-05-14,Closed,Expired,Street Space,SSP-26-02432,012Ps000005citCIAQ,contractor parking,2504 JACKSON  ST,2026-05-20,2026-09-20T07:00:13.000Z,3.0,2026-09-19,2026-05-20,Not Enforceable
PINTAIL-TEAL 1964-1966 UNION LLC,2026-05-14T18:03:37.000Z,2026-11-17,a10Ps00000M8DwHIAV,005Ps00000LEF6MIAX,2026-07-30T23:16:38.000Z,20.0,2026-11-18,2026-05-14,Active,Active,Street Space,SSP-26-02433,012Ps000005citCIAQ,Construction parking,1964 UNION  ST,2026-05-18,2026-07-30T23:16:38.000Z,2.0,2026-11-17,2026-05-18,Enforceable
TRINITY ELECTRIC SERVICES INC,2026-05-14T22:43:27.000Z,2026-10-17,a10Ps00000M9WYfIAN,005Ps00000LEF6MIAX,2026-05-26T16:06:58.000Z,20.0,2026-10-18,2026-05-14,Active,Active,Street Space,SSP-26-02455,012Ps000005citCIAQ,Construction vehicle parking and debris removal.,1483 47TH  AVE,2026-05-18,2026-05-26T16:06:58.000Z,2.0,2026-10-17,2026-05-18,Enforceable
CAMERON BUILDERS SF,2026-05-14T23:09:57.000Z,2026-11-17,a10Ps00000M9ah7IAB,005Ps00000LEF6MIAX,2026-06-30T20:55:49.000Z,25.0,2026-11-18,2026-05-15,Active,Active,Street Space,SSP-26-02460,012Ps000005citCIAQ,Construction parking,248 04TH  AVE,2026-05-18,2026-06-30T20:55:49.000Z,3.0,2026-11-17,2026-05-18,Enforceable
CAHILL CONTRACTORS LLC,2026-05-15T17:12:49.000Z,2026-12-08,a10Ps00000MEeiTIAT,0058b00000GAFCDAA5,2026-05-18T21:32:09.000Z,80.0,2026-12-09,2026-05-18,Tow Sign Photo,Awaiting Applicant Info,Street Space,SSP-26-02477,012Ps000005citCIAQ,Scaffolding,160 FREELON  ST,2026-06-09,2026-05-18T21:32:50.000Z,5.0,2026-12-08,2026-06-09,Not Enforceable
URBAN CREW CONSTRUCTION,2026-05-15T17:14:41.000Z,2026-11-20,a10Ps00000MEfD7IAL,005Ps00000LEF6MIAX,2026-09-25T18:16:18.000Z,20.0,2026-11-21,2026-05-15,Active,Active,Street Space,SSP-26-02478,012Ps000005citCIAQ,contractor parking,1842 LAKE  ST,2026-05-21,2026-09-25T18:16:18.000Z,2.0,2026-11-20,2026-05-21,Enforceable
STEPHEN MC ELROY CONSTRUCTION LLC,2026-05-15T18:16:21.000Z,2026-11-24,a10Ps00000ME5uTIAT,005Ps00000IzZePIAV,2026-05-29T00:32:31.000Z,20.0,2026-11-25,2026-05-18,Active,Active,Street Space,SSP-26-02482,012Ps000005citCIAQ,Contractor parking and material loading for residential construction project.,779 43RD  AVE,2026-05-25,2026-05-29T00:32:31.000Z,2.0,2026-11-24,2026-05-25,Enforceable
DUNROS CONSTRUCTION INC,2026-05-15T19:50:32.000Z,2026-11-30,a10Ps00000MFDWXIA5,0058b00000GAFCDAA5,2026-05-15T20:15:48.000Z,25.0,2026-12-01,2026-05-15,Tow Sign Photo,Awaiting Applicant Info,Street Space,SSP-26-02485,012Ps000005citCIAQ,Construction trucks,778 44TH  AVE,2026-06-01,2026-05-15T20:15:48.000Z,3.0,2026-11-30,2026-06-01,Not Enforceable
HEARTH CORPORATION,2026-05-15T20:45:22.000Z,2026-11-19,a10Ps00000MFNVtIAP,005Ps00000LEF6MIAX,2026-06-09T20:17:33.000Z,20.0,2026-11-20,2026-05-15,Active,Active,Street Space,SSP-26-02487,012Ps000005citCIAQ,Parking and delivery for remodel work,1282 SACRAMENTO  ST,2026-05-20,2026-06-09T20:17:33.000Z,2.0,2026-11-19,2026-05-20,Enforceable
THE TRAFFIC GUYS LLC,2026-05-15T20:52:52.000Z,2026-11-18,a10Ps00000MFOmvIAH,0058b00000GAFCDAA5,2026-05-22T18:16:11.000Z,25.0,2026-11-19,2026-05-22,Tow Sign Photo,Awaiting Applicant Info,Street Space,SSP-26-02488,012Ps000005citCIAQ,Delivery for materials,1056 POTRERO  AVE,2026-05-19,2026-05-22T18:16:47.000Z,3.0,2026-11-18,2026-05-19,Not Enforceable
VELOX DESIGN AND CONSTRUCTION,2026-05-15T21:17:05.000Z,2026-09-19,a10Ps00000MFSFRIA5,0058b00000GAFCDAA5,2026-09-20T07:00:17.000Z,25.0,2026-09-20,2026-05-15,Closed,Expired,Street Space,SSP-26-02489,012Ps000005citCIAQ,parking for permit #202604240040,1272 08TH  AVE,2026-05-20,2026-09-20T07:00:17.000Z,3.0,2026-09-19,2026-05-20,Not Enforceable
,2026-05-15T22:38:05.000Z,2026-11-18,a10Ps00000MFaEbIAL,0058b00000GAFCDAA5,2026-05-15T22:52:06.000Z,20.0,2026-11-19,2026-05-15,Tow Sign Photo,Awaiting Applicant Info,Street Space,SSP-26-02492,012Ps000005citCIAQ,loading and unloading materials,64 MARS  ST,2026-05-19,2026-05-15T22:52:06.000Z,2.0,2026-11-18,2026-05-19,Not Enforceable
O'SHEA CO. HOME GROWN CONSTRUCTION LLC,2026-05-18T15:56:31.000Z,2026-11-23,a10Ps00000MMh6TIAT,005Ps00000LEF6MIAX,2026-06-11T20:23:04.000Z,20.0,2026-11-24,2026-05-19,Active,Active,Street Space,SSP-26-02511,012Ps000005citCIAQ,"Allows us to load/unload materials at jobsite, drop off or stage equipment, fill debris box, parking for subcontractors to come in and perform work.",1575 17TH  AVE,2026-05-24,2026-06-11T20:23:04.000Z,2.0,2026-11-23,2026-05-24,Enforceable
CLAYTON TIMBRELL & CO,2026-05-18T18:46:39.000Z,2026-11-21,a10Ps00000MOSxmIAH,005Ps00000LEF6MIAX,2026-06-18T22:53:23.000Z,20.0,2026-11-22,2026-05-19,Active,Active,Street Space,SSP-26-02527,012Ps000005citCIAQ,DBI BPA - Construction Staging,3756 JACKSON  ST,2026-05-22,2026-06-18T22:53:23.000Z,4.0,2026-11-21,2026-05-22,Enforceable
AARON GORDON CONSTRUCTION INC,2026-05-18T22:14:32.000Z,2026-11-23,a10Ps00000MPsrlIAD,005Ps00000IzZePIAV,2026-05-20T16:45:32.000Z,74.0,2026-11-24,2026-05-18,Active,Active,Street Space,SSP-26-02538,012Ps000005citCIAQ,Construction,715 BUENA VISTA WEST AVE,2026-05-24,2026-05-20T16:45:32.000Z,5.0,2026-11-23,2026-05-24,Enforceable
C PLUS E CONSTRUCTION INC,2026-05-18T22:36:47.000Z,2026-11-21,a10Ps00000MPxppIAD,005Ps00000LEF6MIAX,2026-05-21T15:57:42.000Z,25.0,2026-11-22,2026-05-18,Active,Active,Street Space,SSP-26-02540,012Ps000005citCIAQ,loading materials,311 SHOTWELL  ST,2026-05-22,2026-05-21T15:57:42.000Z,3.0,2026-11-21,2026-05-22,Enforceable
UPSCALE CONSTRUCTION INC,2026-05-19T17:17:44.000Z,2026-11-24,a10Ps00000MUM9hIAH,005Ps00000LEF6MIAX,2026-05-22T17:02:03.000Z,20.0,2026-11-25,2026-05-20,Active,Active,Street Space,SSP-26-02557,012Ps000005citCIAQ,Parking and debris box,2780 VALLEJO  ST,2026-05-25,2026-05-22T17:02:03.000Z,2.0,2026-11-24,2026-05-25,Enforceable
HIVE BUILDS INC,2026-05-19T18:32:09.000Z,2026-11-22,a10Ps00000MUj4fIAD,0058b00000GAFCDAA5,2026-05-19T18:46:02.000Z,20.0,2026-11-23,2026-05-19,Tow Sign Photo,Awaiting Applicant Info,Street Space,SSP-26-02563,012Ps000005citCIAQ,parking needed for construction project,563 GUERRERO  ST,2026-05-23,2026-05-19T18:46:02.000Z,2.0,2026-11-22,2026-05-23,Not Enforceable
STANLEY JOHN E,2026-05-19T18:48:18.000Z,2026-11-24,a10Ps00000MUnZhIAL,005Ps00000LEF6MIAX,2026-06-09T17:02:31.000Z,20.0,2026-11-25,2026-05-19,Active,Active,Street Space,SSP-26-02566,012Ps000005citCIAQ,Loading and unloading for a construction job,2546 BAKER  ST,2026-05-25,2026-06-09T17:02:31.000Z,2.0,2026-11-24,2026-05-25,Enforceable
HAKEWILL CONSTRUCTION CO INC,2026-05-19T20:46:42.000Z,2026-11-24,a10Ps00000MVrszIAD,005Ps00000IzZePIAV,2026-05-22T18:30:14.000Z,25.0,2026-11-25,2026-05-19,Active,Active,Street Space,SSP-26-02573,012Ps000005citCIAQ,Loading of materials and debris,1374 CHESTNUT  ST,2026-05-25,2026-05-22T18:30:14.000Z,3.0,2026-11-24,2026-05-25,Enforceable
CAHILL CONTRACTORS LLC,2026-05-20T15:05:44.000Z,2026-12-09,a10Ps00000MZnM9IAL,005Ps00000Iz73wIAB,2026-06-10T22:05:01.000Z,160.0,2026-12-10,2026-05-20,Active,Active,Street Space,SSP-26-02588,012Ps000005citCIAQ,To use the lane for better turn radius for trucks to enter our jobsite. Also staging of concrete trucks as to not disrupt traffic on Capp Street.,2970 16TH  ST,2026-06-10,2026-06-10T22:05:01.000Z,9.0,2026-12-09,2026-06-10,Enforceable
BJLGC INC,2026-05-20T17:01:06.000Z,2026-11-26,a10Ps00000MaOOvIAN,005Ps00000LEF6MIAX,2026-06-26T22:25:12.000Z,20.0,2026-11-27,2026-05-21,Active,Active,Street Space,SSP-26-02596,012Ps000005citCIAQ,Contractor parking for unloading and loading materials at jobsite,2828 DIVISADERO  ST,2026-05-27,2026-06-26T22:25:12.000Z,2.0,2026-11-26,2026-05-27,Enforceable
KEVIN WEBB CONSTRUCTION INC,2026-05-20T17:15:30.000Z,2026-12-07,a10Ps00000MaS17IAF,0058b00000GAFCDAA5,2026-05-21T15:09:53.000Z,35.0,2026-12-08,2026-05-21,Tow Sign Photo,Awaiting Applicant Info,Street Space,SSP-26-02598,012Ps000005citCIAQ,Construction zone. Loading/unloading materials. Staging & storing materials. Portopotti placement. Construction vehicle parking.,1333 JONES  ST,2026-06-08,2026-05-21T15:09:53.000Z,3.0,2026-12-07,2026-06-08,Not Enforceable
HOSEIN N RAD,2026-05-20T17:48:49.000Z,2026-09-26,a10Ps00000MabSbIAJ,0058b00000GAFCDAA5,2026-09-29T07:00:49.000Z,40.0,2026-09-27,,Closed,Expired,Street Space,SSP-26-02600,012Ps000005citCIAQ,Construction parking,211 DIVISADERO  ST,2026-05-27,2026-09-29T07:00:55.000Z,3.0,2026-09-26,2026-05-27,Not Enforceable
MOROSO CONSTRUCTION INC,2026-05-20T18:16:58.000Z,2026-09-30,a10Ps00000MaiDxIAJ,0058b00000GAFCDAA5,2026-10-01T07:00:15.000Z,50.0,2026-10-01,2026-05-21,Closed,Expired,Street Space,SSP-26-02603,012Ps000005citCIAQ,Construction deliveries,3669 21ST  ST,2026-06-01,2026-10-01T07:00:16.000Z,4.0,2026-09-30,2026-06-01,Not Enforceable
HUNTER DALE BUILDERS INC.,2026-05-20T18:18:18.000Z,2026-11-26,a10Ps00000MaiibIAB,0058b00000GAFCDAA5,2026-05-26T17:14:33.000Z,20.0,2026-11-27,2026-05-26,Tow Sign Photo,Awaiting Applicant Info,Street Space,SSP-26-02604,012Ps000005citCIAQ,construction parking,889 ELIZABETH  ST,2026-05-27,2026-05-26T17:14:48.000Z,2.0,2026-11-26,2026-05-27,Not Enforceable
BLAIR BURKE,2026-05-20T19:12:08.000Z,2026-11-24,a10Ps00000Maw41IAB,005Ps00000LEF6MIAX,2026-06-04T23:22:44.000Z,20.0,2026-11-25,2026-05-22,Active,Active,Street Space,SSP-26-02611,012Ps000005citCIAQ,Loading of demolition debris and unloading  new construction material.,147 04TH  AVE,2026-05-25,2026-06-04T23:22:44.000Z,2.0,2026-11-24,2026-05-25,Enforceable
"PRIME CONSTRUCTION & RENOVATION, INC.",2026-05-20T19:13:43.000Z,2026-11-04,a10Ps00000Macq8IAB,005Ps00000LEF6MIAX,2026-06-05T19:18:51.000Z,20.0,2026-11-05,2026-05-21,Active,Active,Street Space,SSP-26-02612,012Ps000005citCIAQ,Parking,3779 25TH  ST,2026-06-05,2026-06-05T19:18:51.000Z,2.0,2026-11-04,2026-06-05,Enforceable
THOMPSON DEREK/SUSKIND BRADLEY,2026-05-20T22:34:52.000Z,2026-12-07,a10Ps00000McTSXIA3,005Ps00000LEF6MIAX,2026-06-03T21:39:22.000Z,45.0,2026-12-08,2026-05-22,Active,Active,Street Space,SSP-26-02618,012Ps000005citCIAQ,"Subcontractor parking, material & equipment staging, etc.",825 FRANCISCO  ST,2026-06-08,2026-06-03T21:39:22.000Z,4.0,2026-12-07,2026-06-08,Enforceable
ABACUS GROUP BUILDERS INC,2026-05-21T14:59:41.000Z,2026-10-28,a10Ps00000MhDQLIA3,005Ps00000LEF6MIAX,2026-06-12T15:21:37.000Z,40.0,2026-10-29,2026-05-21,Active,Active,Street Space,SSP-26-02627,012Ps000005citCIAQ,Parking trucks while doing Maintenance,2300 PACIFIC  AVE,2026-05-29,2026-06-12T15:21:37.000Z,3.0,2026-10-28,2026-05-29,Enforceable
LACKEY CONSTRUCTION INC.,2026-05-21T18:04:16.000Z,2026-11-24,a10Ps00000MiVWTIA3,0058b00000GAFCDAA5,2026-05-21T20:11:50.000Z,25.0,2026-11-25,2026-05-21,Tow Sign Photo,Awaiting Applicant Info,Street Space,SSP-26-02636,012Ps000005citCIAQ,Work vehicles and drop boxes.,26 MIZPAH  ST,2026-05-25,2026-05-21T20:11:50.000Z,3.0,2026-11-24,2026-05-25,Not Enforceable
LALOR CONSTRUCTION INC,2026-05-21T20:57:42.000Z,2026-11-25,a10Ps00000Mj95hIAB,005Ps00000IzZePIAV,2026-05-22T20:45:49.000Z,20.0,2026-11-26,2026-05-21,Active,Active,Street Space,SSP-26-02643,012Ps000005citCIAQ,construction zone,2428 UNION  ST,2026-05-26,2026-05-22T20:45:49.000Z,2.0,2026-11-25,2026-05-26,Enforceable
SHELTER COVE CONSTRUCTION,2026-05-21T22:07:04.000Z,2026-09-30,a10Ps00000MjhddIAB,0058b00000GAFCDAA5,2026-10-01T07:00:19.000Z,20.0,2026-10-01,2026-05-21,Closed,Expired,Street Space,SSP-26-02647,012Ps000005citCIAQ,Parking for BPA# 202605211724,2650 PIERCE  ST,2026-06-01,2026-10-01T07:00:19.000Z,2.0,2026-09-30,2026-06-01,Not Enforceable
PLATH & CO INC,2026-05-22T12:43:14.000Z,2026-11-25,a10Ps00000MlWB3IAN,005Ps00000LEF6MIAX,2026-06-11T18:10:59.000Z,105.0,2026-11-26,2026-06-02,Active,Active,Street Space,SSP-26-02651,012Ps000005citCIAQ,"Street space permit for deliveries, loading, unloading, staging and parking for the construction activities of the project.",2950 PACIFIC  AVE,2026-05-26,2026-06-11T18:10:59.000Z,8.0,2026-11-25,2026-05-26,Enforceable
YK MASON & SONS INC,2026-05-22T23:26:30.000Z,2026-10-23,a10Ps00000Mo68nIAB,005Ps00000LEF6MIAX,2026-09-21T16:38:59.000Z,20.0,2026-10-24,2026-05-26,Active,Active,Street Space,SSP-26-02670,012Ps000005citCIAQ,Scaffolding in front but scaffolding will be within property line.  This permit is for parking only.  Need no-parking signs and placard.,3128 WASHINGTON  ST,2026-09-24,2026-09-21T16:38:59.000Z,2.0,2026-10-23,2026-09-24,Enforceable
CUAN CONSTRUCTION,2026-05-25T21:01:08.000Z,2026-11-28,a10Ps00000MsctHIAR,005Ps00000LEF6MIAX,2026-06-03T16:51:43.000Z,20.0,2026-11-29,2026-05-28,Active,Active,Street Space,SSP-26-02676,012Ps000005citCIAQ,Loading and unloading of materials and equipment,3156 CLAY  ST,2026-05-29,2026-06-03T16:51:43.000Z,2.0,2026-11-28,2026-05-29,Enforceable
CITYWEST CONSTRUCTION INC,2026-05-26T20:27:58.000Z,2026-12-15,a10Ps00000MxXEeIAN,0058b00000GAFCDAA5,2026-05-27T15:29:00.000Z,10.0,2026-12-16,2026-05-27,Tow Sign Photo,Awaiting Applicant Info,Street Space,SSP-26-02700,012Ps000005citCIAQ,construction loading upload materials  renewal,1074 FILBERT  ST,2026-06-16,2026-05-27T15:30:05.000Z,2.0,2026-12-15,2026-06-16,Not Enforceable
CITYWEST CONSTRUCTION INC,2026-05-26T20:48:55.000Z,2027-01-20,a10Ps00000MxdQTIAZ,0058b00000GAFCDAA5,2026-05-27T15:27:24.000Z,20.0,2027-01-21,2026-05-27,Tow Sign Photo,Awaiting Applicant Info,Street Space,SSP-26-02703,012Ps000005citCIAQ,"maintaining the property, example, painting, planting",166 10TH  AVE,2026-07-21,2026-05-27T15:28:03.000Z,2.0,2027-01-20,2026-07-21,Not Enforceable
PEAK GENERAL CONTRACTORS INC,2026-05-26T20:59:19.000Z,2026-11-30,a10Ps00000Mxg1lIAB,005Ps00000LEF6MIAX,2026-06-04T23:22:18.000Z,25.0,2026-12-01,2026-05-28,Active,Active,Street Space,SSP-26-02704,012Ps000005citCIAQ,"temporary toilet and sink unit for workers, street parking for workers.",65 RAMONA  AVE,2026-06-01,2026-06-04T23:22:18.000Z,3.0,2026-11-30,2026-06-01,Enforceable
CONNEMARA FINE TRIM INC,2026-05-26T22:32:29.000Z,2026-11-30,a10Ps00000MyDKHIA3,005Ps00000LEF6MIAX,2026-06-04T19:41:20.000Z,20.0,2026-12-01,2026-05-27,Active,Active,Street Space,SSP-26-02713,012Ps000005citCIAQ,Interior repairs in the unit,2206 GREEN  ST,2026-06-01,2026-06-04T19:41:20.000Z,2.0,2026-11-30,2026-06-01,Enforceable
DESIGN LINE CONSTRUCTION INC,2026-05-27T00:11:10.000Z,2026-12-14,a10Ps00000MyOVpIAN,0058b00000GAFCDAA5,2026-05-27T23:33:05.000Z,30.0,2026-12-15,2026-05-27,Tow Sign Photo,Awaiting Applicant Info,Street Space,SSP-26-02721,012Ps000005citCIAQ,"Loading/Unloading, Staging, temp subcontractor parking",2121 DIVISADERO  ST,2026-06-15,2026-05-27T23:33:05.000Z,3.0,2026-12-14,2026-06-15,Not Enforceable
COLLINS FINBARR J,2026-05-27T00:37:32.000Z,2026-09-30,a10Ps00000MyR5VIAV,0058b00000GAFCDAA5,2026-10-01T07:00:19.000Z,40.0,2026-10-01,2026-05-28,Closed,Expired,Street Space,SSP-26-02722,012Ps000005citCIAQ,Remodel taking place at 295 Sanchez. Parking needed for Construction Workers.,295 SANCHEZ  ST,2026-06-01,2026-10-01T07:00:20.000Z,6.0,2026-09-30,2026-06-01,Not Enforceable
THE TOBONI GROUP LLC,2026-05-27T16:41:34.000Z,2026-11-30,a10Ps00000N1SHxIAN,005Ps00000LEF6MIAX,2026-08-27T21:06:18.000Z,100.0,2026-12-01,2026-05-29,Final Review,Awaiting Applicant Info,Street Space,SSP-26-02739,012Ps000005citCIAQ,Parking & Deliveries for Material,540 EL CAMINO DEL MAR,2026-06-01,2026-08-27T21:06:18.000Z,6.0,2026-11-30,2026-06-01,Not Enforceable
"DESLIERRES & HALPERIN CONSTR., INC.",2026-05-27T17:22:21.000Z,2026-12-21,a10Ps00000N1gETIAZ,005Ps00000LEF6MIAX,2026-06-30T16:26:29.000Z,274.0,2026-12-22,2026-06-12,Final Review,Awaiting Applicant Info,Street Space,SSP-26-02745,012Ps000005citCIAQ,"Staging equipment, materials deliveries, scaffolding, staging mobile restrooms, parking",1303 LARKIN  ST,2026-06-22,2026-06-30T16:26:29.000Z,16.0,2026-12-21,2026-06-22,Not Enforceable
FOX BROTHERS CONSTRUCTION INC,2026-05-27T21:39:53.000Z,2026-11-30,a10Ps00000N2yE9IAJ,0058b00000GAFCDAA5,2026-05-31T18:17:53.000Z,20.0,2026-12-01,2026-05-31,Tow Sign Photo,Awaiting Applicant Info,Street Space,SSP-26-02756,012Ps000005citCIAQ,remodel,574 30TH  AVE,2026-06-01,2026-05-31T18:18:49.000Z,2.0,2026-11-30,2026-06-01,Not Enforceable
PLANART CONSTRUCTION CORPORATON,2026-05-27T22:25:04.000Z,2026-11-30,a10Ps00000N34HxIAJ,0058b00000GAFCDAA5,2026-05-29T09:00:22.000Z,20.0,2026-12-01,2026-05-29,Tow Sign Photo,Awaiting Applicant Info,Street Space,SSP-26-02758,012Ps000005citCIAQ,"scaffold, container and restroom",290 RUTLEDGE  ST,2026-06-01,2026-05-29T09:01:04.000Z,2.0,2026-11-30,2026-06-01,Not Enforceable
AYANJIT PHUKAN,2026-05-28T17:05:30.000Z,2026-09-30,a10Ps00000N70UHIAZ,0058b00000GAFCDAA5,2026-10-01T07:00:19.000Z,40.0,2026-10-01,2026-06-01,Closed,Expired,Street Space,SSP-26-02774,012Ps000005citCIAQ,"parking loading and unloading materials, taking out trash",2111 FRANKLIN  ST,2026-06-01,2026-10-01T07:00:20.000Z,3.0,2026-09-30,2026-06-01,Not Enforceable
ROBLES RAUL G,2026-05-28T19:19:00.000Z,2026-12-09,a10Ps00000N7rryIAB,0058b00000GAFCDAA5,2026-05-28T21:58:15.000Z,42.0,2026-12-10,2026-05-28,Tow Sign Photo,Awaiting Applicant Info,Street Space,SSP-26-02788,012Ps000005citCIAQ,Loading/unloading of materials,2750 VALLEJO  ST,2026-06-10,2026-05-28T21:58:15.000Z,4.0,2026-12-09,2026-06-10,Not Enforceable
KARNILOWICZ HENRY,2026-05-28T20:20:16.000Z,2026-11-30,a10Ps00000N886PIAR,0058b00000GAFCDAA5,2026-05-28T21:07:28.000Z,20.0,2026-12-01,2026-05-28,Tow Sign Photo,Awaiting Applicant Info,Street Space,SSP-26-02796,012Ps000005citCIAQ,Construction parking,90 PERALTA  AVE,2026-06-01,2026-05-28T21:07:28.000Z,2.0,2026-11-30,2026-06-01,Not Enforceable
BLUEFIELD CONSTRUCTION,2026-05-28T20:45:18.000Z,2026-12-02,a10Ps00000N8D4TIAV,005Ps00000LEF6MIAX,2026-06-04T23:20:29.000Z,,2026-12-03,2026-05-28,Active,Active,Street Space,SSP-26-02798,012Ps000005citCIAQ,car parking,8027 GEARY  BLVD,2026-06-03,2026-06-04T23:20:29.000Z,2.0,2026-12-02,2026-06-03,Enforceable
"BARRON CONSTRUCTION, INC",2026-05-28T21:12:54.000Z,2026-11-30,a10Ps00000N8cPRIAZ,005Ps00000LEF6MIAX,2026-06-04T22:06:01.000Z,25.0,2026-12-01,2026-05-29,Active,Active,Street Space,SSP-26-02799,012Ps000005citCIAQ,Construction of new building,144 LAIDLEY  ST,2026-06-01,2026-06-04T22:06:01.000Z,3.0,2026-11-30,2026-06-01,Enforceable
O'NEILL CONSTRUCTION INC,2026-05-28T21:54:48.000Z,2026-12-04,a10Ps00000N8l9NIAR,005Ps00000LEF6MIAX,2026-06-10T22:21:52.000Z,40.0,2026-12-05,2026-06-01,Active,Active,Street Space,SSP-26-02800,012Ps000005citCIAQ,DBI BPA – Construction Staging,160 SEACLIFF  AVE,2026-06-05,2026-06-10T22:21:52.000Z,3.0,2026-12-04,2026-06-05,Enforceable
SAN FRANCISCO DEVELOPERS INC,2026-05-29T16:23:48.000Z,2026-12-02,a10Ps00000NC8EHIA1,0058b00000GAFCDAA5,2026-06-02T16:00:18.000Z,20.0,2026-12-03,2026-06-02,Tow Sign Photo,Awaiting Applicant Info,Street Space,SSP-26-02814,012Ps000005citCIAQ,Street Space Required for Improvement Work,2821 STEINER  ST,2026-06-03,2026-06-02T16:01:03.000Z,2.0,2026-12-02,2026-06-03,Not Enforceable
CENTRIC CONSTRUCTION INC,2026-05-29T16:42:07.000Z,2026-10-03,a10Ps00000NCVSbIAP,0058b00000GAFCDAA5,2026-10-04T07:00:17.000Z,40.0,2026-10-04,2026-06-01,Closed,Expired,Street Space,SSP-26-02815,012Ps000005citCIAQ,"site loading and unloading, dumpster location",181 03RD  ST,2026-06-04,2026-10-04T07:00:18.000Z,3.0,2026-10-03,2026-06-04,Not Enforceable
YEUNG CHI SUM,2026-05-29T16:53:09.000Z,2026-12-01,a10Ps00000NBzkUIAT,005Ps00000LEF6MIAX,2026-06-09T17:06:35.000Z,20.0,2026-12-02,2026-05-29,Active,Active,Street Space,SSP-26-02816,012Ps000005citCIAQ,"crew vehicle parking, debris box, materials",650 23RD  AVE,2026-06-02,2026-06-09T17:06:35.000Z,2.0,2026-12-01,2026-06-02,Enforceable
MCKEE CHARLES,2026-05-29T17:43:37.000Z,2026-12-01,a10Ps00000NCX4eIAH,005Ps00000LEF6MIAX,2026-08-31T18:00:52.000Z,100.0,2026-12-02,2026-05-29,Active,Active,Street Space,SSP-26-02819,012Ps000005citCIAQ,parking,2440 PACIFIC  AVE,2026-06-02,2026-08-31T18:00:52.000Z,7.0,2026-12-01,2026-06-02,Enforceable
YOUNG LU,2026-05-29T18:12:11.000Z,2026-10-01,a10Ps00000ND9WTIA1,0058b00000GAFCDAA5,2026-10-02T07:00:23.000Z,20.0,2026-10-02,2026-05-29,Closed,Expired,Street Space,SSP-26-02824,012Ps000005citCIAQ,Construction parking,752 10TH  AVE,2026-06-02,2026-10-02T07:00:23.000Z,2.0,2026-10-01,2026-06-02,Not Enforceable
S A BAXTER INC,2026-05-29T18:36:48.000Z,2026-10-01,a10Ps00000NDGEbIAP,0058b00000GAFCDAA5,2026-10-02T07:00:23.000Z,20.0,2026-10-02,2026-06-08,Closed,Expired,Street Space,SSP-26-02826,012Ps000005citCIAQ,"The intent is to use the parking space for construction-related activities, including material storage, equipment access, and temporary use during the construction process.",4039 NORIEGA  ST,2026-06-02,2026-10-02T07:00:24.000Z,2.0,2026-10-01,2026-06-02,Not Enforceable
FARALLON GENERAL CONTRACTORS,2026-05-29T19:05:28.000Z,2026-10-11,a10Ps00000NDLvpIAH,005Ps00000LEF6MIAX,2026-06-22T15:34:37.000Z,20.0,2026-10-12,2026-05-29,Active,Active,Street Space,SSP-26-02829,012Ps000005citCIAQ,Major renovation of existing structure. Loading/unloading of materials and staging of equipment.,3368 JACKSON  ST,2026-06-12,2026-06-22T15:34:37.000Z,2.0,2026-10-11,2026-06-12,Enforceable
WERNERS GENERAL CONTRACTOR,2026-05-29T20:43:28.000Z,2026-10-01,a10Ps00000NE2eDIAT,0058b00000GAFCDAA5,2026-10-02T07:00:23.000Z,20.0,2026-10-02,2026-05-29,Closed,Expired,Street Space,SSP-26-02833,012Ps000005citCIAQ,construction parking,180 NOE  ST,2026-06-02,2026-10-02T07:00:24.000Z,2.0,2026-10-01,2026-06-02,Not Enforceable
BATES TAMARA,2026-05-29T20:52:44.000Z,2026-12-22,a10Ps00000NE4UjIAL,005Ps00000LEF6MIAX,2026-06-24T21:34:14.000Z,20.0,2026-12-23,2026-06-01,Active,Active,Street Space,SSP-26-02834,012Ps000005citCIAQ,DBI BPA – Construction Staging,1200 CALIFORNIA  ST,2026-06-23,2026-06-24T21:34:14.000Z,2.0,2026-12-22,2026-06-23,Enforceable
TIPCO CONSTRUCTION INC,2026-05-29T22:28:22.000Z,2026-12-02,a10Ps00000NEJ3xIAH,005Ps00000LEF6MIAX,2026-06-16T23:15:21.000Z,42.0,2026-12-03,2026-06-03,Active,Active,Street Space,SSP-26-02837,012Ps000005citCIAQ,New Construction space need for deliveries etc,6 CAINE  AVE,2026-06-03,2026-06-16T23:15:21.000Z,4.0,2026-12-02,2026-06-03,Enforceable
O'DONOGHUE CONSTRUCTION INC,2026-05-31T18:05:45.000Z,2026-12-14,a10Ps00000NGdQ0IAL,0058b00000GAFCDAA5,2026-06-01T22:06:16.000Z,20.0,2026-12-15,2026-06-01,Tow Sign Photo,Awaiting Applicant Info,Street Space,SSP-26-02843,012Ps000005citCIAQ,DBI BPA - Construction Staging,1057 PACIFIC  AVE,2026-06-15,2026-06-01T22:06:16.000Z,2.0,2026-12-14,2026-06-15,Not Enforceable
MARK SCOTT CONSTRUCTION INC,2026-06-01T14:29:59.000Z,2026-10-07,a10Ps00000NK4NBIA1,0058b00000GAFCDAA5,2026-06-19T16:26:18.000Z,20.0,2026-10-08,2026-06-19,Tow Sign Photo,Awaiting Applicant Info,Street Space,SSP-26-02846,012Ps000005citCIAQ,DBI BPA - Construction Staging,3126 22ND  ST,2026-06-08,2026-10-02T07:30:05.000Z,2.0,2026-10-07,2026-06-08,Not Enforceable
,2026-06-01T15:44:30.000Z,2026-10-31,a10Ps00000NKW4vIAH,005Ps00000LEF6MIAX,2026-08-31T22:06:23.000Z,20.0,2026-11-01,2026-06-27,Active,Active,Street Space,SSP-26-02848,012Ps000005citCIAQ,DBI BPA - Construction Staging,3987 19TH  ST,2026-07-01,2026-08-31T22:06:23.000Z,2.0,2026-10-31,2026-07-01,Enforceable
,2026-06-01T17:27:09.000Z,2026-10-07,a10Ps00000NLLIjIAP,005Ps00000PMWndIAH,2026-09-23T05:32:34.000Z,20.0,2026-10-08,2026-06-01,Active,Active,Street Space,SSP-26-02857,012Ps000005citCIAQ,Debris box,2201 12TH  AVE,2026-06-08,2026-09-23T05:32:34.000Z,4.0,2026-10-07,2026-06-08,Enforceable
ELEVEN ENGINEERING INC,2026-06-01T17:55:02.000Z,2026-12-04,a10Ps00000NLkYrIAL,0058b00000GAFCDAA5,2026-06-02T17:58:57.000Z,20.0,2026-12-05,2026-06-02,Tow Sign Photo,Awaiting Applicant Info,Street Space,SSP-26-02862,012Ps000005citCIAQ,Parking for work truck.,1525 BEACH  ST,2026-06-05,2026-06-02T17:58:57.000Z,2.0,2026-12-04,2026-06-05,Not Enforceable
BOLMAN DESIREE,2026-06-01T17:55:28.000Z,2026-12-07,a10Ps00000NLknNIAT,0058b00000GAFCDAA5,2026-06-10T01:19:20.000Z,20.0,2026-12-08,2026-06-09,Tow Sign Photo,Awaiting Applicant Info,Street Space,SSP-26-02863,012Ps000005citCIAQ,parking and porta john,4257 23RD  ST,2026-06-08,2026-06-10T01:19:20.000Z,2.0,2026-12-07,2026-06-08,Not Enforceable
,2026-06-01T19:59:38.000Z,2026-12-04,a10Ps00000NLpS6IAL,005Ps00000IzXSvIAN,2026-08-28T18:15:31.000Z,25.0,2026-12-05,2026-06-04,Final Review,Awaiting Applicant Info,Street Space,SSP-26-02871,012Ps000005citCIAQ,Loading and unloading materials,1721 SCOTT  ST,2026-06-05,2026-08-28T18:15:31.000Z,3.0,2026-12-04,2026-06-05,Not Enforceable
YEUNG CHI SUM,2026-06-01T20:03:30.000Z,2026-11-04,a10Ps00000NM2tyIAD,005Ps00000LEF6MIAX,2026-06-22T23:49:16.000Z,20.0,2026-11-05,2026-06-02,Active,Active,Street Space,SSP-26-02872,012Ps000005citCIAQ,"landscaping, crew vehicle parking, clean up",1233 SHRADER  ST,2026-06-05,2026-06-22T23:49:16.000Z,2.0,2026-11-04,2026-06-05,Enforceable
SCOTT & WARNER BUILDERS INC,2026-06-01T21:00:42.000Z,2026-12-07,a10Ps00000NMok5IAD,005Ps00000IzXSvIAN,2026-09-23T18:38:41.000Z,25.0,2026-12-08,2026-06-02,Active,Active,Street Space,SSP-26-02873,012Ps000005citCIAQ,parking for deliveries,1953 WEBSTER  ST,2026-06-08,2026-09-23T18:38:41.000Z,3.0,2026-12-07,2026-06-08,Enforceable
HUGHES AND COMPANY CONSTRUCTION,2026-06-02T15:57:32.000Z,2026-12-07,a10Ps00000NQN5NIAX,005Ps00000LEF6MIAX,2026-06-16T17:09:24.000Z,40.0,2026-12-08,2026-06-09,Active,Active,Street Space,SSP-26-02890,012Ps000005citCIAQ,"Loading and unloading of building materials, Parking for construction vehicles supporting active permitted construction, Construction staging and contractor vehicle parking.",2606 JACKSON  ST,2026-06-08,2026-06-16T17:09:24.000Z,3.0,2026-12-07,2026-06-08,Enforceable
O'NEILL CONSTRUCTION INC,2026-06-02T18:17:15.000Z,2026-12-07,a10Ps00000NSMI5IAP,005Ps00000LEF6MIAX,2026-06-10T20:13:57.000Z,53.0,2026-12-08,2026-06-02,Active,Active,Street Space,SSP-26-02898,012Ps000005citCIAQ,Parking only,224 SEACLIFF  AVE,2026-06-08,2026-06-10T20:13:57.000Z,4.0,2026-12-07,2026-06-08,Enforceable
,2026-06-02T18:26:54.000Z,2026-09-26,a10Ps00000NSMl8IAH,0058b00000GAFCDAA5,2026-09-27T07:00:12.000Z,20.0,2026-09-27,2026-06-02,Closed,Expired,Street Space,SSP-26-02899,012Ps000005citCIAQ,Delivery of construction material and removal of waste; contractor parking,2900 JACKSON  ST,2026-06-27,2026-09-27T07:00:13.000Z,3.0,2026-09-26,2026-06-27,Not Enforceable
STRUCTORIS INC,2026-06-02T18:33:43.000Z,2026-10-05,a10Ps00000NSR85IAH,0058b00000GAFCDAA5,2026-06-02T18:49:28.000Z,20.0,2026-10-06,2026-06-02,Tow Sign Photo,Awaiting Applicant Info,Street Space,SSP-26-02900,012Ps000005citCIAQ,Parking and Portable Restroom,425 25TH  AVE,2026-06-06,2026-09-30T07:30:03.000Z,2.0,2026-10-05,2026-06-06,Not Enforceable
SHAW BENJAMIN,2026-06-02T20:56:02.000Z,2026-09-22,a10Ps00000NT3OfIAL,0058b00000GAFCDAA5,2026-09-23T07:00:31.000Z,20.0,2026-09-23,2026-06-04,Closed,Expired,Street Space,SSP-26-02912,012Ps000005citCIAQ,Construction vehicle parking,666 CAYUGA  AVE,2026-06-23,2026-09-23T07:00:33.000Z,2.0,2026-09-22,2026-06-23,Not Enforceable
"BANA BUILDERS, INC.",2026-06-02T20:57:50.000Z,2026-12-07,a10Ps00000NT3tJIAT,005Ps00000LEF6MIAX,2026-06-10T23:10:56.000Z,100.0,2026-12-08,2026-06-09,Active,Active,Street Space,SSP-26-02913,012Ps000005citCIAQ,Placement of temporary construction jobsite trailer and storage bins in curbside parking spaces to support ongoing construction activities under DSA Project No.01-122533.,5 LENOX  WAY,2026-06-08,2026-06-10T23:10:56.000Z,6.0,2026-12-07,2026-06-08,Enforceable
YOUNG & BURTON INC,2026-06-02T20:59:04.000Z,2026-12-23,a10Ps00000NT4B3IAL,005Ps00000LEF6MIAX,2026-06-22T15:03:54.000Z,60.0,2026-12-24,2026-06-05,Active,Active,Street Space,SSP-26-02914,012Ps000005citCIAQ,Construction vehicle parking and construction staging,214 SPRUCE  ST,2026-06-24,2026-06-22T15:03:54.000Z,4.0,2026-12-23,2026-06-24,Enforceable
PLANT CONSTRUCTION COMPANY LP,2026-06-02T21:22:02.000Z,2026-12-07,a10Ps00000NT8PxIAL,005Ps00000LEF6MIAX,2026-06-04T23:21:53.000Z,94.0,2026-12-08,2026-06-03,Active,Active,Street Space,SSP-26-02915,012Ps000005citCIAQ,Temp Parking,800 CHESTNUT  ST,2026-06-08,2026-06-04T23:21:53.000Z,6.0,2026-12-07,2026-06-08,Enforceable
PALACIOS CARLOS F,2026-06-02T22:21:36.000Z,2026-12-07,a10Ps00000NTI17IAH,0058b00000GAFCDAA5,2026-06-02T22:33:33.000Z,20.0,2026-12-08,2026-06-02,Tow Sign Photo,Awaiting Applicant Info,Street Space,SSP-26-02918,012Ps000005citCIAQ,contractor parking,75 SAN JACINTO  WAY,2026-06-08,2026-06-02T22:33:33.000Z,2.0,2026-12-07,2026-06-08,Not Enforceable
URBAN CREW CONSTRUCTION,2026-06-03T15:26:21.000Z,2026-12-14,a10Ps00000NXBXJIA5,0058b00000GAFCDAA5,2026-06-04T16:28:26.000Z,20.0,2026-12-15,2026-06-04,Tow Sign Photo,Awaiting Applicant Info,Street Space,SSP-26-02929,012Ps000005citCIAQ,DBI BPA - Construction Staging,1842 LAKE  ST,2026-06-15,2026-06-04T16:28:26.000Z,2.0,2026-12-14,2026-06-15,Not Enforceable
"TRI-QUEST BUILDERS & DEVELOPERS, INC.",2026-06-03T15:40:05.000Z,2026-12-07,a10Ps00000NXFr3IAH,005Ps00000LEF6MIAX,2026-06-30T21:34:21.000Z,60.0,2026-12-08,2026-06-24,Active,Active,Street Space,SSP-26-02930,012Ps000005citCIAQ,Dumpster & Vehicle Parking,1830 OCEAN  AVE,2026-06-08,2026-06-30T21:34:21.000Z,4.0,2026-12-07,2026-06-08,Enforceable
KMC CONSTRUCTION CORPORATION,2026-06-03T16:00:22.000Z,2026-12-08,a10Ps00000NXOCnIAP,005Ps00000LEF6MIAX,2026-06-05T15:39:18.000Z,20.0,2026-12-09,2026-06-03,Active,Active,Street Space,SSP-26-02932,012Ps000005citCIAQ,Workers need to park during the course of construction for the permitted work. Unloading and offloading construction tools and materials.,4211 26TH  ST,2026-06-09,2026-06-05T15:39:18.000Z,2.0,2026-12-08,2026-06-09,Enforceable
NORMAN CHARLES CONST.INC.,2026-06-03T17:43:20.000Z,2026-12-07,a10Ps00000NXuuDIAT,005Ps00000LEF6MIAX,2026-06-11T23:50:57.000Z,40.0,2026-12-08,2026-06-08,Active,Active,Street Space,SSP-26-02940,012Ps000005citCIAQ,"Material deliveries for active construction site, porter potty, etc",2100 GREEN  ST,2026-06-08,2026-06-11T23:50:57.000Z,4.0,2026-12-07,2026-06-08,Enforceable
"PRIME CONSTRUCTION & RENOVATION, INC.",2026-06-03T19:17:05.000Z,2026-12-07,a10Ps00000NYgZ3IAL,005Ps00000LEF6MIAX,2026-06-05T19:08:30.000Z,20.0,2026-12-08,2026-06-04,Active,Active,Street Space,SSP-26-02944,012Ps000005citCIAQ,Parking,314 PARK  ST,2026-06-08,2026-06-05T19:08:30.000Z,2.0,2026-12-07,2026-06-08,Enforceable
,2026-06-03T20:48:14.000Z,2026-12-08,a10Ps00000NZ8ALIA1,005Ps00000IzXSvIAN,2026-08-31T21:31:01.000Z,25.0,2026-12-09,2026-06-05,Active,Active,Street Space,SSP-26-02947,012Ps000005citCIAQ,Loading/unloading of materials and staging of equipment,683 SAN JOSE  AVE,2026-06-09,2026-08-31T21:31:01.000Z,3.0,2026-12-08,2026-06-09,Enforceable
,2026-06-03T21:35:14.000Z,2026-11-14,a10Ps00000NZIBJIA5,005Ps00000LEF6MIAX,2026-06-18T19:15:07.000Z,26.0,2026-11-15,2026-06-03,Active,Active,Street Space,SSP-26-02949,012Ps000005citCIAQ,"Contractor parking, materials delivery and staging",1035 DOLORES  ST,2026-06-15,2026-06-18T19:15:07.000Z,3.0,2026-11-14,2026-06-15,Enforceable
SCHROBSDORFF COURTNEY,2026-06-03T21:47:25.000Z,2026-12-08,a10Ps00000NZKufIAH,0058b00000GAFCDAA5,2026-06-03T22:40:41.000Z,20.0,2026-12-09,2026-06-03,Tow Sign Photo,Awaiting Applicant Info,Street Space,SSP-26-02951,012Ps000005citCIAQ,loading/unloading of materials and staging of equipment,1269 05TH  AVE,2026-06-09,2026-06-03T22:40:41.000Z,2.0,2026-12-08,2026-06-09,Not Enforceable
McMahon Construction LLC,2026-06-04T01:16:55.000Z,2026-11-07,a10Ps00000Ncc5RIAR,005Ps00000LEF6MIAX,2026-06-12T21:15:30.000Z,20.0,2026-11-08,2026-06-10,Active,Active,Street Space,SSP-26-02960,012Ps000005citCIAQ,Street space permit for portable toilet and delivery of materials,370 LEXINGTON  ST,2026-06-08,2026-06-12T21:15:30.000Z,2.0,2026-11-07,2026-06-08,Enforceable
FORMA CONSTRUCTION INC,2026-06-04T15:55:24.000Z,2026-10-01,a10Ps00000NgyVZIAZ,0058b00000GAFCDAA5,2026-10-02T07:00:23.000Z,37.0,2026-10-02,2026-06-05,Closed,Expired,Street Space,SSP-26-02967,012Ps000005citCIAQ,Street Parking for General Contractor Team/Subcontractors and Material Deliveries,2560 VALLEJO  ST,2026-07-02,2026-10-02T07:00:24.000Z,3.0,2026-10-01,2026-07-02,Not Enforceable
JEFF KING AND COMPANY INC,2026-06-05T18:36:00.000Z,2026-12-10,a10Ps00000No3yLIAR,005Ps00000IzXSvIAN,2026-08-07T21:13:42.000Z,13.0,2026-12-11,2026-06-05,Active,Active,Street Space,SSP-26-03003,012Ps000005citCIAQ,"Portable toilet, hand washing station, loading/unloading of materials.",527 HICKORY  ST,2026-06-11,2026-08-07T21:13:42.000Z,2.0,2026-12-10,2026-06-11,Enforceable
BATES TAMARA,2026-06-05T20:27:32.000Z,2026-12-10,a10Ps00000NoObQIAV,005Ps00000LEF6MIAX,2026-06-24T21:36:43.000Z,37.0,2026-12-11,2026-06-08,Active,Active,Street Space,SSP-26-03011,012Ps000005citCIAQ,"work trucks, material delivery",1333 JONES  ST,2026-06-11,2026-06-24T21:36:43.000Z,3.0,2026-12-10,2026-06-11,Enforceable
BUILD GROUP INC,2026-06-05T20:55:36.000Z,2026-12-16,a10Ps00000NoXy1IAF,005Ps00000LEF6MIAX,2026-06-15T15:44:22.000Z,20.0,2026-12-17,2026-06-11,Active,Active,Street Space,SSP-26-03012,012Ps000005citCIAQ,Construction parking.,451 PACIFIC  AVE,2026-06-17,2026-06-15T15:44:22.000Z,2.0,2026-12-16,2026-06-17,Enforceable
,2026-06-05T22:44:59.000Z,2026-12-10,a10Ps00000NpAphIAF,0058b00000GAFCDAA5,2026-06-05T23:49:14.000Z,20.0,2026-12-11,2026-06-05,Tow Sign Photo,Awaiting Applicant Info,Street Space,SSP-26-03018,012Ps000005citCIAQ,Parking space for construction,622 24TH  AVE,2026-06-11,2026-06-05T23:49:14.000Z,2.0,2026-12-10,2026-06-11,Not Enforceable
STEPHEN MC ELROY CONSTRUCTION LLC,2026-06-06T01:17:12.000Z,2026-12-14,a10Ps00000NpJwGIAV,005Ps00000LEF6MIAX,2026-06-26T20:18:13.000Z,20.0,2026-12-15,2026-06-08,Active,Active,Street Space,SSP-26-03021,012Ps000005citCIAQ,"Temporary occupancy of parking spaces for construction activities, including material deliveries, contractor vehicles, and debris removal associated with building remodel.",317 02ND  AVE,2026-06-15,2026-06-26T20:18:13.000Z,2.0,2026-12-14,2026-06-15,Enforceable
,2026-06-07T16:10:23.000Z,2026-12-11,a10Ps00000O7cIuIAJ,0058b00000GAFCDAA5,2026-06-07T16:12:32.000Z,20.0,2026-12-12,2026-06-07,Tow Sign Photo,Awaiting Applicant Info,Street Space,SSP-26-03022,012Ps000005citCIAQ,"Parking a contractor's vehicle, loading/unloading of tools.",68 CASTRO  ST,2026-06-12,2026-06-07T16:12:32.000Z,2.0,2026-12-11,2026-06-12,Not Enforceable
LOUIS PTAK CONSTRUCTION INC,2026-06-08T15:41:30.000Z,2026-12-17,a10Ps00000OCqLBIA1,005Ps00000LEF6MIAX,2026-06-30T21:35:29.000Z,50.0,2026-12-18,2026-06-08,Active,Active,Street Space,SSP-26-03027,012Ps000005citCIAQ,"scaffold, construction parking, materials drop off",2460 LYON  ST,2026-06-18,2026-06-30T21:35:29.000Z,4.0,2026-12-17,2026-06-18,Enforceable
"SEAPOINT CONSTRUCTION, INC",2026-06-08T15:57:03.000Z,2026-10-22,a10Ps00000OCurpIAD,005Ps00000LEF6MIAX,2026-06-29T17:41:44.000Z,20.0,2026-10-23,2026-06-17,Active,Active,Street Space,SSP-26-03030,012Ps000005citCIAQ,Parking for construction.,2708 UNION  ST,2026-06-23,2026-06-29T17:41:44.000Z,2.0,2026-10-22,2026-06-23,Enforceable
KREKOW JENNINGS INC,2026-06-08T16:45:21.000Z,2026-12-11,a10Ps00000ODBELIA5,005Ps00000LEF6MIAX,2026-06-09T18:52:30.000Z,80.0,2026-12-12,2026-06-08,Active,Active,Street Space,SSP-26-03036,012Ps000005citCIAQ,"Temp sidewalk routing, concrete trucks, debris/soil removal, material deliveries, parking",201 BUENA VISTA EAST AVE,2026-06-12,2026-06-09T18:52:30.000Z,5.0,2026-12-11,2026-06-12,Enforceable
,2026-06-08T18:12:00.000Z,2026-12-11,a10Ps00000ODhZBIA1,0058b00000GAFCDAA5,2026-06-08T18:24:51.000Z,20.0,2026-12-12,2026-06-08,Tow Sign Photo,Awaiting Applicant Info,Street Space,SSP-26-03041,012Ps000005citCIAQ,Remodeling,450 39TH  AVE,2026-06-12,2026-06-08T18:24:51.000Z,2.0,2026-12-11,2026-06-12,Not Enforceable
SEISMIC RETROFITTERS,2026-06-08T21:47:00.000Z,2026-10-11,a10Ps00000OEYwuIAH,0058b00000GAFCDAA5,2026-06-09T22:30:21.000Z,25.0,2026-10-12,2026-06-09,Tow Sign Photo,Awaiting Applicant Info,Street Space,SSP-26-03054,012Ps000005citCIAQ,Space for parking and dirtbox for excavation.,945 HAIGHT  ST,2026-06-12,2026-06-09T22:30:21.000Z,3.0,2026-10-11,2026-06-12,Not Enforceable
LEE DARREN,2026-06-09T01:31:58.000Z,2026-09-21,a10Ps00000OFKgXIAX,0058b00000GAFCDAA5,2026-09-22T07:00:36.000Z,20.0,2026-09-22,,Closed,Expired,Street Space,SSP-26-03064,012Ps000005citCIAQ,DBI BPA - Construction Staging,267 28TH  AVE,2026-07-22,2026-09-22T07:00:41.000Z,2.0,2026-09-21,2026-07-22,Not Enforceable
MATTHEW KELLY,2026-06-09T17:59:14.000Z,2026-09-23,a10Ps00000OJ6tVIAT,0058b00000GAFCDAA5,2026-09-24T07:00:11.000Z,20.0,2026-09-24,2026-06-09,Closed,Expired,Street Space,SSP-26-03080,012Ps000005citCIAQ,construction parking & potty,708 COLE  ST,2026-06-24,2026-09-24T07:00:11.000Z,2.0,2026-09-23,2026-06-24,Not Enforceable
BLAIR BURKE,2026-06-09T22:49:13.000Z,2026-10-14,a10Ps00000OKORmIAP,005Ps00000LEF6MIAX,2026-07-06T15:32:29.000Z,40.0,2026-10-15,2026-06-11,Active,Active,Street Space,SSP-26-03096,012Ps000005citCIAQ,Parking trucks for residential construction,1100 SACRAMENTO  ST,2026-06-15,2026-07-06T15:32:29.000Z,4.0,2026-10-14,2026-06-15,Enforceable
IGREENBUILDERS INC,2026-06-10T06:36:33.000Z,2026-12-12,a10Ps00000OM7t5IAD,0058b00000GAFCDAA5,2026-06-11T20:51:13.000Z,25.0,2026-12-13,2026-06-11,Tow Sign Photo,Awaiting Applicant Info,Street Space,SSP-26-03102,012Ps000005citCIAQ,construction,1025 ASHBURY  ST,2026-06-13,2026-06-11T20:51:13.000Z,3.0,2026-12-12,2026-06-13,Not Enforceable
IGREENBUILDERS INC,2026-06-10T13:02:08.000Z,2026-12-13,a10Ps00000OOR2rIAH,0058b00000GAFCDAA5,2026-06-11T20:49:48.000Z,53.0,2026-12-14,2026-06-11,Tow Sign Photo,Awaiting Applicant Info,Street Space,SSP-26-03103,012Ps000005citCIAQ,construction,1025 ASHBURY  ST,2026-06-14,2026-06-11T20:49:48.000Z,6.0,2026-12-13,2026-06-14,Not Enforceable
BLACK MOUNTAIN DEVELOPMENT,2026-06-10T16:33:50.000Z,2026-12-21,a10Ps00000OQt33IAD,005Ps00000LEF6MIAX,2026-07-22T18:43:40.000Z,55.0,2026-12-22,2026-06-18,Active,Active,Street Space,SSP-26-03111,012Ps000005citCIAQ,We need to create a frontage wall creates a barrier between the public and the home that is being remodeled. We also need to create a barrier around 2 trees and a porta-potty. Our request is detailed in the attached drawing.,2850 BROADWAY,2026-06-22,2026-07-22T18:43:40.000Z,4.0,2026-12-21,2026-06-22,Enforceable
SANDBANK CONSTRUCTION INC.,2026-06-10T18:30:13.000Z,2026-12-14,a10Ps00000OREdoIAH,005Ps00000LEF6MIAX,2026-06-22T15:35:53.000Z,20.0,2026-12-15,2026-06-11,Active,Active,Street Space,SSP-26-03123,012Ps000005citCIAQ,Parking for Construction vehicles,260 JERSEY  ST,2026-06-15,2026-06-22T15:35:53.000Z,2.0,2026-12-14,2026-06-15,Enforceable
C H BURNHAM INC,2026-06-10T19:08:50.000Z,2026-12-17,a10Ps00000ORtCHIA1,0058b00000GAFCDAA5,2026-06-11T20:49:16.000Z,20.0,2026-12-18,2026-06-11,Tow Sign Photo,Awaiting Applicant Info,Street Space,SSP-26-03125,012Ps000005citCIAQ,Residential Remodel,511 10TH  AVE,2026-06-18,2026-06-11T20:49:16.000Z,2.0,2026-12-17,2026-06-18,Not Enforceable
ANGOTTI & REILLY INC,2026-06-10T20:30:59.000Z,2026-12-16,a10Ps00000OSC5FIAX,0058b00000GAFCDAA5,2026-06-11T20:53:10.000Z,20.0,2026-12-17,2026-06-11,Tow Sign Photo,Awaiting Applicant Info,Street Space,SSP-26-03127,012Ps000005citCIAQ,"Construction barricade and fence, parking",2519 MISSION  ST,2026-06-17,2026-06-11T20:53:10.000Z,2.0,2026-12-16,2026-06-17,Not Enforceable
,2026-06-11T15:51:18.000Z,2026-12-14,a10Ps00000OYGhFIAX,005Ps00000LEF6MIAX,2026-06-26T16:21:35.000Z,20.0,2026-12-15,2026-06-11,Active,Active,Street Space,SSP-26-03138,012Ps000005citCIAQ,Portable toilet,3250 FOLSOM  ST,2026-06-15,2026-06-26T16:21:35.000Z,2.0,2026-12-14,2026-06-15,Enforceable
PRINCIPAL BUILDERS INC,2026-06-11T19:04:31.000Z,2026-12-18,a10Ps00000Oa4GzIAJ,005Ps00000LEF6MIAX,2026-06-17T22:36:00.000Z,40.0,2026-12-19,2026-06-12,Active,Active,Street Space,SSP-26-03148,012Ps000005citCIAQ,DBI BPA - Construction Staging,847 FRONT  ST,2026-06-19,2026-06-17T22:36:00.000Z,3.0,2026-12-18,2026-06-19,Enforceable
PRINCIPAL BUILDERS INC,2026-06-11T19:18:46.000Z,2026-12-18,a10Ps00000Oa7bRIAR,005Ps00000LEF6MIAX,2026-06-17T22:37:50.000Z,20.0,2026-12-19,2026-06-12,Active,Active,Street Space,SSP-26-03151,012Ps000005citCIAQ,DBI BPA - Construction Staging,847 FRONT  ST,2026-06-19,2026-06-17T22:37:50.000Z,2.0,2026-12-18,2026-06-19,Enforceable
BICARDO BUILDERS INC,2026-06-11T21:52:43.000Z,2026-12-15,a10Ps00000OaaK8IAJ,005Ps00000LEF6MIAX,2026-07-14T15:26:40.000Z,20.0,2026-12-16,2026-06-11,Active,Active,Street Space,SSP-26-03159,012Ps000005citCIAQ,parking,1916 LAKE  ST,2026-06-16,2026-07-14T15:26:40.000Z,2.0,2026-12-15,2026-06-16,Enforceable
RELIANCE HOME BUILDERS INC,2026-06-12T03:57:55.000Z,2026-10-14,a10Ps00000ObutSIAR,005Ps00000LEF6MIAX,2026-06-26T16:40:05.000Z,25.0,2026-10-15,2026-06-15,Final Review,Awaiting Applicant Info,Street Space,SSP-26-03167,012Ps000005citCIAQ,Construction Vehicle Parking,1116 DIAMOND  ST,2026-06-15,2026-06-26T16:40:05.000Z,3.0,2026-10-14,2026-06-15,Not Enforceable
P3 CONSTRUCTION & REMODELING,2026-06-12T16:16:13.000Z,2026-12-19,a10Ps00000OembBIAR,0058b00000GAFCDAA5,2026-06-12T21:05:21.000Z,20.0,2026-12-20,2026-06-12,Tow Sign Photo,Awaiting Applicant Info,Street Space,SSP-26-03173,012Ps000005citCIAQ,contractor parking,212 AVILA  ST,2026-07-20,2026-06-12T21:05:21.000Z,2.0,2026-12-19,2026-07-20,Not Enforceable
"COVENANT CONSTRUCTION & DESIGN, INC.",2026-06-12T22:07:22.000Z,2026-09-21,a10Ps00000OgLGjIAN,0058b00000GAFCDAA5,2026-09-22T07:00:36.000Z,38.0,2026-09-22,,Closed,Expired,Street Space,SSP-26-03194,012Ps000005citCIAQ,parking for subcontractors & material loading,625 LEAVENWORTH  ST,2026-06-22,2026-09-22T07:00:41.000Z,3.0,2026-09-21,2026-06-22,Not Enforceable
AYANJIT PHUKAN,2026-06-15T13:43:38.000Z,2026-10-18,a10Ps00000OoqFKIAZ,005Ps00000LEF6MIAX,2026-08-17T22:17:07.000Z,20.0,2026-10-19,2026-06-15,Active,Active,Street Space,SSP-26-03207,012Ps000005citCIAQ,"bringing in the material, taking our trash, and parking for workers",1425 GOLDEN GATE  AVE,2026-06-19,2026-08-17T22:17:07.000Z,2.0,2026-10-18,2026-06-19,Enforceable
CAHILL CONTRACTORS LLC,2026-06-15T14:23:14.000Z,2026-11-06,a10Ps00000OpOwvIAF,005Ps00000LEF6MIAX,2026-07-01T23:27:32.000Z,162.0,2026-11-07,2026-06-24,Active,Active,Street Space,SSP-26-03208,012Ps000005citCIAQ,"Unloading and loading materials, sidewalk improvement and active construction along Golden Gate Avenue.",750 GOLDEN GATE  AVE,2026-07-07,2026-07-01T23:27:32.000Z,10.0,2026-11-06,2026-07-07,Enforceable
DANIELE CONSTRUCTION INC,2026-06-15T14:48:23.000Z,2026-09-21,a10Ps00000OpCcQIAV,0058b00000GAFCDAA5,2026-09-22T07:00:36.000Z,25.0,2026-09-22,2026-06-15,Closed,Expired,Street Space,SSP-26-03210,012Ps000005citCIAQ,"porta potty, debris box. loading and unloading site material",1244 BROADWAY,2026-06-22,2026-09-22T07:00:41.000Z,3.0,2026-09-21,2026-06-22,Not Enforceable
CBS CONSTRUCTION INC,2026-06-15T17:11:09.000Z,2026-10-18,a10Ps00000Or1ubIAB,005Ps00000LEF6MIAX,2026-06-22T18:02:11.000Z,20.0,2026-10-19,2026-06-16,Active,Active,Street Space,SSP-26-03220,012Ps000005citCIAQ,Using space for portable toilet and plywood barrier to prevent outside entry while foundation is worked on due ground floor being opened up,427 PRECITA  AVE,2026-06-19,2026-06-22T18:02:11.000Z,2.0,2026-10-18,2026-06-19,Enforceable
"ZACK DE VITO, INC.",2026-06-15T17:22:00.000Z,2026-12-18,a10Ps00000Or4xJIAR,005Ps00000LEF6MIAX,2026-06-16T23:24:19.000Z,20.0,2026-12-19,2026-06-16,Active,Active,Street Space,SSP-26-03222,012Ps000005citCIAQ,Construction delivery and logistics,304 SHOTWELL  ST,2026-06-19,2026-06-16T23:24:19.000Z,2.0,2026-12-18,2026-06-19,Enforceable
STANLEY JOHN E,2026-06-15T20:33:59.000Z,2026-12-18,a10Ps00000Osl7NIAR,005Ps00000Iz73wIAB,2026-06-25T22:20:07.000Z,20.0,2026-12-19,2026-06-18,Active,Active,Street Space,SSP-26-03234,012Ps000005citCIAQ,loading and unloading of materials for job site,2174 CALIFORNIA  ST,2026-06-19,2026-06-25T22:20:07.000Z,2.0,2026-12-18,2026-06-19,Enforceable
IRELAND ROBINSON HADLEY INC,2026-06-15T20:51:53.000Z,2026-12-21,a10Ps00000OskfyIAB,005Ps00000LEF6MIAX,2026-07-23T22:50:28.000Z,25.0,2026-12-22,2026-06-16,Active,Active,Street Space,SSP-26-03237,012Ps000005citCIAQ,Construction Parking,1631 NORTH POINT  ST,2026-06-22,2026-07-23T22:50:28.000Z,3.0,2026-12-21,2026-06-22,Enforceable
HECTOR GONZALEZ,2026-06-16T03:25:19.000Z,2026-10-18,a10Ps00000Ouuo5IAB,0058b00000GAFCDAA5,2026-06-16T16:25:16.000Z,25.0,2026-10-19,2026-06-16,Tow Sign Photo,Awaiting Applicant Info,Street Space,SSP-26-03255,012Ps000005citCIAQ,"Space for dumpster truck, Portable toilet and parking",5024 GEARY  BLVD,2026-06-19,2026-06-16T16:25:16.000Z,3.0,2026-10-18,2026-06-19,Not Enforceable
OCONAIRE CONSTRUCTION INC,2026-06-16T07:11:53.000Z,2026-12-30,a10Ps00000Ovch3IAB,005Ps00000LEF6MIAX,2026-06-29T18:15:03.000Z,88.0,2026-12-31,2026-06-19,Active,Active,Street Space,SSP-26-03257,012Ps000005citCIAQ,scaffolding,2551 MISSION  ST,2026-06-30,2026-06-29T18:15:03.000Z,6.0,2026-12-30,2026-06-30,Enforceable
AYANJIT PHUKAN,2026-06-16T15:47:02.000Z,2026-09-19,a10Ps00000OytAHIAZ,0058b00000GAFCDAA5,2026-09-20T07:00:17.000Z,20.0,2026-09-20,2026-06-16,Closed,Expired,Street Space,SSP-26-03263,012Ps000005citCIAQ,"Bringing a materials, taking out trash parking for employees",3776 CESAR CHAVEZ  ST,2026-06-20,2026-09-20T07:00:18.000Z,2.0,2026-09-19,2026-06-20,Not Enforceable
JEFF KING AND COMPANY INC,2026-06-16T17:06:41.000Z,2026-10-21,a10Ps00000Ozeh3IAB,005Ps00000LEF6MIAX,2026-06-22T18:01:04.000Z,20.0,2026-10-22,2026-06-16,Active,Active,Street Space,SSP-26-03267,012Ps000005citCIAQ,"Portable toilet, hand washing station, loading unloading materials",1950 15TH  ST,2026-06-22,2026-06-22T18:01:04.000Z,2.0,2026-10-21,2026-06-22,Enforceable
MISSION HOME REMODELING,2026-06-16T17:46:55.000Z,2026-09-21,a10Ps00000OzuPFIAZ,0058b00000GAFCDAA5,2026-09-22T07:00:36.000Z,20.0,2026-09-22,2026-06-16,Closed,Expired,Street Space,SSP-26-03268,012Ps000005citCIAQ,Parking and porta potty,54 ROSSI  AVE,2026-06-22,2026-09-22T07:00:42.000Z,2.0,2026-09-21,2026-06-22,Not Enforceable
ANDREW GALLAGHER CONSTURCTION,2026-06-16T18:00:23.000Z,2026-12-21,a10Ps00000OzyJBIAZ,0058b00000GAFCDAA5,2026-06-17T17:55:13.000Z,25.0,2026-12-22,2026-06-17,Tow Sign Photo,Awaiting Applicant Info,Street Space,SSP-26-03269,012Ps000005citCIAQ,Loading/unloading of materials and staging of equipment,1027 HAYES  ST,2026-06-22,2026-06-17T17:56:04.000Z,3.0,2026-12-21,2026-06-22,Not Enforceable
JEFF KING AND COMPANY INC,2026-06-16T18:32:19.000Z,2026-09-21,a10Ps00000P07azIAB,0058b00000GAFCDAA5,2026-09-22T07:00:36.000Z,20.0,2026-09-22,2026-06-16,Closed,Expired,Street Space,SSP-26-03274,012Ps000005citCIAQ,"Portable toilet, handwashing station, loading/unloading materials",29 WEST CLAY  ST,2026-06-22,2026-09-22T07:00:42.000Z,2.0,2026-09-21,2026-06-22,Not Enforceable
HUNT ROMAN C,2026-06-16T19:34:51.000Z,2026-09-21,a10Ps00000P0OqLIAV,0058b00000GAFCDAA5,2026-09-22T07:00:36.000Z,40.0,2026-09-22,2026-06-16,Closed,Expired,Street Space,SSP-26-03280,012Ps000005citCIAQ,construction parking,425 HAYES  ST,2026-07-22,2026-09-22T07:00:42.000Z,3.0,2026-09-21,2026-07-22,Not Enforceable
HUNT ROMAN C,2026-06-16T19:46:36.000Z,2026-09-21,a10Ps00000P0SKTIA3,0058b00000GAFCDAA5,2026-09-22T07:00:36.000Z,40.0,2026-09-22,2026-06-16,Closed,Expired,Street Space,SSP-26-03282,012Ps000005citCIAQ,construction parking,460 LARKIN  ST,2026-06-22,2026-09-22T07:00:42.000Z,3.0,2026-09-21,2026-06-22,Not Enforceable
,2026-06-16T21:30:12.000Z,2026-12-21,a10Ps00000P1Do1IAF,005Ps00000LEF6MIAX,2026-06-23T21:32:14.000Z,20.0,2026-12-22,2026-06-19,Active,Active,Street Space,SSP-26-03287,012Ps000005citCIAQ,DBI BPA – Construction Staging,4210 22ND  ST,2026-06-22,2026-06-23T21:32:14.000Z,2.0,2026-12-21,2026-06-22,Enforceable
"WEI DANG BUILDERS, INC DBA JD DEVELOPMENT INC",2026-06-16T23:49:10.000Z,2026-09-21,a10Ps00000P21ODIAZ,0058b00000GAFCDAA5,2026-09-22T07:00:36.000Z,35.0,2026-09-22,2026-06-17,Closed,Expired,Street Space,SSP-26-03292,012Ps000005citCIAQ,DBI BPA – Construction Staging,566 CASTRO  ST,2026-06-22,2026-09-22T07:00:42.000Z,3.0,2026-09-21,2026-06-22,Not Enforceable
PIVOTAL BUILDERS INC.,2026-06-17T02:31:30.000Z,2026-09-21,a10Ps00000P2F2zIAF,0058b00000GAFCDAA5,2026-09-22T07:00:36.000Z,20.0,2026-09-22,2026-06-17,Closed,Expired,Street Space,SSP-26-03296,012Ps000005citCIAQ,DBI BPA – Construction Staging,1300 07TH  AVE,2026-06-22,2026-09-22T07:00:43.000Z,2.0,2026-09-21,2026-06-22,Not Enforceable
CUAN CONSTRUCTION,2026-06-17T17:42:25.000Z,2026-09-21,a10Ps00000P4sZhIAJ,0058b00000GAFCDAA5,2026-09-22T07:00:36.000Z,20.0,2026-09-22,2026-06-17,Closed,Expired,Street Space,SSP-26-03306,012Ps000005citCIAQ,Loading and unloading of materials and equipment.,2030 GOLDEN GATE  AVE,2026-06-22,2026-09-22T07:00:43.000Z,2.0,2026-09-21,2026-06-22,Not Enforceable
ARTHUR NG CONSTRUCTION,2026-06-17T18:15:23.000Z,2026-09-21,a10Ps00000P50AgIAJ,0058b00000GAFCDAA5,2026-09-22T07:00:36.000Z,40.0,2026-09-22,2026-06-22,Closed,Expired,Street Space,SSP-26-03308,012Ps000005citCIAQ,construction,300 OCTAVIA  ST,2026-06-22,2026-09-22T07:00:43.000Z,3.0,2026-09-21,2026-06-22,Not Enforceable
BAYTOWN CONSTRUCTION JAVIER CLAUDIO,2026-06-17T18:16:49.000Z,2026-09-20,a10Ps00000P51rVIAR,0058b00000GAFCDAA5,2026-09-21T07:00:12.000Z,40.0,2026-09-21,2026-06-17,Closed,Expired,Street Space,SSP-26-03309,012Ps000005citCIAQ,Contractor Parking,2139 GREEN  ST,2026-06-21,2026-09-21T07:00:12.000Z,3.0,2026-09-20,2026-06-21,Not Enforceable
FRANK-GROSSMAN LANDSCAPE ETC,2026-06-17T20:32:17.000Z,2026-09-20,a10Ps00000P5yhtIAB,0058b00000GAFCDAA5,2026-09-21T07:00:12.000Z,20.0,2026-09-21,2026-06-17,Closed,Expired,Street Space,SSP-26-03318,012Ps000005citCIAQ,Debris Box and portable toilet - landscaping,3333 JACKSON  ST,2026-06-21,2026-09-21T07:00:12.000Z,2.0,2026-09-20,2026-06-21,Not Enforceable
NOVO CONSTRUCTION INC,2026-06-17T22:09:08.000Z,2026-09-24,a10Ps00000P6IS5IAN,0058b00000GAFCDAA5,2026-09-25T07:00:18.000Z,50.0,2026-09-25,2026-06-17,Closed,Expired,Street Space,SSP-26-03325,012Ps000005citCIAQ,Two 8’4”w X 7’2”t x 22’6”l debris boxes for construction demolition,199 FREMONT  ST,2026-06-25,2026-09-25T07:00:19.000Z,4.0,2026-09-24,2026-06-25,Not Enforceable
"BAY BUILD DESIGN, INC.",2026-06-18T06:59:39.000Z,2026-12-23,a10Ps00000P7OLlIAN,0058b00000GAFCDAA5,2026-07-20T20:20:29.000Z,20.0,2026-12-24,2026-07-20,Tow Sign Photo,Awaiting Applicant Info,Street Space,SSP-26-03338,012Ps000005citCIAQ,to support construction operations,161 DEL MONTE  ST,2026-06-24,2026-07-20T20:20:51.000Z,2.0,2026-12-23,2026-06-24,Not Enforceable
DAWSON CLINTON GENERAL CONT,2026-06-18T16:31:02.000Z,2026-12-24,a10Ps00000P9wsoIAB,005Ps00000LEF6MIAX,2026-06-29T16:52:10.000Z,52.0,2026-12-25,2026-06-18,Active,Active,Street Space,SSP-26-03340,012Ps000005citCIAQ,Construction loading & delivery,585 ORTEGA  ST,2026-06-25,2026-06-29T16:52:10.000Z,4.0,2026-12-24,2026-06-25,Enforceable
BAIRES CONSTRUCTION INC,2026-06-18T17:39:20.000Z,2026-10-26,a10Ps00000P9il2IAB,0058b00000GAFCDAA5,2026-06-18T17:44:22.000Z,20.0,2026-10-27,2026-06-18,Tow Sign Photo,Awaiting Applicant Info,Street Space,SSP-26-03344,012Ps000005citCIAQ,Parking,642 EDINBURGH  ST,2026-06-27,2026-06-18T17:44:22.000Z,2.0,2026-10-26,2026-06-27,Not Enforceable
ONE CONSTRUCTION BUILDERS,2026-06-18T17:53:53.000Z,2026-09-28,a10Ps00000PB2CzIAL,0058b00000GAFCDAA5,2026-09-29T07:00:19.000Z,20.0,2026-09-29,2026-06-18,Closed,Expired,Street Space,SSP-26-03345,012Ps000005citCIAQ,the space will be use to delivery materials and pick debris from the construction site,880 URBANO  DR,2026-06-29,2026-09-29T07:00:21.000Z,2.0,2026-09-28,2026-06-29,Not Enforceable
BJLGC INC,2026-06-18T18:47:26.000Z,2026-09-23,a10Ps00000PBKY5IAP,0058b00000GAFCDAA5,2026-09-24T07:00:11.000Z,40.0,2026-09-24,2026-06-19,Closed,Expired,Street Space,SSP-26-03351,012Ps000005citCIAQ,Unloading and loading construction material,2610 FILBERT  ST,2026-06-24,2026-09-24T07:00:12.000Z,3.0,2026-09-23,2026-06-24,Not Enforceable
CMA DEVELOPMENT INC.,2026-06-18T18:59:38.000Z,2026-12-28,a10Ps00000PBOILIA5,005Ps00000LEF6MIAX,2026-06-24T21:18:20.000Z,20.0,2026-12-29,2026-06-18,Active,Active,Street Space,SSP-26-03352,012Ps000005citCIAQ,Parking for construction,81 MANCHESTER  ST,2026-06-29,2026-06-24T21:18:20.000Z,2.0,2026-12-28,2026-06-29,Enforceable
IDAN COHEN,2026-06-18T19:34:51.000Z,2026-09-21,a10Ps00000PBY81IAH,0058b00000GAFCDAA5,2026-09-22T07:00:36.000Z,40.0,2026-09-22,,Closed,Expired,Street Space,SSP-26-03354,012Ps000005citCIAQ,Parking,132 ALPINE  TER,2026-06-22,2026-09-22T07:00:44.000Z,4.0,2026-09-21,2026-06-22,Not Enforceable
"ARRIS BUILD GROUP, INC.",2026-06-18T19:54:54.000Z,2026-09-28,a10Ps00000PBd65IAD,0058b00000GAFCDAA5,2026-09-29T07:00:19.000Z,20.0,2026-09-29,2026-06-24,Closed,Expired,Street Space,SSP-26-03355,012Ps000005citCIAQ,Parking,4220 GEARY,2026-06-29,2026-09-29T07:00:22.000Z,2.0,2026-09-28,2026-06-29,Not Enforceable
"MODERN TIMES CUSTOM BUILDERS, INC",2026-06-18T19:58:32.000Z,2026-12-21,a10Ps00000PBdxJIAT,005Ps00000LEF6MIAX,2026-06-26T16:48:32.000Z,40.0,2026-12-22,2026-06-18,Active,Active,Street Space,SSP-26-03356,012Ps000005citCIAQ,Construction Parking,2350 BROADWAY,2026-06-22,2026-06-26T16:48:32.000Z,3.0,2026-12-21,2026-06-22,Enforceable
ANDREW MARK CONSTRUCTION INC,2026-06-19T06:58:37.000Z,2026-10-23,a10Ps00000PF0FpIAL,005Ps00000LEF6MIAX,2026-07-13T16:39:53.000Z,20.0,2026-10-24,2026-06-23,Active,Active,Street Space,SSP-26-03362,012Ps000005citCIAQ,"Parking for crew vehicle during construction project at 60 Rausch, under Building Permit 202604159503",60 RAUSCH  ST,2026-06-24,2026-07-13T16:39:53.000Z,2.0,2026-10-23,2026-06-24,Enforceable
ALIOTO MICHAEL J,2026-06-19T19:03:13.000Z,2026-09-24,a10Ps00000PHI2AIAX,0058b00000GAFCDAA5,2026-09-25T07:00:18.000Z,20.0,2026-09-25,2026-06-19,Closed,Expired,Street Space,SSP-26-03370,012Ps000005citCIAQ,street space parking,1565 SACRAMENTO  ST,2026-06-25,2026-09-25T07:00:19.000Z,2.0,2026-09-24,2026-06-25,Not Enforceable
ALIOTO MICHAEL J,2026-06-19T19:24:23.000Z,2026-09-28,a10Ps00000PHu5pIAD,0058b00000GAFCDAA5,2026-09-29T07:00:19.000Z,20.0,2026-09-29,2026-06-23,Closed,Expired,Street Space,SSP-26-03372,012Ps000005citCIAQ,Kitchen remodel,70 WAWONA  ST,2026-06-29,2026-09-29T07:00:22.000Z,2.0,2026-09-28,2026-06-29,Not Enforceable
,2026-06-22T18:02:38.000Z,2026-12-02,a10Ps00000PQ1RuIAL,005Ps00000LEF6MIAX,2026-09-04T23:41:24.000Z,225.0,2026-12-03,2026-08-28,Active,Active,Street Space,SSP-26-03392,012Ps000005citCIAQ,"Major renovation of existing structure - Will require scaffolding along each side of the exterior perimeter (N, S, E, W) as well as a full sidewalk closure on the Mason St. side. Street space is required for south and west facade. ADS permit will be obtained for north facade and east side (location of tunnel bores).",1490 MASON  ST,2026-09-03,2026-09-04T23:41:24.000Z,14.0,2026-12-02,2026-09-03,Enforceable
MCGOWAN BUILDERS INC,2026-06-22T18:46:38.000Z,2027-01-02,a10Ps00000PQVpmIAH,005Ps00000LEF6MIAX,2026-07-30T22:45:28.000Z,20.0,2027-01-03,2026-06-24,Active,Active,Street Space,SSP-26-03395,012Ps000005citCIAQ,To park our work truck,167 BONVIEW  ST,2026-07-03,2026-07-30T22:45:28.000Z,2.0,2027-01-02,2026-07-03,Enforceable
AMADOR GENERAL CONSTRUCTION INC,2026-06-22T18:55:50.000Z,2026-09-25,a10Ps00000PQwA1IAL,0058b00000GAFCDAA5,2026-09-26T07:00:13.000Z,20.0,2026-09-26,2026-06-22,Closed,Expired,Street Space,SSP-26-03396,012Ps000005citCIAQ,Contractor Parking,515 29TH  ST,2026-06-26,2026-09-26T07:00:14.000Z,2.0,2026-09-25,2026-06-26,Not Enforceable
AMADOR GENERAL CONSTRUCTION INC,2026-06-22T18:59:33.000Z,2026-09-25,a10Ps00000PQXgIIAX,0058b00000GAFCDAA5,2026-09-26T07:00:13.000Z,20.0,2026-09-26,2026-06-22,Closed,Expired,Street Space,SSP-26-03397,012Ps000005citCIAQ,Contractor Parking,847 HAIGHT  ST,2026-06-26,2026-09-26T07:00:14.000Z,2.0,2026-09-25,2026-06-26,Not Enforceable
DORAN BRAD D,2026-06-22T19:11:32.000Z,2026-12-31,a10Ps00000PQzuHIAT,005Ps00000LEF6MIAX,2026-07-16T16:25:42.000Z,20.0,2027-01-01,2026-07-01,Active,Active,Street Space,SSP-26-03398,012Ps000005citCIAQ,Construction parking,87 HERNANDEZ  AVE,2026-07-01,2026-07-16T16:25:42.000Z,2.0,2026-12-31,2026-07-01,Enforceable
BLUE BIRDS CONSTRUCTION INC,2026-06-22T20:12:07.000Z,2026-09-24,a10Ps00000PREQHIA5,0058b00000GAFCDAA5,2026-09-25T07:00:18.000Z,20.0,2026-09-25,2026-06-22,Closed,Expired,Street Space,SSP-26-03404,012Ps000005citCIAQ,street  space,530 26TH  AVE,2026-06-25,2026-09-25T07:00:19.000Z,2.0,2026-09-24,2026-06-25,Not Enforceable
LOUIS PTAK CONSTRUCTION INC,2026-06-22T21:42:22.000Z,2027-01-12,a10Ps00000PRqovIAD,005Ps00000LEF6MIAX,2026-08-14T18:45:46.000Z,80.0,2027-01-13,2026-06-23,Active,Active,Street Space,SSP-26-03411,012Ps000005citCIAQ,"debris boxes, construction materials, temporary vehicle parking",15 WALNUT  ST,2026-07-13,2026-08-14T18:45:46.000Z,6.0,2027-01-12,2026-07-13,Enforceable
PROFESSIONAL HOME DESIGNS,2026-06-22T21:56:02.000Z,2026-10-25,a10Ps00000PRsnVIAT,0058b00000GAFCDAA5,2026-06-24T18:56:53.000Z,20.0,2026-10-26,2026-06-24,Tow Sign Photo,Awaiting Applicant Info,Street Space,SSP-26-03412,012Ps000005citCIAQ,Loading/unloading materials,2283 MARKET  ST,2026-06-26,2026-06-24T18:57:52.000Z,2.0,2026-10-25,2026-06-26,Not Enforceable
TRINITY ELECTRIC SERVICES INC,2026-06-22T22:06:18.000Z,2026-12-25,a10Ps00000PRuKfIAL,005Ps00000LEF6MIAX,2026-06-24T21:21:04.000Z,20.0,2026-12-26,2026-06-22,Active,Active,Street Space,SSP-26-03413,012Ps000005citCIAQ,Debris removal and construction work,6121 CALIFORNIA  ST,2026-06-26,2026-06-24T21:21:04.000Z,2.0,2026-12-25,2026-06-26,Enforceable
MCGUINNESS MCCANN GROUP,2026-06-22T22:13:23.000Z,2026-12-28,a10Ps00000PRvNBIA1,005Ps00000IzXSvIAN,2026-08-04T16:58:39.000Z,20.0,2026-12-29,2026-06-23,Active,Active,Street Space,SSP-26-03414,012Ps000005citCIAQ,loading/unloading and staging equipment,3645 WASHINGTON  ST,2026-06-29,2026-08-04T16:58:39.000Z,2.0,2026-12-28,2026-06-29,Enforceable
GIANT WORK CONSTRUCTION CORP,2026-06-22T22:41:33.000Z,2026-09-29,a10Ps00000PRzk9IAD,0058b00000GAFCDAA5,2026-09-30T07:00:16.000Z,25.0,2026-09-30,2026-06-23,Closed,Expired,Street Space,SSP-26-03416,012Ps000005citCIAQ,loading/unloading materials and staging equipment,1407 23RD  AVE,2026-06-30,2026-09-30T07:00:16.000Z,3.0,2026-09-29,2026-06-30,Not Enforceable
MACKEN GAVIN,2026-06-22T23:01:13.000Z,2026-09-25,a10Ps00000PS2i1IAD,0058b00000GAFCDAA5,2026-09-26T07:00:13.000Z,25.0,2026-09-26,2026-06-23,Closed,Expired,Street Space,SSP-26-03418,012Ps000005citCIAQ,Storage of materials & work-related vehicles for job at 1909 BRODERICK ST.,1909 BRODERICK  ST,2026-06-26,2026-09-26T07:00:14.000Z,3.0,2026-09-25,2026-06-26,Not Enforceable
WEST BUILDERS INC,2026-06-23T14:50:11.000Z,2027-01-05,a10Ps00000PUPozIAH,005Ps00000LEF6MIAX,2026-06-30T21:59:52.000Z,120.0,2027-01-06,2026-06-25,Active,Active,Street Space,SSP-26-03423,012Ps000005citCIAQ,This Street Space permit is required to be able to take deliveries or stage material in order to construct a new building under the Site Permit 1481408 (Application # 201612285987),2918 MISSION  ST,2026-07-06,2026-06-30T21:59:52.000Z,7.0,2027-01-05,2026-07-06,Enforceable
CAHILL CONTRACTORS LLC,2026-06-23T17:56:03.000Z,2027-01-23,a10Ps00000PVUBVIA5,0058b00000GNxprAAD,2026-08-27T16:11:12.000Z,103.0,2027-01-24,2026-06-24,Tow Sign Photo,Awaiting Applicant Info,Street Space,SSP-26-03430,012Ps000005citCIAQ,This is a renewal request for 25SSP-00056 on behalf of MidPen,850 TURK,2026-07-24,2026-08-27T16:11:12.000Z,7.0,2027-01-23,2026-07-24,Not Enforceable
BRYCE CAMERON R,2026-06-23T18:41:28.000Z,2026-12-26,a10Ps00000PVJPmIAP,0058b00000GAFCDAA5,2026-06-23T21:28:06.000Z,20.0,2026-12-27,2026-06-23,Tow Sign Photo,Awaiting Applicant Info,Street Space,SSP-26-03433,012Ps000005citCIAQ,Renewing construction parking permit Tow-Away signs for 25-11-295770,3500 21ST  ST,2026-06-27,2026-06-23T21:28:06.000Z,2.0,2026-12-26,2026-06-27,Not Enforceable
RYAN STEELE PROPERTIES INC,2026-06-23T20:42:53.000Z,2026-09-28,a10Ps00000PWCpFIAX,0058b00000GAFCDAA5,2026-09-29T07:00:19.000Z,20.0,2026-09-29,2026-06-24,Closed,Expired,Street Space,SSP-26-03436,012Ps000005citCIAQ,Construction worker parking for active construction project,17 JORDAN  AVE,2026-06-29,2026-09-29T07:00:23.000Z,2.0,2026-09-28,2026-06-29,Not Enforceable
GASTON BERTA,2026-06-23T21:32:57.000Z,2026-09-28,a10Ps00000PWDoYIAX,0058b00000GAFCDAA5,2026-09-29T07:00:19.000Z,20.0,2026-09-29,2026-06-24,Closed,Expired,Street Space,SSP-26-03437,012Ps000005citCIAQ,Parking during construction project,2467 HARRISON  ST,2026-06-29,2026-09-29T07:00:23.000Z,2.0,2026-09-28,2026-06-29,Not Enforceable
"WINDER CONSTRUCTION, INC.",2026-06-24T04:31:02.000Z,2026-09-26,a10Ps00000PXDt0IAH,0058b00000GAFCDAA5,2026-09-27T07:00:12.000Z,20.0,2026-09-27,2026-06-25,Closed,Expired,Street Space,SSP-26-03446,012Ps000005citCIAQ,construction,640 PANORAMA  DR,2026-06-27,2026-09-27T07:00:13.000Z,2.0,2026-09-26,2026-06-27,Not Enforceable
EDRI CONSTRUCTION INC,2026-06-24T17:08:32.000Z,2026-09-29,a10Ps00000Pa10nIAB,0058b00000GAFCDAA5,2026-09-30T07:00:16.000Z,20.0,2026-09-30,2026-06-24,Closed,Expired,Street Space,SSP-26-03454,012Ps000005citCIAQ,Trash Disposal and Construction Trucks,22 SANTA MARINA  ST,2026-06-30,2026-09-30T07:00:16.000Z,2.0,2026-09-29,2026-06-30,Not Enforceable
"MATAROZZI PELSINGER BUILDERS,  LLC",2026-06-24T18:42:56.000Z,2026-12-28,a10Ps00000PaLFeIAN,0058b00000GAFCDAA5,2026-06-24T20:14:42.000Z,20.0,2026-12-29,2026-06-24,Tow Sign Photo,Awaiting Applicant Info,Street Space,SSP-26-03459,012Ps000005citCIAQ,For company car parking for daily use.,3580 CLAY  ST,2026-06-29,2026-06-24T20:14:42.000Z,2.0,2026-12-28,2026-06-29,Not Enforceable
PEDRO LOPEZ OLVERA,2026-06-24T19:15:17.000Z,2026-09-27,a10Ps00000Pb44fIAB,0058b00000GAFCDAA5,2026-09-28T07:00:33.000Z,20.0,2026-09-28,2026-07-02,Closed,Expired,Street Space,SSP-26-03460,012Ps000005citCIAQ,Portable toilet,1971 BROADWAY,2026-06-28,2026-09-28T07:00:34.000Z,2.0,2026-09-27,2026-06-28,Not Enforceable
JS BUILDERS LLC,2026-06-24T21:14:54.000Z,2027-01-05,a10Ps00000PbKRCIA3,005Ps00000Iz73wIAB,2026-07-23T21:39:52.000Z,211.0,2027-01-06,2026-07-02,Active,Active,Street Space,SSP-26-03463,012Ps000005citCIAQ,"To set scaffolding, manlift and staging area for the project.",2100 JACKSON  ST,2026-07-06,2026-07-23T21:39:52.000Z,14.0,2027-01-05,2026-07-06,Enforceable
RESTORATION WORKSHOP LTD,2026-06-24T21:52:05.000Z,2026-09-30,a10Ps00000PbhlxIAB,0058b00000GAFCDAA5,2026-10-01T07:00:19.000Z,20.0,2026-10-01,2026-06-25,Closed,Expired,Street Space,SSP-26-03464,012Ps000005citCIAQ,"Loading/ unloading materials, staging of equipment/ construction staging.",93 BUENA VISTA  TER,2026-07-01,2026-10-01T07:00:20.000Z,2.0,2026-09-30,2026-07-01,Not Enforceable
,2026-06-24T22:10:22.000Z,2026-12-28,a10Ps00000PbkgbIAB,0058b00000GAFCDAA5,2026-06-24T22:24:43.000Z,30.0,2026-12-29,2026-06-24,Tow Sign Photo,Awaiting Applicant Info,Street Space,SSP-26-03466,012Ps000005citCIAQ,construction parking,320 COLLEGE  AVE,2026-06-29,2026-06-24T22:24:43.000Z,3.0,2026-12-28,2026-06-29,Not Enforceable
AAA CONSTRUCTION MANAGEMENT,2026-06-24T23:10:19.000Z,2026-10-28,a10Ps00000PbuPpIAJ,0058b00000GAFCDAA5,2026-06-25T22:32:52.000Z,40.0,2026-10-29,2026-06-25,Tow Sign Photo,Awaiting Applicant Info,Street Space,SSP-26-03473,012Ps000005citCIAQ,Construction vehicle parking,1050 NORTH POINT  ST,2026-06-29,2026-06-25T22:32:52.000Z,3.0,2026-10-28,2026-06-29,Not Enforceable
DEL PLATA BUILDERS INC,2026-06-25T17:20:39.000Z,2026-09-28,a10Ps00000PfLrhIAF,0058b00000GAFCDAA5,2026-09-29T07:00:19.000Z,25.0,2026-09-29,2026-06-25,Closed,Expired,Street Space,SSP-26-03484,012Ps000005citCIAQ,Parking Permit - Loading and unloading materials,2113 BRODERICK  ST,2026-06-29,2026-09-29T07:00:23.000Z,3.0,2026-09-28,2026-06-29,Not Enforceable
,2026-06-25T19:01:00.000Z,2026-09-28,a10Ps00000Pfm8jIAB,0058b00000GAFCDAA5,2026-09-29T07:00:19.000Z,20.0,2026-09-29,2026-06-25,Closed,Expired,Street Space,SSP-26-03490,012Ps000005citCIAQ,Porta Potty,1836 PINE  ST,2026-06-29,2026-09-29T07:00:23.000Z,2.0,2026-09-28,2026-06-29,Not Enforceable
K&R BUILDERS INC,2026-06-25T19:14:41.000Z,2026-10-30,a10Ps00000Pfos5IAB,005Ps00000LEF6MIAX,2026-08-13T22:02:42.000Z,20.0,2026-10-31,2026-06-25,Active,Active,Street Space,SSP-26-03492,012Ps000005citCIAQ,Contractor Parking,739 10TH  AVE,2026-06-30,2026-08-13T22:02:42.000Z,2.0,2026-10-30,2026-06-30,Enforceable
MIZEN CONSTRUCTION INC,2026-06-25T22:00:38.000Z,2026-12-28,a10Ps00000PgMaPIAV,0058b00000GAFCDAA5,2026-06-25T22:47:53.000Z,20.0,2026-12-29,2026-06-25,Tow Sign Photo,Awaiting Applicant Info,Street Space,SSP-26-03499,012Ps000005citCIAQ,For contractor and subcontractors to occupy while performing work at the jobsite,25 FOREST SIDE  AVE,2026-06-29,2026-06-25T22:47:53.000Z,2.0,2026-12-28,2026-06-29,Not Enforceable
LANDIS HALTON,2026-06-25T22:03:59.000Z,2026-09-28,a10Ps00000PgN9tIAF,0058b00000GAFCDAA5,2026-09-29T07:00:19.000Z,20.0,2026-09-29,2026-06-25,Closed,Expired,Street Space,SSP-26-03500,012Ps000005citCIAQ,parking,604 HAIGHT  ST,2026-06-29,2026-09-29T07:00:24.000Z,2.0,2026-09-28,2026-06-29,Not Enforceable
DESIGN LINE CONSTRUCTION INC,2026-06-25T23:21:40.000Z,2026-09-30,a10Ps00000PgXnZIAV,0058b00000GAFCDAA5,2026-10-01T07:00:19.000Z,20.0,2026-10-01,2026-07-01,Closed,Expired,Street Space,SSP-26-03507,012Ps000005citCIAQ,"Loading and unloading, temporary parking, deliveries",400 HILL  ST,2026-07-01,2026-10-01T07:00:20.000Z,2.0,2026-09-30,2026-07-01,Not Enforceable
FAULTLINE CONSTRUCTION,2026-06-26T15:38:28.000Z,2026-10-31,a10Ps00000PjEObIAN,0058b00000GAFCDAA5,2026-06-26T15:49:32.000Z,20.0,2026-11-01,2026-06-26,Tow Sign Photo,Awaiting Applicant Info,Street Space,SSP-26-03516,012Ps000005citCIAQ,construction parking,4388 23RD  ST,2026-07-01,2026-06-26T15:49:32.000Z,2.0,2026-10-31,2026-07-01,Not Enforceable
CELLO & MAUDRU CONST CO INC,2026-06-26T18:04:21.000Z,2027-01-01,a10Ps00000PjhnCIAR,005Ps00000IzXSvIAN,2026-07-10T22:30:01.000Z,20.0,2027-01-02,2026-06-26,Active,Active,Street Space,SSP-26-03526,012Ps000005citCIAQ,For Debris Box and Construction parking.,3898 WASHINGTON  ST,2026-07-02,2026-07-10T22:30:01.000Z,2.0,2027-01-01,2026-07-02,Enforceable
TIP MANAGERS INC,2026-06-26T18:28:25.000Z,2026-09-30,a10Ps00000PkFKDIA3,0058b00000GAFCDAA5,2026-10-01T07:00:19.000Z,20.0,2026-10-01,2026-06-26,Closed,Expired,Street Space,SSP-26-03528,012Ps000005citCIAQ,Parking for Vehicles and Vendor Deliveries,2652 CALIFORNIA  ST,2026-07-01,2026-10-01T07:00:20.000Z,2.0,2026-09-30,2026-07-01,Not Enforceable
NEW LAKESHORE,2026-06-26T18:47:24.000Z,2026-12-30,a10Ps00000PkKgTIAV,0058b00000GNxprAAD,2026-09-22T15:51:36.000Z,40.0,2026-12-31,2026-06-26,Tow Sign Photo,Awaiting Applicant Info,Street Space,SSP-26-03532,012Ps000005citCIAQ,Construction,2435 OCEAN  AVE,2026-06-30,2026-09-22T15:51:36.000Z,3.0,2026-12-30,2026-06-30,Not Enforceable
NORTH GATE BUILDERS INC,2026-06-26T19:58:10.000Z,2026-09-30,a10Ps00000PkaIDIAZ,0058b00000GAFCDAA5,2026-10-01T07:00:19.000Z,20.0,2026-10-01,2026-06-26,Closed,Expired,Street Space,SSP-26-03537,012Ps000005citCIAQ,Parking for contractor and subcontractors,411 SHRADER  ST,2026-07-01,2026-10-01T07:00:21.000Z,2.0,2026-09-30,2026-07-01,Not Enforceable
ALVAREZ CONSTRUCTION &TILE INC,2026-06-27T00:04:58.000Z,2026-09-26,a10Ps00000PlAC1IAN,0058b00000GAFCDAA5,2026-09-27T07:00:12.000Z,20.0,2026-09-27,2026-07-22,Closed,Expired,Street Space,SSP-26-03542,012Ps000005citCIAQ,Building Maintenance / Painting,2249 BAY  ST,2026-07-27,2026-09-27T07:00:13.000Z,2.0,2026-09-26,2026-07-27,Not Enforceable
JONATHAN RALPH SANDLER,2026-06-28T18:37:46.000Z,2026-11-02,a10Ps00000Pnn4PIAR,005Ps00000LEF6MIAX,2026-09-29T21:22:10.000Z,32.0,2026-11-03,2026-06-28,Final Review,Awaiting Applicant Info,Street Space,SSP-26-03546,012Ps000005citCIAQ,Contractor parking,15 WESTGATE  DR,2026-07-03,2026-09-29T21:22:10.000Z,3.0,2026-11-02,2026-07-03,Not Enforceable
K2 BUILDERS INC,2026-06-29T15:47:39.000Z,2026-10-03,a10Ps00000Pr3J7IAJ,0058b00000GAFCDAA5,2026-10-04T07:00:17.000Z,55.0,2026-10-04,2026-07-02,Closed,Expired,Street Space,SSP-26-03550,012Ps000005citCIAQ,DBI BPA - Construction Staging,2518 BUCHANAN  ST,2026-07-04,2026-10-04T07:00:18.000Z,4.0,2026-10-03,2026-07-04,Not Enforceable
K2 BUILDERS INC,2026-06-29T16:42:10.000Z,2026-10-04,a10Ps00000PrJirIAF,005Ps00000IzXSvIAN,2026-07-16T23:27:57.000Z,31.0,2026-10-05,2026-07-02,Active,Active,Street Space,SSP-26-03554,012Ps000005citCIAQ,DBI BPA - Construction Staging,2770 GREEN  ST,2026-07-05,2026-09-29T07:30:06.000Z,3.0,2026-10-04,2026-07-05,Enforceable
DANZIGER ROBERT M,2026-06-29T16:55:51.000Z,2026-10-10,a10Ps00000PrNbBIAV,005Ps00000LEF6MIAX,2026-08-17T22:24:09.000Z,27.0,2026-10-11,2026-06-29,Final Review,Awaiting Applicant Info,Street Space,SSP-26-03556,012Ps000005citCIAQ,Parking for contractors,3536 WASHINGTON  ST,2026-08-11,2026-08-17T22:24:09.000Z,3.0,2026-10-10,2026-08-11,Not Enforceable
ROCKLAND CONSTRUCTION GROUP,2026-06-29T17:11:47.000Z,2026-10-12,a10Ps00000PrS4bIAF,0058b00000GAFCDAA5,2026-06-29T17:40:22.000Z,20.0,2026-10-13,2026-06-29,Tow Sign Photo,Awaiting Applicant Info,Street Space,SSP-26-03558,012Ps000005citCIAQ,parking,4150 25TH  ST,2026-07-13,2026-06-29T17:40:22.000Z,2.0,2026-10-12,2026-07-13,Not Enforceable
KEEGAN CONSTRUCTION INC,2026-06-29T18:03:00.000Z,2026-10-05,a10Ps00000PrfcwIAB,005Ps00000IvVmIIAV,2026-07-20T20:58:04.000Z,20.0,2026-10-06,2026-06-30,Active,Active,Street Space,SSP-26-03562,012Ps000005citCIAQ,LOADING AND UNLOADING OF MATERIALS,1320 KEARNY  ST,2026-07-06,2026-09-30T07:30:04.000Z,2.0,2026-10-05,2026-07-06,Enforceable
MAYOST ELISHA,2026-06-29T18:33:23.000Z,2027-01-02,a10Ps00000Prnx3IAB,0058b00000GAFCDAA5,2026-06-29T19:42:14.000Z,20.0,2027-01-03,2026-06-29,Tow Sign Photo,Awaiting Applicant Info,Street Space,SSP-26-03567,012Ps000005citCIAQ,constriction zoon,286 EUREKA  ST,2026-07-03,2026-06-29T19:42:14.000Z,2.0,2027-01-02,2026-07-03,Not Enforceable
STROUD ANDREW D,2026-06-29T18:48:02.000Z,2026-12-02,a10Ps00000PrsDZIAZ,0058b00000GAFCDAA5,2026-06-29T19:57:00.000Z,20.0,2026-12-03,2026-06-29,Tow Sign Photo,Awaiting Applicant Info,Street Space,SSP-26-03569,012Ps000005citCIAQ,construction parking,35 HARTFORD  ST,2026-07-03,2026-06-29T19:57:00.000Z,2.0,2026-12-02,2026-07-03,Not Enforceable
CAHILL CONTRACTORS LLC,2026-06-29T20:00:55.000Z,2027-01-05,a10Ps00000Pro6oIAB,005Ps00000LEF6MIAX,2026-07-14T15:44:34.000Z,220.0,2027-01-06,2026-07-08,Active,Active,Street Space,SSP-26-03575,012Ps000005citCIAQ,DBI BPA - Construction Staging,2970 16TH  ST,2026-07-06,2026-07-14T15:44:34.000Z,13.0,2027-01-05,2026-07-06,Enforceable
AVELAR RICHARD & ASSOCS REC SV,2026-06-30T13:45:44.000Z,2026-10-05,a10Ps00000Pus2XIAR,0058b00000GAFCDAA5,2026-06-30T13:51:52.000Z,40.0,2026-10-06,2026-06-30,Tow Sign Photo,Awaiting Applicant Info,Street Space,SSP-26-03585,012Ps000005citCIAQ,parking,819 HAMPSHIRE  ST,2026-07-06,2026-09-30T07:30:03.000Z,3.0,2026-10-05,2026-07-06,Not Enforceable
AVELAR RICHARD & ASSOCS REC SV,2026-06-30T13:52:52.000Z,2026-10-05,a10Ps00000Pur6UIAR,0058b00000GAFCDAA5,2026-06-30T13:57:32.000Z,30.0,2026-10-06,2026-06-30,Tow Sign Photo,Awaiting Applicant Info,Street Space,SSP-26-03586,012Ps000005citCIAQ,street use,3747 JACKSON  ST,2026-07-06,2026-09-30T07:30:03.000Z,3.0,2026-10-05,2026-07-06,Not Enforceable
WILSON PATRICK D,2026-06-30T15:18:53.000Z,2027-01-03,a10Ps00000PvFokIAF,005Ps00000LEF6MIAX,2026-07-16T15:09:58.000Z,20.0,2027-01-04,2026-06-30,Active,Active,Street Space,SSP-26-03589,012Ps000005citCIAQ,:oading/unloading of materials and staging of equipment,1638 LAKE  ST,2026-07-04,2026-07-16T15:09:58.000Z,2.0,2027-01-03,2026-07-04,Enforceable
CITYWEST CONSTRUCTION INC,2026-06-30T16:30:13.000Z,2027-01-05,a10Ps00000Pvql3IAB,0058b00000GAFCDAA5,2026-07-01T01:38:14.000Z,20.0,2027-01-06,2026-06-30,Tow Sign Photo,Awaiting Applicant Info,Street Space,SSP-26-03593,012Ps000005citCIAQ,load and unload materials and tools,428 COLLINGWOOD  ST,2026-07-06,2026-07-01T01:38:14.000Z,2.0,2027-01-05,2026-07-06,Not Enforceable
WE DO CONSTRUCTION INC,2026-06-30T16:43:04.000Z,2026-11-12,a10Ps00000PvugbIAB,0058b00000GAFCDAA5,2026-06-30T19:32:52.000Z,20.0,2026-11-13,2026-06-30,Tow Sign Photo,Awaiting Applicant Info,Street Space,SSP-26-03594,012Ps000005citCIAQ,Parking,1363 34TH  AVE,2026-07-13,2026-06-30T19:32:52.000Z,2.0,2026-11-12,2026-07-13,Not Enforceable
CITYWEST CONSTRUCTION INC,2026-06-30T16:51:57.000Z,2027-01-05,a10Ps00000Pvx3NIAR,0058b00000GAFCDAA5,2026-07-01T01:39:53.000Z,20.0,2027-01-06,2026-06-30,Tow Sign Photo,Awaiting Applicant Info,Street Space,SSP-26-03597,012Ps000005citCIAQ,Loading and unloading materials / tools.,3641 CLEMENT  ST,2026-07-06,2026-07-01T01:39:53.000Z,2.0,2027-01-05,2026-07-06,Not Enforceable
TRANSATLANTIC CONSTRUCTION CO,2026-06-30T16:54:45.000Z,2027-01-05,a10Ps00000PvxwDIAR,0058b00000GAFCDAA5,2026-07-02T15:28:09.000Z,50.0,2027-01-06,2026-07-02,Tow Sign Photo,Awaiting Applicant Info,Street Space,SSP-26-03598,012Ps000005citCIAQ,space will be used for material unloading and equipment parking,733 TREAT  AVE,2026-07-06,2026-07-02T15:29:08.000Z,4.0,2027-01-05,2026-07-06,Not Enforceable
GREEN BAY REMODELING INC.,2026-06-30T17:08:38.000Z,2026-10-05,a10Ps00000Pw2HZIAZ,0058b00000GAFCDAA5,2026-07-06T20:37:17.000Z,40.0,2026-10-06,2026-07-06,Tow Sign Photo,Awaiting Applicant Info,Street Space,SSP-26-03599,012Ps000005citCIAQ,Dumpster/Portable Toilet/Car Parking,275 EDGEHILL  WAY,2026-07-06,2026-09-30T07:30:03.000Z,3.0,2026-10-05,2026-07-06,Not Enforceable
CLAYROOM SOMA,2026-06-30T18:52:32.000Z,2026-10-07,a10Ps00000PwXTRIA3,0058b00000GNxprAAD,2026-09-18T21:56:11.000Z,40.0,2026-10-08,2026-06-30,Tow Sign Photo,Awaiting Applicant Info,Street Space,SSP-26-03604,012Ps000005citCIAQ,Parking for contractor vehicles,555 FULTON  ST,2026-07-08,2026-10-02T07:30:07.000Z,3.0,2026-10-07,2026-07-08,Not Enforceable
ATLAS TR INC dba ATLAS GENERAL CONSTRUCTION,2026-06-30T18:52:58.000Z,2026-10-05,a10Ps00000PwXZtIAN,005Ps00000Jcit7IAB,2026-09-30T22:18:30.000Z,20.0,2026-10-06,2026-06-30,Active,Active,Street Space,SSP-26-03605,012Ps000005citCIAQ,Construction Parking,1180 GUERRERO  ST,2026-07-06,2026-09-30T22:18:30.000Z,2.0,2026-10-05,2026-07-06,Enforceable
NOVABARSF,2026-06-30T19:56:49.000Z,2027-01-05,a10Ps00000PwosTIAR,0058b00000GAFCDAA5,2026-07-01T20:39:46.000Z,20.0,2027-01-06,2026-07-01,Tow Sign Photo,Awaiting Applicant Info,Street Space,SSP-26-03611,012Ps000005citCIAQ,Loading/unloading materials,4063 18TH  ST,2026-07-06,2026-07-01T20:39:46.000Z,2.0,2027-01-05,2026-07-06,Not Enforceable
CONNEMARA FINE TRIM INC,2026-06-30T21:41:19.000Z,2027-01-05,a10Ps00000PxIQjIAN,005Ps00000LEF6MIAX,2026-07-02T20:55:14.000Z,25.0,2027-01-06,2026-06-30,Active,Active,Street Space,SSP-26-03621,012Ps000005citCIAQ,Parking spot for foreman/subcontractors,1727 PAGE  ST,2026-07-06,2026-07-02T20:55:14.000Z,3.0,2027-01-05,2026-07-06,Enforceable
MICHAEL MURRAY,2026-06-30T22:43:27.000Z,2027-01-26,a10Ps00000PxRllIAF,005Ps00000LEF6MIAX,2026-07-16T15:08:33.000Z,25.0,2027-01-27,2026-07-13,Active,Active,Street Space,SSP-26-03624,012Ps000005citCIAQ,"Project Deliveries. Street Space permit is for 25LF in front of 72 Eureka St. only
Applicant will need to apply for ADS permit for additional LF if required.",72 EUREKA  ST,2026-07-27,2026-07-16T15:08:33.000Z,3.0,2027-01-26,2026-07-27,Enforceable
COOK GENERAL CONTRACTOR INC,2026-06-30T23:02:23.000Z,2027-01-05,a10Ps00000PxaFZIAZ,005Ps00000LEF6MIAX,2026-09-08T15:53:49.000Z,25.0,2027-01-06,2026-07-06,Active,Active,Street Space,SSP-26-03625,012Ps000005citCIAQ,Construction,2829 PACIFIC  AVE,2026-07-06,2026-09-08T15:53:49.000Z,3.0,2027-01-05,2026-07-06,Enforceable
LYONS SEAMUS M,2026-07-01T15:18:52.000Z,2026-10-05,a10Ps00000Q07iTIAR,0058b00000GAFCDAA5,2026-07-01T15:23:06.000Z,20.0,2026-10-06,2026-07-01,Tow Sign Photo,Awaiting Applicant Info,Street Space,SSP-26-03635,012Ps000005citCIAQ,"CONSTRUCTION USE, MATERIAL DELIVERIES AND HAULAGE COLLECTION",2880 GREEN  ST,2026-07-06,2026-09-30T07:30:03.000Z,2.0,2026-10-05,2026-07-06,Not Enforceable
CRONIN CONSTRUCTION &DEVLP INC,2026-07-01T15:53:15.000Z,2027-01-04,a10Ps00000Q0IfVIAV,005Ps00000Iz73wIAB,2026-08-27T14:43:18.000Z,20.0,2027-01-05,2026-07-03,Active,Active,Street Space,SSP-26-03639,012Ps000005citCIAQ,Clean up,3226 18TH  ST,2026-07-05,2026-08-27T14:43:18.000Z,2.0,2027-01-04,2026-07-05,Enforceable
AVA JAMSHIDNEJAD,2026-07-01T17:37:56.000Z,2027-01-08,a10Ps00000Q0mgnIAB,005Ps00000LEF6MIAX,2026-07-22T15:07:04.000Z,20.0,2027-01-09,2026-07-06,Final Review,Awaiting Applicant Info,Street Space,SSP-26-03643,012Ps000005citCIAQ,DBI BPA - Construction Staging,246 BOCANA  ST,2026-07-09,2026-07-22T15:07:04.000Z,2.0,2027-01-08,2026-07-09,Not Enforceable
GRASSET FREDERIC PR,2026-07-01T19:15:45.000Z,2026-11-08,a10Ps00000Q1JJNIA3,0058b00000GAFCDAA5,2026-07-06T20:38:38.000Z,20.0,2026-11-09,2026-07-06,Tow Sign Photo,Awaiting Applicant Info,Street Space,SSP-26-03651,012Ps000005citCIAQ,DBI BPA - Construction Staging,166 BONVIEW  ST,2026-07-09,2026-07-06T20:38:38.000Z,2.0,2026-11-08,2026-07-09,Not Enforceable
DEVLIN/MCNALLY CONSTRUCTION,2026-07-01T20:29:05.000Z,2027-01-08,a10Ps00000Q1c5tIAB,005Ps00000LEF6MIAX,2026-07-16T21:21:23.000Z,25.0,2027-01-09,2026-07-07,Active,Active,Street Space,SSP-26-03657,012Ps000005citCIAQ,DBI BPA - Construction Staging,2329 NORTH POINT  ST,2026-07-09,2026-07-16T21:21:23.000Z,3.0,2027-01-08,2026-07-09,Enforceable
WONG KEE DIM SUM AND DUMPLINGS,2026-07-01T21:19:05.000Z,2027-01-08,a10Ps00000Q1lsLIAR,005Ps00000IxBTKIA3,2026-07-21T23:27:07.000Z,20.0,2027-01-09,2026-07-21,Tow Sign Photo,Awaiting Applicant Info,Street Space,SSP-26-03661,012Ps000005citCIAQ,DBI BPA - Construction Staging,1043 STOCKTON  ST,2026-07-09,2026-07-21T23:27:07.000Z,2.0,2027-01-08,2026-07-09,Not Enforceable
,2026-07-02T15:06:17.000Z,2027-01-08,a10Ps00000Q5QyzIAF,0058b00000GAFCDAA5,2026-07-07T18:26:30.000Z,20.0,2027-01-09,2026-07-07,Tow Sign Photo,Awaiting Applicant Info,Street Space,SSP-26-03673,012Ps000005citCIAQ,DBI BPA - Construction Staging,2917 CALIFORNIA  ST,2026-07-09,2026-07-07T18:26:48.000Z,2.0,2027-01-08,2026-07-09,Not Enforceable
"NIBBI BROS. ASSOCIATES, INC.",2026-07-02T15:45:23.000Z,2027-01-26,a10Ps00000Q5W6mIAF,005Ps00000IzXSvIAN,2026-07-28T22:10:05.000Z,100.0,2027-01-27,2026-07-23,Active,Active,Street Space,SSP-26-03675,012Ps000005citCIAQ,Building Permit - Construction Staging,1820 POST  ST,2026-07-27,2026-07-28T22:10:05.000Z,7.0,2027-01-26,2026-07-27,Enforceable
EASTWOOD DEVELOPMENT INC,2026-07-02T16:22:01.000Z,2027-01-08,a10Ps00000Q5mZhIAJ,005Ps00000LEF6MIAX,2026-07-13T21:51:42.000Z,20.0,2027-01-09,2026-07-06,Active,Active,Street Space,SSP-26-03678,012Ps000005citCIAQ,DBI BPA - Construction Staging,448 VALLEY  ST,2026-07-09,2026-07-13T21:51:42.000Z,2.0,2027-01-08,2026-07-09,Enforceable
YEUNG CHI SUM,2026-07-02T16:36:06.000Z,2027-01-19,a10Ps00000Q5qNBIAZ,0058b00000GNxprAAD,2026-08-05T21:57:38.000Z,20.0,2027-01-20,2026-07-07,Tow Sign Photo,Awaiting Applicant Info,Street Space,SSP-26-03680,012Ps000005citCIAQ,DBI BPA - Construction Staging,4019 CESAR CHAVEZ  ST,2026-07-20,2026-08-05T21:57:38.000Z,2.0,2027-01-19,2026-07-20,Not Enforceable
LARKSPUR BUILDERS INC.,2026-07-02T18:33:59.000Z,2027-01-09,a10Ps00000Q6HYgIAN,005Ps00000LEF6MIAX,2026-07-15T22:00:55.000Z,20.0,2027-01-10,2026-07-07,Active,Active,Street Space,SSP-26-03687,012Ps000005citCIAQ,DBI BPA - Construction Staging,2972 PACIFIC  AVE,2026-07-10,2026-07-15T22:00:55.000Z,2.0,2027-01-09,2026-07-10,Enforceable
REFRESH AND BUILD INC,2026-07-02T20:17:17.000Z,2026-11-05,a10Ps00000Q6ku1IAB,0058b00000GAFCDAA5,2026-07-02T20:21:05.000Z,12.0,2026-11-06,2026-07-02,Tow Sign Photo,Awaiting Applicant Info,Street Space,SSP-26-03694,012Ps000005citCIAQ,Contractor parking,454 14TH  ST,2026-07-06,2026-07-02T20:21:05.000Z,2.0,2026-11-05,2026-07-06,Not Enforceable
CAL AM CONSTRUCTION INC,2026-07-02T21:31:11.000Z,2026-10-08,a10Ps00000Q6iYsIAJ,005Ps00000LEF6MIAX,2026-07-16T18:33:49.000Z,20.0,2026-10-09,2026-07-02,Active,Active,Street Space,SSP-26-03697,012Ps000005citCIAQ,Construction Parking,1300A 44TH  AVE,2026-07-09,2026-10-03T07:30:03.000Z,2.0,2026-10-08,2026-07-09,Enforceable
CLAYROOM SOMA,2026-07-02T22:29:32.000Z,2026-10-07,a10Ps00000Q7GlpIAF,0058b00000GAFCDAA5,2026-09-02T21:10:06.000Z,40.0,2026-10-08,2026-09-02,Tow Sign Photo,Pending,Street Space,SSP-26-03700,012Ps000005citCIAQ,contractor cars,555 FULTON  ST,2026-07-08,2026-10-02T07:30:07.000Z,3.0,2026-10-07,2026-07-08,Not Enforceable
KLW CONSTRUCTION INC,2026-07-05T21:10:24.000Z,2026-10-09,a10Ps00000QCbw5IAD,005Ps00000LEF6MIAX,2026-07-15T15:24:09.000Z,25.0,2026-10-10,2026-07-05,Active,Active,Street Space,SSP-26-03716,012Ps000005citCIAQ,BPA - Construction Staging,4006 25TH  ST,2026-07-10,2026-10-04T07:30:04.000Z,3.0,2026-10-09,2026-07-10,Enforceable
AMONE CORP,2026-07-06T15:49:41.000Z,2027-01-12,a10Ps00000QFevpIAD,005Ps00000LEF6MIAX,2026-07-14T17:04:33.000Z,60.0,2027-01-13,2026-07-08,Active,Active,Street Space,SSP-26-03720,012Ps000005citCIAQ,"Construction materials loading and unloading, scaffold on sidewalk",534 BROADWAY,2026-07-13,2026-07-14T17:04:33.000Z,4.0,2027-01-12,2026-07-13,Enforceable
BATES TAMARA,2026-07-06T17:22:42.000Z,2027-01-20,a10Ps00000QG5CrIAL,005Ps00000LEF6MIAX,2026-07-20T17:36:24.000Z,37.0,2027-01-21,2026-07-09,Active,Active,Street Space,SSP-26-03725,012Ps000005citCIAQ,"work trucks, deliveries",1200 CALIFORNIA  ST,2026-07-21,2026-07-20T17:36:24.000Z,3.0,2027-01-20,2026-07-21,Enforceable
CALIFORNIA CONSTRUCTION BAY AREA INC,2026-07-06T19:41:29.000Z,2026-10-13,a10Ps00000QGl0nIAD,0058b00000GAFCDAA5,2026-07-06T21:12:04.000Z,20.0,2026-10-14,2026-07-06,Tow Sign Photo,Awaiting Applicant Info,Street Space,SSP-26-03737,012Ps000005citCIAQ,for construction parking,132 BEULAH  ST,2026-07-14,2026-07-06T21:12:04.000Z,2.0,2026-10-13,2026-07-14,Not Enforceable
SATURN CONSTRUCTION CO,2026-07-06T20:08:46.000Z,2027-01-12,a10Ps00000QGqq5IAD,0058b00000GAFCDAA5,2026-07-10T15:29:08.000Z,49.0,2027-01-13,2026-07-10,Tow Sign Photo,Awaiting Applicant Info,Street Space,SSP-26-03738,012Ps000005citCIAQ,Deliveries,43 EVERSON  ST,2026-07-13,2026-07-10T15:30:03.000Z,4.0,2027-01-12,2026-07-13,Not Enforceable
DAWSON CLINTON GENERAL CONT,2026-07-06T21:17:44.000Z,2026-10-09,a10Ps00000QH55xIAD,005Ps00000LEF6MIAX,2026-07-13T21:16:43.000Z,20.0,2026-10-10,2026-07-09,Active,Active,Street Space,SSP-26-03742,012Ps000005citCIAQ,Construction loading and delivery.,1274 CALIFORNIA  ST,2026-07-10,2026-10-04T07:30:03.000Z,2.0,2026-10-09,2026-07-10,Enforceable
PINEDA ROLANDO,2026-07-06T21:26:21.000Z,2026-10-06,a10Ps00000QH6mnIAD,005Ps00000Jk4P3IAJ,2026-10-04T19:06:06.000Z,25.0,2026-10-07,2026-07-06,Tow Sign Photo,Awaiting Applicant Info,Street Space,SSP-26-03744,012Ps000005citCIAQ,Parking space for construction vehicles,1906 FOLSOM  ST,2026-07-07,2026-10-04T19:06:06.000Z,3.0,2026-10-06,2026-07-07,Not Enforceable
ROBERT KENNEDY CONSTRUCTION INC,2026-07-06T22:21:17.000Z,2026-11-11,a10Ps00000QHFgPIAX,0058b00000GAFCDAA5,2026-07-06T22:23:16.000Z,40.0,2026-11-12,2026-07-06,Tow Sign Photo,Awaiting Applicant Info,Street Space,SSP-26-03750,012Ps000005citCIAQ,Construction Vehicles/ Loading and Unloading Materials,1439 22ND  AVE,2026-07-12,2026-07-06T22:23:16.000Z,3.0,2026-11-11,2026-07-12,Not Enforceable
,2026-07-06T22:52:36.000Z,2027-01-12,a10Ps00000QHJYjIAP,0058b00000GAFCDAA5,2026-07-17T23:23:25.000Z,20.0,2027-01-13,2026-07-17,Tow Sign Photo,Awaiting Applicant Info,Street Space,SSP-26-03754,012Ps000005citCIAQ,Construction Work,1157 CAPP  ST,2026-07-13,2026-07-17T23:24:06.000Z,2.0,2027-01-12,2026-07-13,Not Enforceable
XTEAM DESIGN AND CONSTRUCTION,2026-07-06T23:00:41.000Z,2027-01-15,a10Ps00000QHKPxIAP,0058b00000GAFCDAA5,2026-07-14T00:59:38.000Z,20.0,2027-01-16,2026-07-13,Tow Sign Photo,Awaiting Applicant Info,Street Space,SSP-26-03757,012Ps000005citCIAQ,Building Permit - Construction Staging,4044 CESAR CHAVEZ  ST,2026-07-16,2026-07-14T00:59:38.000Z,2.0,2027-01-15,2026-07-16,Not Enforceable
TIPCO CONSTRUCTION INC,2026-07-07T12:49:40.000Z,2026-11-13,a10Ps00000QIwOLIA1,005Ps00000LEF6MIAX,2026-07-14T17:28:50.000Z,24.0,2026-11-14,2026-07-09,Active,Active,Street Space,SSP-26-03763,012Ps000005citCIAQ,New Costruction of 2 units,1347 27TH  AVE,2026-07-14,2026-07-14T17:28:50.000Z,3.0,2026-11-13,2026-07-14,Enforceable
"HARGENS,INC.",2026-07-07T15:11:48.000Z,2026-10-11,a10Ps00000QJkBRIA1,0058b00000GAFCDAA5,2026-07-09T18:02:31.000Z,20.0,2026-10-12,2026-07-09,Tow Sign Photo,Awaiting Applicant Info,Street Space,SSP-26-03768,012Ps000005citCIAQ,parking for vehicles for loading and unloading of materials,1646 FILBERT  ST,2026-07-12,2026-07-09T18:02:31.000Z,2.0,2026-10-11,2026-07-12,Not Enforceable
"ACTUALLY DESIGN BUILD, INC.",2026-07-07T17:36:21.000Z,2026-11-12,a10Ps00000QKSfVIAX,005Ps00000LEF6MIAX,2026-07-14T23:36:01.000Z,20.0,2026-11-13,2026-07-09,Active,Active,Street Space,SSP-26-03775,012Ps000005citCIAQ,Parking,27 ROANOKE  ST,2026-07-13,2026-07-14T23:36:01.000Z,2.0,2026-11-12,2026-07-13,Enforceable
415 REMODELING INC,2026-07-07T18:19:52.000Z,2026-10-16,a10Ps00000QKeNJIA1,0058b00000GAFCDAA5,2026-07-14T15:41:22.000Z,20.0,2026-10-17,2026-07-14,Tow Sign Photo,Awaiting Applicant Info,Street Space,SSP-26-03777,012Ps000005citCIAQ,Interior painting,2474 23RD  AVE,2026-07-17,2026-07-14T15:41:47.000Z,2.0,2026-10-16,2026-07-17,Not Enforceable
,2026-07-07T20:18:02.000Z,2026-10-12,a10Ps00000QLWifIAH,005Ps00000LEF6MIAX,2026-07-16T20:43:44.000Z,20.0,2026-10-13,2026-07-12,Final Review,Awaiting Applicant Info,Street Space,SSP-26-03783,012Ps000005citCIAQ,DBI BPA - Construction Staging,1425 ANZA  ST,2026-07-13,2026-07-16T20:43:44.000Z,2.0,2026-10-12,2026-07-13,Not Enforceable
MATAROZZI PELSINGER BUILD INC,2026-07-07T20:43:50.000Z,2027-01-26,a10Ps00000QLchdIAD,0058b00000GAFCDAA5,2026-07-14T22:44:19.000Z,40.0,2027-01-27,2026-07-14,Tow Sign Photo,Awaiting Applicant Info,Street Space,SSP-26-03784,012Ps000005citCIAQ,"Street space intended for ordinary residential construction activities such as the loading/unloading of materials, staging of equipment, and large deliveries.",2760 VALLEJO  ST,2026-07-27,2026-07-14T22:44:19.000Z,3.0,2027-01-26,2026-07-27,Not Enforceable
LARKIN MIKE P,2026-07-07T21:05:38.000Z,2026-12-27,a10Ps00000QLnunIAD,0058b00000GAFCDAA5,2026-07-07T22:16:28.000Z,20.0,2026-12-28,2026-07-07,Tow Sign Photo,Awaiting Applicant Info,Street Space,SSP-26-03786,012Ps000005citCIAQ,Contractor parking,2627 21ST  ST,2026-07-28,2026-07-07T22:16:28.000Z,2.0,2026-12-27,2026-07-28,Not Enforceable
EDRI CONSTRUCTION INC,2026-07-07T21:40:10.000Z,2026-10-12,a10Ps00000QLxpKIAT,0058b00000GAFCDAA5,2026-07-10T17:42:21.000Z,20.0,2026-10-13,2026-07-10,Tow Sign Photo,Awaiting Applicant Info,Street Space,SSP-26-03789,012Ps000005citCIAQ,Building Permit - Construction Staging,143 PERALTA  AVE,2026-07-13,2026-07-10T17:43:02.000Z,2.0,2026-10-12,2026-07-13,Not Enforceable
UPSCALE CONSTRUCTION INC,2026-07-07T21:44:47.000Z,2027-01-12,a10Ps00000QM2tpIAD,005Ps00000LEF6MIAX,2026-07-22T15:22:11.000Z,40.0,2027-01-13,2026-07-10,Active,Active,Street Space,SSP-26-03790,012Ps000005citCIAQ,Building Permit - Construction Staging,3330 JACKSON  ST,2026-07-13,2026-07-22T15:22:11.000Z,3.0,2027-01-12,2026-07-13,Enforceable
GIL CONSTRUCTION & ASSOC INC,2026-07-08T14:30:56.000Z,2026-09-19,a10Ps00000QOS10IAH,0058b00000GAFCDAA5,2026-09-20T07:00:08.000Z,20.0,2026-09-20,2026-07-08,Closed,Expired,Street Space,SSP-26-03806,012Ps000005citCIAQ,Compaay Vehicle Parking,23 MIRABEL  AVE,2026-07-20,2026-09-20T07:00:09.000Z,2.0,2026-09-19,2026-07-20,Not Enforceable
SAGE CONSTRUCTION SERVICES,2026-07-08T16:03:57.000Z,2026-10-12,a10Ps00000QPNldIAH,005Ps00000LEF6MIAX,2026-07-21T23:50:59.000Z,20.0,2026-10-13,2026-07-10,Active,Active,Street Space,SSP-26-03809,012Ps000005citCIAQ,Contractor parking,478 17TH  AVE,2026-07-13,2026-07-21T23:50:59.000Z,2.0,2026-10-12,2026-07-13,Enforceable
,2026-07-08T16:32:41.000Z,2026-11-12,a10Ps00000QPWIfIAP,0058b00000GAFCDAA5,2026-07-10T23:45:02.000Z,20.0,2026-11-13,2026-07-10,Tow Sign Photo,Awaiting Applicant Info,Street Space,SSP-26-03812,012Ps000005citCIAQ,Parking,1619 46TH  AVE,2026-07-13,2026-07-10T23:45:02.000Z,2.0,2026-11-12,2026-07-13,Not Enforceable
SF PERMITTING INC,2026-07-08T16:57:49.000Z,2026-09-21,a10Ps00000QPfvRIAT,0058b00000GAFCDAA5,2026-09-22T07:00:17.000Z,20.0,2026-09-22,2026-07-10,Closed,Expired,Street Space,SSP-26-03813,012Ps000005citCIAQ,work car,153 ARKANSAS  ST,2026-07-22,2026-09-22T07:00:22.000Z,2.0,2026-09-21,2026-07-22,Not Enforceable
GIL CONSTRUCTION & ASSOC INC,2026-07-08T18:30:00.000Z,2026-10-26,a10Ps00000QQ5oHIAT,0058b00000GAFCDAA5,2026-07-10T16:50:26.000Z,20.0,2026-10-27,2026-07-10,Tow Sign Photo,Awaiting Applicant Info,Street Space,SSP-26-03820,012Ps000005citCIAQ,Company Vehicle Parking,4278 CESAR CHAVEZ  ST,2026-07-27,2026-07-10T16:50:26.000Z,2.0,2026-10-26,2026-07-27,Not Enforceable
JOHNNY C ALFARO,2026-07-08T19:26:42.000Z,2026-11-02,a10Ps00000QQLeXIAX,005Ps00000IzXSvIAN,2026-08-20T18:20:08.000Z,25.0,2026-11-03,2026-07-08,Active,Active,Street Space,SSP-26-03822,012Ps000005citCIAQ,scaffolding,949 RHODE ISLAND  ST,2026-08-03,2026-08-20T18:20:08.000Z,3.0,2026-11-02,2026-08-03,Enforceable
EHLINE CONSTRUCTION INC,2026-07-08T19:29:24.000Z,2026-11-12,a10Ps00000QQMSXIA5,0058b00000GAFCDAA5,2026-07-08T19:52:10.000Z,25.0,2026-11-13,2026-07-08,Tow Sign Photo,Awaiting Applicant Info,Street Space,SSP-26-03823,012Ps000005citCIAQ,contractor access,87 ELSIE  ST,2026-07-13,2026-07-08T19:52:10.000Z,3.0,2026-11-12,2026-07-13,Not Enforceable
"FREEFORM, LLC",2026-07-08T21:39:54.000Z,2027-01-11,a10Ps00000QQimQIAT,005Ps00000IzXSvIAN,2026-07-16T23:25:29.000Z,20.0,2027-01-12,2026-07-10,Active,Active,Street Space,SSP-26-03832,012Ps000005citCIAQ,construction parking and debris box,405 BUCHANAN  ST,2026-07-12,2026-07-16T23:25:29.000Z,2.0,2027-01-11,2026-07-12,Enforceable
MP TURK STREET ASSOCIATES LP,2026-07-08T22:27:41.000Z,2027-01-23,a10Ps00000QQlfUIAT,005Ps00000LEF6MIAX,2026-07-23T16:01:32.000Z,103.0,2027-01-24,2026-07-16,Final Review,Awaiting Applicant Info,Street Space,SSP-26-03835,012Ps000005citCIAQ,Building Permit - Construction Staging,850 TURK,2026-07-24,2026-07-23T16:01:32.000Z,7.0,2027-01-23,2026-07-24,Not Enforceable
,2026-07-09T16:48:48.000Z,2026-10-12,a10Ps00000QTyLBIA1,005Ps00000LEF6MIAX,2026-07-15T22:06:35.000Z,20.0,2026-10-13,2026-07-10,Active,Active,Street Space,SSP-26-03850,012Ps000005citCIAQ,contractor parking,231 OLIVE  ST,2026-07-13,2026-07-15T22:06:35.000Z,2.0,2026-10-12,2026-07-13,Enforceable
MISSION HOME REMODELING,2026-07-09T16:59:24.000Z,2026-10-12,a10Ps00000QU12vIAD,005Ps00000LEF6MIAX,2026-08-18T17:08:31.000Z,20.0,2026-10-13,2026-07-10,Active,Active,Street Space,SSP-26-03853,012Ps000005citCIAQ,Parking,3536 22ND  ST,2026-07-13,2026-08-18T17:08:31.000Z,2.0,2026-10-12,2026-07-13,Enforceable
,2026-07-09T17:07:55.000Z,2027-01-18,a10Ps00000QTtQNIA1,005Ps00000LEF6MIAX,2026-07-13T21:08:09.000Z,20.0,2027-01-19,2026-07-09,Active,Active,Street Space,SSP-26-03854,012Ps000005citCIAQ,Contractor parking,39 SANTA ROSA  AVE,2026-07-19,2026-07-13T21:08:09.000Z,2.0,2027-01-18,2026-07-19,Enforceable
TEAM METRIC CONSTRUCTION CORPORATION,2026-07-09T20:34:00.000Z,2026-11-15,a10Ps00000QV43ZIAT,005Ps00000LEF6MIAX,2026-07-13T21:05:22.000Z,20.0,2026-11-16,2026-07-09,Active,Active,Street Space,SSP-26-03866,012Ps000005citCIAQ,Construction car parking,2380 FRANKLIN  ST,2026-07-16,2026-07-13T21:05:22.000Z,2.0,2026-11-15,2026-07-16,Enforceable
STONE AND STRYDER LLC,2026-07-09T21:25:54.000Z,2026-10-14,a10Ps00000QVZYnIAP,005Ps00000LEF6MIAX,2026-07-21T21:35:56.000Z,90.0,2026-10-15,2026-07-10,Active,Active,Street Space,SSP-26-03869,012Ps000005citCIAQ,"Designate a limited, controlled loading/unloading zone with active management to ensure nothing remains staged on side streets.",1801 CALIFORNIA  ST,2026-07-15,2026-07-21T21:35:56.000Z,7.0,2026-10-14,2026-07-15,Enforceable
"NOBLE CONSTRUCTION SERVICES, LLC",2026-07-09T21:40:26.000Z,2026-10-12,a10Ps00000QVDQIIA5,0058b00000GAFCDAA5,2026-07-14T17:44:03.000Z,25.0,2026-10-13,2026-07-14,Tow Sign Photo,Awaiting Applicant Info,Street Space,SSP-26-03871,012Ps000005citCIAQ,1 street space dump box,1443A BRODERICK  ST,2026-07-13,2026-07-14T17:45:00.000Z,3.0,2026-10-12,2026-07-13,Not Enforceable
HER CONSTRUCTION,2026-07-10T07:54:48.000Z,2026-10-15,a10Ps00000QX0jtIAD,0058b00000GAFCDAA5,2026-07-10T07:59:52.000Z,29.0,2026-10-16,2026-07-10,Tow Sign Photo,Awaiting Applicant Info,Street Space,SSP-26-03883,012Ps000005citCIAQ,BPA - Construction Staging,1816 LAKE  ST,2026-07-16,2026-07-10T07:59:52.000Z,3.0,2026-10-15,2026-07-16,Not Enforceable
BTC BOB TEDRICK CONSTRUCTION,2026-07-10T15:52:28.000Z,2026-10-13,a10Ps00000QZ2w1IAD,0058b00000GAFCDAA5,2026-07-10T21:56:41.000Z,100.0,2026-10-14,2026-07-10,Tow Sign Photo,Awaiting Applicant Info,Street Space,SSP-26-03889,012Ps000005citCIAQ,SCAFFOLDING & PARKING,790 07TH  AVE,2026-07-14,2026-07-10T21:56:41.000Z,4.0,2026-10-13,2026-07-14,Not Enforceable
RELIABLE CONSTRUCTION INC,2026-07-10T17:49:50.000Z,2026-10-13,a10Ps00000QZqO9IAL,005Ps00000LEF6MIAX,2026-07-22T18:44:29.000Z,20.0,2026-10-14,2026-07-14,Active,Active,Street Space,SSP-26-03895,012Ps000005citCIAQ,"Materials staging, parking",656 DOUGLASS  ST,2026-07-14,2026-07-22T18:44:29.000Z,2.0,2026-10-13,2026-07-14,Enforceable
PLANT CONSTRUCTION COMPANY LP,2026-07-10T19:23:22.000Z,2026-11-19,a10Ps00000QaEtVIAV,005Ps00000LEF6MIAX,2026-07-16T18:53:33.000Z,40.0,2026-11-20,2026-07-15,Active,Active,Street Space,SSP-26-03898,012Ps000005citCIAQ,The intended use for the street space is for the support of construction for unit 557 on Pacific Ave. This space is to facilitate deliveries of materials as well as dumpster/debris boxes for the off-haul of materials and other items.,557 PACIFIC  AVE,2026-07-20,2026-07-16T18:53:33.000Z,3.0,2026-11-19,2026-07-20,Enforceable
WEST COAST PREMIER CONSTR INC,2026-07-10T19:48:30.000Z,2026-10-02,a10Ps00000QaKIzIAN,0058b00000GAFCDAA5,2026-10-03T07:00:22.000Z,40.0,2026-10-03,2026-07-10,Closed,Expired,Street Space,SSP-26-03901,012Ps000005citCIAQ,construction parking,225 IRVING  ST,2026-08-03,2026-10-03T07:00:27.000Z,3.0,2026-10-02,2026-08-03,Not Enforceable
"ZACK DE VITO, INC.",2026-07-10T21:09:55.000Z,2026-12-27,a10Ps00000QaHJXIA3,005Ps00000LEF6MIAX,2026-08-03T23:39:39.000Z,20.0,2026-12-28,2026-07-30,Active,Active,Street Space,SSP-26-03904,012Ps000005citCIAQ,Construction remodel,1515 19TH  ST,2026-07-28,2026-08-03T23:39:39.000Z,2.0,2026-12-27,2026-07-28,Enforceable
REN LEI CONSTRUCTION CO INC,2026-07-10T21:58:10.000Z,2027-01-13,a10Ps00000QajkPIAR,0058b00000GAFCDAA5,2026-07-10T22:27:19.000Z,20.0,2027-01-14,2026-07-10,Tow Sign Photo,Awaiting Applicant Info,Street Space,SSP-26-03905,012Ps000005citCIAQ,loading,1737 WEBSTER  ST,2026-07-14,2026-07-10T22:27:19.000Z,2.0,2027-01-13,2026-07-14,Not Enforceable
STRUCTURAL INTEGRITY INC.,2026-07-10T22:53:29.000Z,2026-11-15,a10Ps00000QaqIrIAJ,005Ps00000LEF6MIAX,2026-07-20T23:30:27.000Z,25.0,2026-11-16,2026-07-13,Final Review,Awaiting Applicant Info,Street Space,SSP-26-03907,012Ps000005citCIAQ,Building Permit - Construction Staging,28 RALEIGH  ST,2026-07-16,2026-07-20T23:30:27.000Z,3.0,2026-11-15,2026-07-16,Not Enforceable
TOM LEE ROOFING INC,2026-07-10T23:23:44.000Z,2026-09-23,a10Ps00000QarEwIAJ,0058b00000GAFCDAA5,2026-09-24T07:00:16.000Z,20.0,2026-09-24,2026-07-13,Closed,Expired,Street Space,SSP-26-03912,012Ps000005citCIAQ,Reroofing,261 32ND  AVE,2026-08-24,2026-09-24T07:00:17.000Z,2.0,2026-09-23,2026-08-24,Not Enforceable
,2026-07-11T01:56:56.000Z,2026-11-22,a10Ps00000QbJhRIAV,0058b00000GAFCDAA5,2026-07-24T20:30:52.000Z,20.0,2026-11-23,2026-07-24,Tow Sign Photo,Awaiting Applicant Info,Street Space,SSP-26-03917,012Ps000005citCIAQ,Building Permit - Construction Staging,387 RICHLAND  AVE,2026-07-23,2026-07-24T20:31:51.000Z,2.0,2026-11-22,2026-07-23,Not Enforceable
ADVANCE ENERGY CONSTRUCTIOM INC,2026-07-11T07:14:00.000Z,2026-10-13,a10Ps00000Qbg4YIAR,0058b00000GAFCDAA5,2026-07-14T20:12:56.000Z,20.0,2026-10-14,2026-07-14,Tow Sign Photo,Awaiting Applicant Info,Street Space,SSP-26-03918,012Ps000005citCIAQ,BPA - Construction Staging,3421 20TH  ST,2026-07-14,2026-07-14T20:13:48.000Z,2.0,2026-10-13,2026-07-14,Not Enforceable
SIENA PACIFIC INC,2026-07-13T01:31:56.000Z,2027-01-15,a10Ps00000QeJ09IAF,0058b00000GAFCDAA5,2026-07-13T19:04:43.000Z,20.0,2027-01-16,2026-07-13,Tow Sign Photo,Awaiting Applicant Info,Street Space,SSP-26-03928,012Ps000005citCIAQ,Delivery of goods and materials for a major remodel.,4365 23RD  ST,2026-07-16,2026-07-13T19:04:43.000Z,2.0,2027-01-15,2026-07-16,Not Enforceable
FMA BUILDERS,2026-07-13T14:33:49.000Z,2027-01-16,a10Ps00000QfPRiIAN,005Ps00000IzXSvIAN,2026-07-28T22:11:41.000Z,59.0,2027-01-17,2026-07-15,Active,Active,Street Space,SSP-26-03931,012Ps000005citCIAQ,Building Permit - Construction Staging,3355 PACIFIC  AVE,2026-07-17,2026-07-28T22:11:41.000Z,4.0,2027-01-16,2026-07-17,Enforceable
MCGUINNESS MCCANN GROUP,2026-07-13T16:54:34.000Z,2027-06-28,a10Ps00000QgzHpIAJ,0058b00000GAFCDAA5,2026-07-13T17:00:20.000Z,20.0,2027-06-29,2026-07-13,Tow Sign Photo,Awaiting Applicant Info,Street Space,SSP-26-03934,012Ps000005citCIAQ,loading/unloading and staging equipment,3645 WASHINGTON  ST,2026-12-29,2026-07-13T17:00:20.000Z,2.0,2027-06-28,2026-12-29,Not Enforceable
LEND LEASE (US) CONSTRUCTION,2026-07-13T17:01:49.000Z,2026-10-30,a10Ps00000Qh1BZIAZ,0058b00000GAFCDAA5,2026-07-15T13:51:34.000Z,574.0,2026-10-31,2026-07-15,Tow Sign Photo,Awaiting Applicant Info,Street Space,SSP-26-03935,012Ps000005citCIAQ,Site Fence,30 VAN NESS  AVE,2026-07-31,2026-07-15T13:51:48.000Z,34.0,2026-10-30,2026-07-31,Not Enforceable
CLEANRITE INC,2026-07-13T17:59:19.000Z,2026-09-19,a10Ps00000QhHTFIA3,0058b00000GAFCDAA5,2026-09-20T07:00:08.000Z,20.0,2026-09-20,2026-07-13,Closed,Expired,Street Space,SSP-26-03940,012Ps000005citCIAQ,Debris box,158 STANYAN  BLVD,2026-07-20,2026-09-20T07:00:10.000Z,2.0,2026-09-19,2026-07-20,Not Enforceable
415 REMODELING INC,2026-07-13T18:26:32.000Z,2026-10-16,a10Ps00000QhUogIAF,0058b00000GAFCDAA5,2026-07-14T21:05:08.000Z,20.0,2026-10-17,2026-07-14,Tow Sign Photo,Awaiting Applicant Info,Street Space,SSP-26-03943,012Ps000005citCIAQ,"Loading and unloading, material deliveries.",481 JERSEY  ST,2026-07-17,2026-07-14T21:05:08.000Z,2.0,2026-10-16,2026-07-17,Not Enforceable
DIVISIONSF INC,2026-07-13T18:49:36.000Z,2027-01-30,a10Ps00000QhaxJIAR,005Ps00000LEF6MIAX,2026-07-17T23:28:56.000Z,20.0,2027-01-31,2026-07-14,Active,Active,Street Space,SSP-26-03944,012Ps000005citCIAQ,Street use parking for construction-related vehicles on active residential construction project,1318 YORK  ST,2026-07-31,2026-07-17T23:28:56.000Z,2.0,2027-01-30,2026-07-31,Enforceable
NK BUILDING CONSTRUCTION GROUP,2026-07-13T19:06:26.000Z,2026-11-19,a10Ps00000Qh8EjIAJ,0058b00000GAFCDAA5,2026-07-14T21:00:54.000Z,20.0,2026-11-20,2026-07-14,Tow Sign Photo,Awaiting Applicant Info,Street Space,SSP-26-03945,012Ps000005citCIAQ,"Street parking, loading and unloading material and tools",1319 DOLORES  ST,2026-07-20,2026-07-14T21:00:54.000Z,2.0,2026-11-19,2026-07-20,Not Enforceable
ALPHA CONSTRUCTION & SOLUTIONS INC.,2026-07-13T19:26:55.000Z,2026-10-16,a10Ps00000QhnT7IAJ,0058b00000GAFCDAA5,2026-07-13T19:41:48.000Z,20.0,2026-10-17,2026-07-13,Tow Sign Photo,Awaiting Applicant Info,Street Space,SSP-26-03946,012Ps000005citCIAQ,Contractor Parking,529 22ND  AVE,2026-07-17,2026-07-13T19:41:48.000Z,2.0,2026-10-16,2026-07-17,Not Enforceable
WEN GENERAL CONSTRUCTION INC,2026-07-13T19:29:46.000Z,2027-01-16,a10Ps00000QhoLxIAJ,005Ps00000LEF6MIAX,2026-07-13T21:04:43.000Z,20.0,2027-01-17,2026-07-13,Active,Active,Street Space,SSP-26-03947,012Ps000005citCIAQ,parking,334 WILDE  AVE,2026-07-17,2026-07-13T21:04:43.000Z,2.0,2027-01-16,2026-07-17,Enforceable
TOM LEE ROOFING INC,2026-07-13T19:53:07.000Z,2026-09-23,a10Ps00000QhtBxIAJ,0058b00000GAFCDAA5,2026-09-24T07:00:16.000Z,20.0,2026-09-24,2026-07-14,Closed,Expired,Street Space,SSP-26-03948,012Ps000005citCIAQ,reroofing,1916 JACKSON  ST,2026-08-24,2026-09-24T07:00:17.000Z,2.0,2026-09-23,2026-08-24,Not Enforceable
CONTINUUM CONSTRUCTION,2026-07-14T00:57:59.000Z,2026-10-23,a10Ps00000QiihVIAR,0058b00000GAFCDAA5,2026-07-14T22:08:12.000Z,27.0,2026-10-24,2026-07-14,Tow Sign Photo,Awaiting Applicant Info,Street Space,SSP-26-03959,012Ps000005citCIAQ,Construction related,478 JERSEY  ST,2026-07-24,2026-07-14T22:08:12.000Z,3.0,2026-10-23,2026-07-24,Not Enforceable
CONTINUUM CONSTRUCTION,2026-07-14T01:27:42.000Z,2026-09-22,a10Ps00000QiecKIAR,0058b00000GAFCDAA5,2026-09-23T07:00:08.000Z,30.0,2026-09-23,2026-07-14,Closed,Expired,Street Space,SSP-26-03960,012Ps000005citCIAQ,Constrution related,615 47TH  AVE,2026-07-23,2026-09-23T07:00:12.000Z,3.0,2026-09-22,2026-07-23,Not Enforceable
YW BUILDERS INC.,2026-07-14T14:11:22.000Z,2026-09-19,a10Ps00000Qkg3hIAB,0058b00000GAFCDAA5,2026-09-20T07:00:08.000Z,20.0,2026-09-20,2026-07-15,Closed,Expired,Street Space,SSP-26-03965,012Ps000005citCIAQ,Building Permit - Construction Staging,56 NEWBURG  ST,2026-07-20,2026-09-20T07:00:10.000Z,2.0,2026-09-19,2026-07-20,Not Enforceable
THOMPSON BUILDERS CORP,2026-07-14T15:02:03.000Z,2027-01-23,a10Ps00000QkxJ3IAJ,0058b00000GAFCDAA5,2026-07-14T23:09:03.000Z,481.0,2027-01-24,2026-07-14,Tow Sign Photo,Awaiting Applicant Info,Street Space,SSP-26-03967,012Ps000005citCIAQ,Building Permit - Construction Staging,300 DE HARO  ST,2026-07-24,2026-07-14T23:09:03.000Z,27.0,2027-01-23,2026-07-24,Not Enforceable
CUSTOM CONST ENTERPRISES,2026-07-14T15:06:01.000Z,2026-10-19,a10Ps00000Qkom2IAB,005Ps00000LEF6MIAX,2026-07-22T23:28:46.000Z,20.0,2026-10-20,2026-07-14,Active,Active,Street Space,SSP-26-03969,012Ps000005citCIAQ,LOAD/UNLOAD MATERIAL,814 GROVE  ST,2026-07-20,2026-07-22T23:28:46.000Z,2.0,2026-10-19,2026-07-20,Enforceable
ACHILL BEG CONSTRUCTION INC,2026-07-14T15:31:49.000Z,2026-09-19,a10Ps00000Ql6fhIAB,0058b00000GAFCDAA5,2026-09-20T07:00:08.000Z,30.0,2026-09-20,2026-07-17,Closed,Expired,Street Space,SSP-26-03971,012Ps000005citCIAQ,Building Permit - Construction Staging,2407 LARKIN  ST,2026-07-20,2026-09-20T07:00:10.000Z,3.0,2026-09-19,2026-07-20,Not Enforceable
FOG CITY ROOFING LLC,2026-07-14T15:37:52.000Z,2026-09-19,a10Ps00000Ql8ZRIAZ,0058b00000GAFCDAA5,2026-09-20T07:00:08.000Z,60.0,2026-09-20,2026-07-16,Closed,Expired,Street Space,SSP-26-03973,012Ps000005citCIAQ,Painting,22 TERRA VISTA  AVE,2026-07-20,2026-09-20T07:00:10.000Z,4.0,2026-09-19,2026-07-20,Not Enforceable
COLINDRES & ASSOCIATES,2026-07-14T15:45:55.000Z,2026-11-19,a10Ps00000QlAubIAF,0058b00000GAFCDAA5,2026-07-14T15:49:09.000Z,20.0,2026-11-20,2026-07-14,Tow Sign Photo,Awaiting Applicant Info,Street Space,SSP-26-03974,012Ps000005citCIAQ,Building Maintenance,2528 UNION  ST,2026-07-20,2026-07-14T15:49:09.000Z,2.0,2026-11-19,2026-07-20,Not Enforceable
,2026-07-14T15:56:38.000Z,2026-09-23,a10Ps00000QlE5NIAV,0058b00000GAFCDAA5,2026-09-24T07:00:16.000Z,25.0,2026-09-24,2026-07-14,Closed,Expired,Street Space,SSP-26-03976,012Ps000005citCIAQ,DBI BPA – Construction Staging,254 AVILA  ST,2026-07-24,2026-09-24T07:00:18.000Z,3.0,2026-09-23,2026-07-24,Not Enforceable
GRIZZLY BUILDERS INC,2026-07-14T17:59:48.000Z,2026-09-19,a10Ps00000Qm1inIAB,0058b00000GAFCDAA5,2026-09-20T07:00:08.000Z,40.0,2026-09-20,2026-07-14,Closed,Expired,Street Space,SSP-26-03981,012Ps000005citCIAQ,Renewing expired SSP-26-00765,1101 GREEN  ST,2026-07-20,2026-09-20T07:00:10.000Z,3.0,2026-09-19,2026-07-20,Not Enforceable
CITYWEST CONSTRUCTION INC,2026-07-14T18:11:18.000Z,2027-02-07,a10Ps00000Qm5JNIAZ,0058b00000GAFCDAA5,2026-07-17T15:25:16.000Z,20.0,2027-02-08,2026-07-17,Tow Sign Photo,Awaiting Applicant Info,Street Space,SSP-26-03982,012Ps000005citCIAQ,Building Permit - Construction Staging,10 SEACLIFF  AVE,2026-08-08,2026-07-17T15:25:50.000Z,2.0,2027-02-07,2026-08-08,Not Enforceable
GRIZZLY BUILDERS INC,2026-07-14T18:11:49.000Z,2026-09-19,a10Ps00000Qm5XtIAJ,0058b00000GAFCDAA5,2026-09-20T07:00:08.000Z,20.0,2026-09-20,2026-07-14,Closed,Expired,Street Space,SSP-26-03983,012Ps000005citCIAQ,Construction,1250 CLAY  ST,2026-07-20,2026-09-20T07:00:11.000Z,2.0,2026-09-19,2026-07-20,Not Enforceable
HAWTHORNE CONSTRUCTION MANAGEMENT,2026-07-14T18:43:56.000Z,2026-09-19,a10Ps00000QmGhpIAF,0058b00000GAFCDAA5,2026-09-20T07:00:08.000Z,30.0,2026-09-20,2026-07-21,Closed,Expired,Street Space,SSP-26-03984,012Ps000005citCIAQ,Building Permit - Construction Staging,2694 MCALLISTER  ST,2026-07-20,2026-09-20T07:00:11.000Z,3.0,2026-09-19,2026-07-20,Not Enforceable
BILT RITE INC,2026-07-14T18:48:46.000Z,2026-11-19,a10Ps00000QmCCoIAN,005Ps00000LEF6MIAX,2026-07-21T18:47:27.000Z,50.0,2026-11-20,2026-07-16,Active,Active,Street Space,SSP-26-03985,012Ps000005citCIAQ,Parking for workers,2230 UNION  ST,2026-07-20,2026-07-21T18:47:27.000Z,4.0,2026-11-19,2026-07-20,Enforceable
AYANJIT PHUKAN,2026-07-14T19:55:52.000Z,2026-11-20,a10Ps00000QmZ69IAF,0058b00000GAFCDAA5,2026-07-16T22:42:40.000Z,40.0,2026-11-21,2026-07-16,Tow Sign Photo,Awaiting Applicant Info,Street Space,SSP-26-03988,012Ps000005citCIAQ,"Parking, delivery, taking out trash.",101 COSO  AVE,2026-07-21,2026-07-16T22:42:47.000Z,3.0,2026-11-20,2026-07-21,Not Enforceable
LARKIN MIKE P,2026-07-14T20:04:11.000Z,2026-10-11,a10Ps00000QmbG1IAJ,0058b00000GAFCDAA5,2026-07-14T22:33:45.000Z,37.0,2026-10-12,2026-07-14,Tow Sign Photo,Awaiting Applicant Info,Street Space,SSP-26-03990,012Ps000005citCIAQ,Parking for Contractor,33 ALTA  ST,2026-08-12,2026-07-14T22:33:45.000Z,3.0,2026-10-11,2026-08-12,Not Enforceable
"CHRISTOPHER GATE CONSTRUCTION, INC",2026-07-14T20:45:19.000Z,2027-01-19,a10Ps00000QmkCrIAJ,005Ps00000LEF6MIAX,2026-07-22T23:26:10.000Z,20.0,2027-01-20,2026-07-14,Active,Active,Street Space,SSP-26-03991,012Ps000005citCIAQ,work trucks,1073 CHURCH  ST,2026-07-20,2026-07-22T23:26:10.000Z,2.0,2027-01-19,2026-07-20,Enforceable
PLANART CONSTRUCTION CORPORATON,2026-07-14T21:04:17.000Z,2027-01-19,a10Ps00000QmoQ9IAJ,0058b00000GAFCDAA5,2026-07-15T21:23:40.000Z,20.0,2027-01-20,2026-07-15,Tow Sign Photo,Awaiting Applicant Info,Street Space,SSP-26-03993,012Ps000005citCIAQ,"scaffold, restroom, container",83 MIRABEL  AVE,2026-07-20,2026-07-15T21:23:40.000Z,2.0,2027-01-19,2026-07-20,Not Enforceable
XINRONG CONSTRUCTION INC,2026-07-14T21:07:45.000Z,2026-10-14,a10Ps00000Qmp65IAB,005Ps00000IzXSvIAN,2026-09-28T22:29:17.000Z,20.0,2026-10-15,2026-07-14,Active,Active,Street Space,SSP-26-03995,012Ps000005citCIAQ,Need space to park my cars during work hours,913 PACIFIC  AVE,2026-07-15,2026-09-28T22:29:17.000Z,2.0,2026-10-14,2026-07-15,Enforceable
REUBEN JUNIUS & ROSE LLP,2026-07-14T21:23:48.000Z,2027-01-19,a10Ps00000QmrflIAB,005Ps00000IzQsrIAF,2026-07-21T20:38:54.000Z,50.0,2027-01-20,2026-07-21,Tow Sign Photo,Awaiting Applicant Info,Street Space,SSP-26-03997,012Ps000005citCIAQ,Construction related,2898 VALLEJO  ST,2026-07-20,2026-07-21T20:38:54.000Z,4.0,2027-01-19,2026-07-20,Not Enforceable
GGD INC,2026-07-14T21:33:26.000Z,2027-01-19,a10Ps00000QmfBaIAJ,005Ps00000LEF6MIAX,2026-07-22T23:31:22.000Z,39.0,2027-01-20,2026-07-20,Final Review,Awaiting Applicant Info,Street Space,SSP-26-03998,012Ps000005citCIAQ,"Material drop off, construction parking",2765 VALLEJO  ST,2026-07-20,2026-07-22T23:31:22.000Z,3.0,2027-01-19,2026-07-20,Not Enforceable
LUXURY CONSTRUCTION LLC,2026-07-14T21:41:55.000Z,2026-09-19,a10Ps00000QmvBVIAZ,0058b00000GAFCDAA5,2026-09-20T07:00:08.000Z,20.0,2026-09-20,2026-07-15,Closed,Expired,Street Space,SSP-26-04000,012Ps000005citCIAQ,Materials lond,234 10TH  AVE,2026-07-20,2026-09-20T07:00:11.000Z,2.0,2026-09-19,2026-07-20,Not Enforceable
UNION PIERCE CONSTRUCTION,2026-07-14T21:43:44.000Z,2026-10-17,a10Ps00000QmjzyIAB,0058b00000GAFCDAA5,2026-07-17T00:59:12.000Z,26.0,2026-10-18,2026-07-16,Tow Sign Photo,Awaiting Applicant Info,Street Space,SSP-26-04001,012Ps000005citCIAQ,General construction for a whole home remodel,1030 LEAVENWORTH  ST,2026-07-18,2026-07-17T00:59:46.000Z,3.0,2026-10-17,2026-07-18,Not Enforceable
,2026-07-14T22:11:27.000Z,2026-09-19,a10Ps00000QmztRIAR,0058b00000GAFCDAA5,2026-09-20T07:00:08.000Z,20.0,2026-09-20,2026-07-15,Closed,Expired,Street Space,SSP-26-04002,012Ps000005citCIAQ,street parking for contractor,2045 15TH  ST,2026-07-20,2026-09-20T07:00:11.000Z,2.0,2026-09-19,2026-07-20,Not Enforceable
B&H BUILDER INC,2026-07-14T22:14:59.000Z,2026-09-26,a10Ps00000Qn0KrIAJ,0058b00000GAFCDAA5,2026-09-27T07:00:18.000Z,20.0,2026-09-27,2026-07-14,Closed,Expired,Street Space,SSP-26-04003,012Ps000005citCIAQ,Construction parking,2430 28TH  AVE,2026-07-27,2026-09-27T07:00:19.000Z,2.0,2026-09-26,2026-07-27,Not Enforceable
ATLAS TR INC dba ATLAS GENERAL CONSTRUCTION,2026-07-14T22:47:07.000Z,2026-10-19,a10Ps00000Qn3ozIAB,0058b00000GAFCDAA5,2026-07-16T15:59:57.000Z,20.0,2026-10-20,2026-07-16,Tow Sign Photo,Awaiting Applicant Info,Street Space,SSP-26-04005,012Ps000005citCIAQ,Construction Parking,2036 GREEN  ST,2026-07-20,2026-07-16T16:00:48.000Z,2.0,2026-10-19,2026-07-20,Not Enforceable
HAMERLAK PIOTR W,2026-07-14T23:00:59.000Z,2026-09-26,a10Ps00000Qn6TVIAZ,0058b00000GAFCDAA5,2026-09-27T07:00:18.000Z,20.0,2026-09-27,2026-07-15,Closed,Expired,Street Space,SSP-26-04007,012Ps000005citCIAQ,loading/unloading materials and equipment,32 MELROSE  AVE,2026-07-27,2026-09-27T07:00:19.000Z,2.0,2026-09-26,2026-07-27,Not Enforceable
HOLMES SIDEWINDER LLC,2026-07-15T01:05:27.000Z,2026-09-19,a10Ps00000QnNxNIAV,0058b00000GAFCDAA5,2026-09-20T07:00:08.000Z,20.0,2026-09-20,2026-07-16,Closed,Expired,Street Space,SSP-26-04011,012Ps000005citCIAQ,street space for construction truck while doing remodel work to building,171 LIBERTY  ST,2026-07-20,2026-09-20T07:00:11.000Z,2.0,2026-09-19,2026-07-20,Not Enforceable
MERYL & MILLER,2026-07-15T01:41:36.000Z,2026-09-19,a10Ps00000QnR3JIAV,0058b00000GAFCDAA5,2026-09-20T07:00:08.000Z,20.0,2026-09-20,2026-07-16,Closed,Expired,Street Space,SSP-26-04012,012Ps000005citCIAQ,parking for general contractor as associated with remodeling work,807A YORK  ST,2026-07-20,2026-09-20T07:00:11.000Z,2.0,2026-09-19,2026-07-20,Not Enforceable
"ROOFING LOGISTICS, INC.",2026-07-15T04:13:01.000Z,2026-09-19,a10Ps00000QnbU5IAJ,0058b00000GAFCDAA5,2026-09-20T07:00:08.000Z,40.0,2026-09-20,2026-07-24,Closed,Expired,Street Space,SSP-26-04013,012Ps000005citCIAQ,Parking,130 12TH  AVE,2026-07-20,2026-09-20T07:00:11.000Z,4.0,2026-09-19,2026-07-20,Not Enforceable
,2026-07-15T13:14:01.000Z,2026-09-19,a10Ps00000QolCrIAJ,0058b00000GAFCDAA5,2026-09-20T07:00:08.000Z,20.0,2026-09-20,2026-07-15,Closed,Expired,Street Space,SSP-26-04015,012Ps000005citCIAQ,"Debris box for home renovation, 2 months",381 DUNCAN  ST,2026-07-20,2026-09-20T07:00:12.000Z,2.0,2026-09-19,2026-07-20,Not Enforceable
MISSION HOME REMODELING,2026-07-15T16:27:24.000Z,2026-09-19,a10Ps00000QpkrRIAR,0058b00000GAFCDAA5,2026-09-20T07:00:08.000Z,20.0,2026-09-20,2026-07-15,Closed,Expired,Street Space,SSP-26-04018,012Ps000005citCIAQ,parking,1755 BEACH  ST,2026-07-20,2026-09-20T07:00:12.000Z,2.0,2026-09-19,2026-07-20,Not Enforceable
"CASA ADELANTE SVN HOUSING, L.P.",2026-07-15T17:16:30.000Z,2027-02-19,a10Ps00000Qpz2TIAR,005Ps00000IzXSvIAN,2026-08-18T20:32:53.000Z,485.0,2027-02-20,2026-08-06,Active,Active,Street Space,SSP-26-04023,012Ps000005citCIAQ,3rd and final Street Space Permit renewal of the ongoing construction 100% affordable housing MOHCD project located at 1515 South Van Ness Avenue,1515 SOUTH VAN NESS  AVE,2026-08-20,2026-08-18T20:32:53.000Z,29.0,2027-02-19,2026-08-20,Enforceable
STRAIGHTEDGE CONSTRUCTION,2026-07-15T18:24:09.000Z,2026-09-23,a10Ps00000QqJkLIAV,0058b00000GAFCDAA5,2026-09-24T07:00:16.000Z,25.0,2026-09-24,2026-07-20,Closed,Expired,Street Space,SSP-26-04025,012Ps000005citCIAQ,Building Permit - Construction Staging,1021 COLE  ST,2026-07-24,2026-09-24T07:00:18.000Z,3.0,2026-09-23,2026-07-24,Not Enforceable
SCHNINNY INC,2026-07-15T18:28:35.000Z,2027-01-19,a10Ps00000QqK3iIAF,0058b00000GAFCDAA5,2026-07-16T14:46:12.000Z,20.0,2027-01-20,2026-07-16,Tow Sign Photo,Awaiting Applicant Info,Street Space,SSP-26-04026,012Ps000005citCIAQ,Building Permit - Construction Staging,3759 22ND  ST,2026-07-20,2026-07-16T14:46:50.000Z,2.0,2027-01-19,2026-07-20,Not Enforceable
LEWIS ROBERT B,2026-07-15T19:57:15.000Z,2027-01-26,a10Ps00000QqjN3IAJ,005Ps00000LEF6MIAX,2026-07-30T18:01:09.000Z,80.0,2027-01-27,2026-07-16,Final Review,Awaiting Applicant Info,Street Space,SSP-26-04030,012Ps000005citCIAQ,Building Permit - Construction Staging,1170 SACRAMENTO  ST,2026-07-27,2026-07-30T18:01:09.000Z,6.0,2027-01-26,2026-07-27,Not Enforceable
URBAN WEST CONSTRUCTION INC,2026-07-15T21:58:21.000Z,2026-09-26,a10Ps00000Qr96DIAR,0058b00000GAFCDAA5,2026-09-27T07:00:18.000Z,660.0,2026-09-27,2026-07-17,Closed,Expired,Street Space,SSP-26-04039,012Ps000005citCIAQ,"Scaffold support , and sliding door delivery/staging",2040 OFARRELL  ST,2026-07-27,2026-09-27T07:00:19.000Z,36.0,2026-09-26,2026-07-27,Not Enforceable
BICARDO BUILDERS INC,2026-07-15T22:09:55.000Z,2026-09-19,a10Ps00000QrBHhIAN,0058b00000GAFCDAA5,2026-09-20T07:00:08.000Z,30.0,2026-09-20,2026-07-15,Closed,Expired,Street Space,SSP-26-04040,012Ps000005citCIAQ,un loading materials,2480 FILBERT  ST,2026-07-20,2026-09-20T07:00:12.000Z,3.0,2026-09-19,2026-07-20,Not Enforceable
KEVIN WEBB CONSTRUCTION INC,2026-07-15T22:23:59.000Z,2026-09-19,a10Ps00000QrDHtIAN,0058b00000GAFCDAA5,2026-09-20T07:00:08.000Z,20.0,2026-09-20,2026-07-16,Closed,Expired,Street Space,SSP-26-04042,012Ps000005citCIAQ,Scaffold erection. Material unloading,2271 CALIFORNIA  ST,2026-07-20,2026-09-20T07:00:12.000Z,2.0,2026-09-19,2026-07-20,Not Enforceable
AIDAN COLLINS & SONS INC,2026-07-15T22:39:56.000Z,2026-09-23,a10Ps00000QrCfEIAV,0058b00000GAFCDAA5,2026-09-24T07:00:16.000Z,40.0,2026-09-24,,Closed,Expired,Street Space,SSP-26-04043,012Ps000005citCIAQ,parking for work on building,434 JACKSON  ST,2026-07-24,2026-09-24T07:00:18.000Z,3.0,2026-09-23,2026-07-24,Not Enforceable
UTTING EWEN NEIL,2026-07-16T03:16:41.000Z,2027-01-21,a10Ps00000QrerZIAR,005Ps00000LEF6MIAX,2026-09-03T15:56:21.000Z,20.0,2027-01-22,2026-07-21,Active,Active,Street Space,SSP-26-04047,012Ps000005citCIAQ,construction activities,2209 BRODERICK  ST,2026-07-22,2026-09-03T15:56:21.000Z,2.0,2027-01-21,2026-07-22,Enforceable
,2026-07-16T03:52:17.000Z,2026-09-30,a10Ps00000QrhJBIAZ,0058b00000GAFCDAA5,2026-10-01T07:00:10.000Z,20.0,2026-10-01,2026-07-16,Closed,Expired,Street Space,SSP-26-04048,012Ps000005citCIAQ,"Backyard work including clean up, remove debris and gardening work",218 11TH  AVE,2026-08-01,2026-10-01T07:00:11.000Z,2.0,2026-09-30,2026-08-01,Not Enforceable
WEI LI CONSTRUCTION,2026-07-16T06:22:36.000Z,2027-01-21,a10Ps00000QrsT7IAJ,005Ps00000LEF6MIAX,2026-07-22T23:32:29.000Z,25.0,2027-01-22,2026-07-16,Active,Active,Street Space,SSP-26-04049,012Ps000005citCIAQ,Material loading and unloading,1935 WEBSTER  ST,2026-07-22,2026-07-22T23:32:29.000Z,3.0,2027-01-21,2026-07-22,Enforceable
R & D CONSTRUCTION CO INC,2026-07-16T12:04:48.000Z,2026-10-18,a10Ps00000QsTkPIAV,0058b00000GAFCDAA5,2026-07-17T05:43:21.000Z,20.0,2026-10-19,2026-07-16,Tow Sign Photo,Awaiting Applicant Info,Street Space,SSP-26-04050,012Ps000005citCIAQ,"unloaded and loaded material, staging of equipment",241 MISSISSIPPI  ST,2026-07-19,2026-07-17T05:43:21.000Z,2.0,2026-10-18,2026-07-19,Not Enforceable
CURRENT CONSTRUCTION,2026-07-16T15:24:58.000Z,2026-09-23,a10Ps00000Qtz0fIAB,0058b00000GAFCDAA5,2026-09-24T07:00:16.000Z,25.0,2026-09-24,2026-07-16,Closed,Expired,Street Space,SSP-26-04051,012Ps000005citCIAQ,Building Permit - Construction Staging,32 BUENA VISTA  TER,2026-07-24,2026-09-24T07:00:19.000Z,3.0,2026-09-23,2026-07-24,Not Enforceable
,2026-07-16T15:49:23.000Z,2026-09-22,a10Ps00000Qu6BpIAJ,0058b00000GAFCDAA5,2026-09-23T07:00:08.000Z,20.0,2026-09-23,2026-07-16,Closed,Expired,Street Space,SSP-26-04054,012Ps000005citCIAQ,Building Permit - Construction Staging,801 CRESCENT  AVE,2026-07-23,2026-09-23T07:00:13.000Z,2.0,2026-09-22,2026-07-23,Not Enforceable
JEFF KING AND COMPANY INC,2026-07-16T16:08:03.000Z,2026-10-21,a10Ps00000QtwfWIAR,005Ps00000LEF6MIAX,2026-07-22T18:48:22.000Z,20.0,2026-10-22,2026-07-16,Active,Active,Street Space,SSP-26-04057,012Ps000005citCIAQ,"Portable toilet, hand washing station, loading/unloading materials",19 07TH  AVE,2026-07-22,2026-07-22T18:48:22.000Z,2.0,2026-10-21,2026-07-22,Enforceable
MAXWELL M GHOBADI,2026-07-16T16:25:33.000Z,2026-09-19,a10Ps00000QtvgGIAR,0058b00000GAFCDAA5,2026-09-20T07:00:08.000Z,20.0,2026-09-20,2026-07-16,Closed,Expired,Street Space,SSP-26-04059,012Ps000005citCIAQ,Parking for new construction project,3532 17TH  ST,2026-07-20,2026-09-20T07:00:12.000Z,2.0,2026-09-19,2026-07-20,Not Enforceable
STANDARD CONST OF SF INC,2026-07-16T17:08:13.000Z,2026-09-20,a10Ps00000Qu7b1IAB,0058b00000GAFCDAA5,2026-09-21T07:00:07.000Z,40.0,2026-09-21,2026-07-31,Closed,Expired,Street Space,SSP-26-04061,012Ps000005citCIAQ,Re-roofing,330 MONTEREY  BLVD,2026-07-21,2026-09-21T07:00:08.000Z,3.0,2026-09-20,2026-07-21,Not Enforceable
BLU WORLD CONSTRUCTION,2026-07-16T18:06:46.000Z,2027-01-28,a10Ps00000QujI1IAJ,005Ps00000LEF6MIAX,2026-07-27T22:58:24.000Z,100.0,2027-01-29,2026-07-16,Active,Active,Street Space,SSP-26-04065,012Ps000005citCIAQ,Construction Parking,959 POWELL  ST,2026-07-29,2026-07-27T22:58:24.000Z,6.0,2027-01-28,2026-07-29,Enforceable
ELIO GREGORIO MARROQUIN FLORES,2026-07-16T18:16:08.000Z,2026-11-19,a10Ps00000QulenIAB,0058b00000GAFCDAA5,2026-07-16T19:30:52.000Z,40.0,2026-11-20,2026-07-16,Tow Sign Photo,Awaiting Applicant Info,Street Space,SSP-26-04066,012Ps000005citCIAQ,loading and unloading of materials as well as equiptment staging,281 CHENERY  ST,2026-07-20,2026-07-16T19:30:52.000Z,3.0,2026-11-19,2026-07-20,Not Enforceable
GARY BELL & ASSOCIATES INC,2026-07-16T18:28:27.000Z,2026-09-19,a10Ps00000QuqPxIAJ,0058b00000GAFCDAA5,2026-09-20T07:00:08.000Z,30.0,2026-09-20,2026-07-16,Closed,Expired,Street Space,SSP-26-04068,012Ps000005citCIAQ,BPA - Construction Staging,153 AVILA  ST,2026-07-20,2026-09-20T07:00:12.000Z,3.0,2026-09-19,2026-07-20,Not Enforceable
BUILDABLE LLC,2026-07-16T18:51:23.000Z,2027-01-21,a10Ps00000QuwLhIAJ,005Ps00000LEF6MIAX,2026-07-21T18:01:37.000Z,60.0,2027-01-22,2026-07-16,Active,Active,Street Space,SSP-26-04073,012Ps000005citCIAQ,Parking for work vehicles/equipment/dumpster,15 LOMA VISTA  TER,2026-07-22,2026-07-21T18:01:37.000Z,4.0,2027-01-21,2026-07-22,Enforceable
TIP MANAGERS INC,2026-07-16T19:19:08.000Z,2027-01-21,a10Ps00000Qv3F7IAJ,005Ps00000LEF6MIAX,2026-07-17T23:32:41.000Z,20.0,2027-01-22,2026-07-16,Active,Active,Street Space,SSP-26-04074,012Ps000005citCIAQ,Building Permit - Construction Staging,2660 CALIFORNIA  ST,2026-07-22,2026-07-17T23:32:41.000Z,2.0,2027-01-21,2026-07-22,Enforceable
,2026-07-16T20:11:28.000Z,2027-01-19,a10Ps00000QvHzdIAF,005Ps00000IzXSvIAN,2026-08-11T22:33:52.000Z,20.0,2027-01-20,2026-07-16,Active,Active,Street Space,SSP-26-04078,012Ps000005citCIAQ,Truck Parking,214 BONVIEW  ST,2026-07-20,2026-08-11T22:33:52.000Z,2.0,2027-01-19,2026-07-20,Enforceable
RIVERA BRAULIO,2026-07-16T20:54:27.000Z,2026-10-19,a10Ps00000QvS8fIAF,0058b00000GAFCDAA5,2026-07-16T21:38:37.000Z,20.0,2026-10-20,2026-07-16,Tow Sign Photo,Awaiting Applicant Info,Street Space,SSP-26-04081,012Ps000005citCIAQ,Loaf and unload materials and worker truck parking during work period,1806 HYDE  ST,2026-07-20,2026-07-16T21:38:37.000Z,2.0,2026-10-19,2026-07-20,Not Enforceable
GAVIN CONSTRUCTION INC,2026-07-16T22:13:24.000Z,2027-01-20,a10Ps00000QvgGTIAZ,0058b00000GAFCDAA5,2026-07-29T22:42:33.000Z,25.0,2027-01-21,2026-07-29,Tow Sign Photo,Awaiting Applicant Info,Street Space,SSP-26-04083,012Ps000005citCIAQ,Building Permit - Construction Staging,2508 BUSH  ST,2026-07-21,2026-07-29T22:42:46.000Z,3.0,2027-01-20,2026-07-21,Not Enforceable
TOM LEE ROOFING INC,2026-07-16T22:25:28.000Z,2026-09-23,a10Ps00000QvhMDIAZ,0058b00000GAFCDAA5,2026-09-24T07:00:16.000Z,20.0,2026-09-24,2026-07-16,Closed,Expired,Street Space,SSP-26-04084,012Ps000005citCIAQ,reroofing,2210 26TH  AVE,2026-08-24,2026-09-24T07:00:19.000Z,2.0,2026-09-23,2026-08-24,Not Enforceable
EHJ CONSTRUCTION INC,2026-07-16T22:53:35.000Z,2026-10-26,a10Ps00000QvkojIAB,005Ps00000LEF6MIAX,2026-07-20T17:38:19.000Z,20.0,2026-10-27,2026-07-16,Active,Active,Street Space,SSP-26-04086,012Ps000005citCIAQ,parking,1671 CHURCH  ST,2026-07-27,2026-07-20T17:38:19.000Z,2.0,2026-10-26,2026-07-27,Enforceable
PADILLA SERGIO,2026-07-16T23:00:17.000Z,2026-09-19,a10Ps00000QvljBIAR,0058b00000GAFCDAA5,2026-09-20T07:00:08.000Z,40.0,2026-09-20,2026-07-16,Closed,Expired,Street Space,SSP-26-04087,012Ps000005citCIAQ,Parking,2121 BROADWAY,2026-07-20,2026-09-20T07:00:13.000Z,3.0,2026-09-19,2026-07-20,Not Enforceable
MAOZ RONY,2026-07-16T23:28:25.000Z,2027-01-27,a10Ps00000Qvp3dIAB,0058b00000GAFCDAA5,2026-07-23T05:05:39.000Z,20.0,2027-01-28,2026-07-22,Tow Sign Photo,Awaiting Applicant Info,Street Space,SSP-26-04088,012Ps000005citCIAQ,construction vehicles parking,50 28TH  ST,2026-07-28,2026-07-23T05:05:52.000Z,2.0,2027-01-27,2026-07-28,Not Enforceable
MICHAEL SHOSHAN,2026-07-16T23:47:29.000Z,2026-10-19,a10Ps00000QvqcPIAR,005Ps00000LEF6MIAX,2026-07-27T16:25:40.000Z,20.0,2026-10-20,2026-07-17,Active,Active,Street Space,SSP-26-04089,012Ps000005citCIAQ,parking,173 DOWNEY  ST,2026-07-20,2026-07-27T16:25:40.000Z,2.0,2026-10-19,2026-07-20,Enforceable
IDEAL BUILDERS,2026-07-17T00:35:30.000Z,2026-11-19,a10Ps00000QvurJIAR,0058b00000GAFCDAA5,2026-07-17T21:49:23.000Z,20.0,2026-11-20,2026-07-17,Tow Sign Photo,Awaiting Applicant Info,Street Space,SSP-26-04091,012Ps000005citCIAQ,Parking and Porta Potty,571 MONTEREY  BLVD,2026-07-20,2026-07-17T21:49:23.000Z,2.0,2026-11-19,2026-07-20,Not Enforceable
GREEN CITY CONSTRUCTION INC,2026-07-17T13:28:47.000Z,2026-09-22,a10Ps00000Qy04bIAB,0058b00000GAFCDAA5,2026-09-23T07:00:08.000Z,20.0,2026-09-23,2026-07-20,Closed,Expired,Street Space,SSP-26-04093,012Ps000005citCIAQ,parking,860 MOULTRIE  ST,2026-07-23,2026-09-23T07:00:14.000Z,2.0,2026-09-22,2026-07-23,Not Enforceable
GREEN CITY CONSTRUCTION INC,2026-07-17T14:00:36.000Z,2026-09-23,a10Ps00000Qy8a1IAB,0058b00000GAFCDAA5,2026-09-24T07:00:16.000Z,20.0,2026-09-24,2026-07-20,Closed,Expired,Street Space,SSP-26-04094,012Ps000005citCIAQ,parking,350 DAY  ST,2026-07-24,2026-09-24T07:00:20.000Z,2.0,2026-09-23,2026-07-24,Not Enforceable
GREEN CITY CONSTRUCTION INC,2026-07-17T14:01:42.000Z,2026-09-22,a10Ps00000QxLj0IAF,0058b00000GAFCDAA5,2026-09-23T07:00:08.000Z,20.0,2026-09-23,2026-07-20,Closed,Expired,Street Space,SSP-26-04095,012Ps000005citCIAQ,parking,346 32ND  AVE,2026-07-23,2026-09-23T07:00:13.000Z,2.0,2026-09-22,2026-07-23,Not Enforceable
,2026-07-17T14:31:36.000Z,2026-09-22,a10Ps00000QyHbhIAF,0058b00000GAFCDAA5,2026-09-23T07:00:08.000Z,20.0,2026-09-23,2026-07-17,Closed,Expired,Street Space,SSP-26-04097,012Ps000005citCIAQ,Construction vehicle parking/ debris box,2667 22ND  AVE,2026-07-23,2026-09-23T07:00:14.000Z,2.0,2026-09-22,2026-07-23,Not Enforceable
415 DESIGN + BUILD CORP,2026-07-17T16:55:58.000Z,2027-01-23,a10Ps00000QyiYgIAJ,005Ps00000LEF6MIAX,2026-09-09T15:31:38.000Z,24.0,2027-01-24,2026-07-21,Active,Active,Street Space,SSP-26-04102,012Ps000005citCIAQ,Parking,173 BELVEDERE  ST,2026-07-24,2026-09-09T15:31:38.000Z,3.0,2027-01-23,2026-07-24,Enforceable
SURE INC,2026-07-17T18:14:51.000Z,2026-09-21,a10Ps00000Qz72QIAR,0058b00000GAFCDAA5,2026-09-22T07:00:10.000Z,20.0,2026-09-22,2026-07-17,Closed,Expired,Street Space,SSP-26-04104,012Ps000005citCIAQ,porta potty,2800 GREEN  ST,2026-07-22,2026-09-22T07:00:11.000Z,2.0,2026-09-21,2026-07-22,Not Enforceable
REDHORSE CONSTRUCTORS INC,2026-07-17T18:31:05.000Z,2026-09-22,a10Ps00000QzEgbIAF,0058b00000GAFCDAA5,2026-09-23T07:00:08.000Z,40.0,2026-09-23,2026-07-20,Closed,Expired,Street Space,SSP-26-04105,012Ps000005citCIAQ,Building maintenance,3760 CLAY  ST,2026-07-23,2026-09-23T07:00:14.000Z,3.0,2026-09-22,2026-07-23,Not Enforceable
McMahon Construction LLC,2026-07-17T21:36:43.000Z,2026-12-20,a10Ps00000R07wPIAR,0058b00000GAFCDAA5,2026-07-17T21:53:38.000Z,20.0,2026-12-21,2026-07-17,Tow Sign Photo,Awaiting Applicant Info,Street Space,SSP-26-04114,012Ps000005citCIAQ,Portable toilet and dropping off of materials,70 SAINT MARYS  AVE,2026-07-21,2026-07-17T21:53:38.000Z,2.0,2026-12-20,2026-07-21,Not Enforceable
,2026-07-17T21:45:57.000Z,2026-10-21,a10Ps00000Qzw08IAB,005Ps00000LEF6MIAX,2026-07-21T23:54:12.000Z,20.0,2026-10-22,2026-07-17,Active,Active,Street Space,SSP-26-04115,012Ps000005citCIAQ,scaffolding at front of the building,1630 FILBERT  ST,2026-07-22,2026-07-21T23:54:12.000Z,2.0,2026-10-21,2026-07-22,Enforceable
PLANT CONSTRUCTION COMPANY LP,2026-07-17T22:16:30.000Z,2027-02-11,a10Ps00000R0JzBIAV,0058b00000GAFCDAA5,2026-08-06T16:36:35.000Z,137.0,2027-02-12,2026-08-06,Tow Sign Photo,Awaiting Applicant Info,Street Space,SSP-26-04117,012Ps000005citCIAQ,General construction use and material deliveries.,100 MCALLISTER  ST,2026-08-12,2026-08-06T16:36:48.000Z,8.0,2027-02-11,2026-08-12,Not Enforceable
PLANT CONSTRUCTION COMPANY LP,2026-07-17T22:29:01.000Z,2027-02-17,a10Ps00000QzDEKIA3,0058b00000GAFCDAA5,2026-07-23T19:13:06.000Z,137.0,2027-02-18,2026-07-23,Tow Sign Photo,Awaiting Applicant Info,Street Space,SSP-26-04118,012Ps000005citCIAQ,General construction use and material deliveries.,100 MCALLISTER  ST,2026-08-18,2026-07-23T19:13:48.000Z,8.0,2027-02-17,2026-08-18,Not Enforceable
FARALLON GENERAL CONTRACTORS,2026-07-17T23:11:03.000Z,2027-02-09,a10Ps00000R0RBxIAN,005Ps00000IzXSvIAN,2026-08-10T22:03:11.000Z,20.0,2027-02-10,2026-07-17,Active,Active,Street Space,SSP-26-04119,012Ps000005citCIAQ,Construction,3015 PACIFIC  AVE,2026-08-10,2026-08-10T22:03:11.000Z,2.0,2027-02-09,2026-08-10,Enforceable
FARALLON GENERAL CONTRACTORS,2026-07-17T23:26:09.000Z,2027-01-22,a10Ps00000R0ScfIAF,005Ps00000LEF6MIAX,2026-07-31T15:01:17.000Z,20.0,2027-01-23,2026-07-20,Active,Active,Street Space,SSP-26-04122,012Ps000005citCIAQ,Building Permit - Construction Staging,3160 JACKSON  ST,2026-07-23,2026-07-31T15:01:17.000Z,2.0,2027-01-22,2026-07-23,Enforceable
"HBM CONSTRUCTION, INC",2026-07-17T23:55:00.000Z,2026-10-26,a10Ps00000R0VgzIAF,005Ps00000LEF6MIAX,2026-07-29T22:25:58.000Z,25.0,2026-10-27,2026-07-21,Active,Active,Street Space,SSP-26-04124,012Ps000005citCIAQ,Building Permit - Construction Staging,2420 CLEMENT  ST,2026-07-27,2026-07-29T22:25:58.000Z,3.0,2026-10-26,2026-07-27,Enforceable
,2026-07-19T21:38:47.000Z,2026-09-22,a10Ps00000R3uEDIAZ,0058b00000GAFCDAA5,2026-09-23T07:00:08.000Z,25.0,2026-09-23,2026-07-20,Closed,Expired,Street Space,SSP-26-04127,012Ps000005citCIAQ,Building Permit - Construction Staging,340 FILLMORE  ST,2026-07-23,2026-09-23T07:00:14.000Z,3.0,2026-09-22,2026-07-23,Not Enforceable
ALPHA WATERPROOFING ETAL,2026-07-20T15:28:07.000Z,2026-09-25,a10Ps00000R6R9FIAV,0058b00000GAFCDAA5,2026-09-26T07:00:09.000Z,132.0,2026-09-26,2026-07-20,Closed,Expired,Street Space,SSP-26-04130,012Ps000005citCIAQ,Erect a frame scaffold for building maintenance,299 COLE  ST,2026-07-26,2026-09-26T07:00:10.000Z,9.0,2026-09-25,2026-07-26,Not Enforceable
BATES TAMARA,2026-07-20T16:03:10.000Z,2027-01-23,a10Ps00000R6apFIAR,005Ps00000LEF6MIAX,2026-07-27T16:38:45.000Z,37.0,2027-01-24,2026-07-21,Active,Active,Street Space,SSP-26-04131,012Ps000005citCIAQ,"work trucks, deliveries",1170 SACRAMENTO  ST,2026-07-24,2026-07-27T16:38:45.000Z,3.0,2027-01-23,2026-07-24,Enforceable
URBAN BROS PAINTING INC,2026-07-20T16:16:18.000Z,2026-10-08,a10Ps00000R6epdIAB,005Ps00000O8RQEIA3,2026-09-25T17:47:57.000Z,60.0,2026-10-09,2026-07-20,Active,Active,Street Space,SSP-26-04132,012Ps000005citCIAQ,staging parking,210 WASHINGTON  ST,2026-08-09,2026-09-25T17:47:57.000Z,4.0,2026-10-08,2026-08-09,Enforceable
PLANT CONSTRUCTION COMPANY LP,2026-07-20T16:28:25.000Z,2027-01-23,a10Ps00000R6bi7IAB,005Ps00000LEF6MIAX,2026-07-20T22:50:00.000Z,24.0,2027-01-24,2026-07-20,Active,Active,Street Space,SSP-26-04135,012Ps000005citCIAQ,Construction parking & deliveries,831 MONTGOMERY  ST,2026-07-24,2026-07-20T22:50:00.000Z,3.0,2027-01-23,2026-07-24,Enforceable
KENNY JINGYI LI,2026-07-20T16:44:59.000Z,2026-09-23,a10Ps00000R6nMfIAJ,0058b00000GAFCDAA5,2026-09-24T07:00:16.000Z,20.0,2026-09-24,2026-07-20,Closed,Expired,Street Space,SSP-26-04138,012Ps000005citCIAQ,Scaffolding,255 09TH  AVE,2026-07-24,2026-09-24T07:00:20.000Z,2.0,2026-09-23,2026-07-24,Not Enforceable
LARKSPUR BUILDERS INC.,2026-07-20T16:55:41.000Z,2026-10-23,a10Ps00000R6pzaIAB,0058b00000GNxprAAD,2026-08-27T16:52:57.000Z,20.0,2026-10-24,2026-07-20,Tow Sign Photo,Awaiting Applicant Info,Street Space,SSP-26-04139,012Ps000005citCIAQ,"Requesting temporary use of one (1) on-street parking space (20 linear feet) next to 2480 Filbert Street for residential construction project: for delivery vehicle access, temporary parking for company, subcontractors, and inspection vehicles, as well as loading and unloading construction materials and equipment.",2480 FILBERT  ST,2026-07-24,2026-08-27T16:52:57.000Z,2.0,2026-10-23,2026-07-24,Not Enforceable
ANDREW CHEKENE ENTERPRISES INC,2026-07-20T17:54:58.000Z,2026-09-22,a10Ps00000R759tIAB,0058b00000GAFCDAA5,2026-09-23T07:00:09.000Z,160.0,2026-09-23,2026-07-22,Closed,Expired,Street Space,SSP-26-04142,012Ps000005citCIAQ,porta potty & debri box,415 DE HARO  ST,2026-07-23,2026-09-23T07:00:10.000Z,10.0,2026-09-22,2026-07-23,Not Enforceable
MADDEN JAMES A,2026-07-20T18:16:02.000Z,2027-01-02,a10Ps00000R7BFJIA3,005Ps00000IzXSvIAN,2026-07-31T21:42:26.000Z,20.0,2027-01-03,2026-07-20,Active,Active,Street Space,SSP-26-04143,012Ps000005citCIAQ,"Parking, materials delivery",68 06TH  AVE,2026-08-03,2026-07-31T21:42:26.000Z,2.0,2027-01-02,2026-08-03,Enforceable
E B GILMORE & SONS M S INC,2026-07-20T18:20:59.000Z,2026-09-30,a10Ps00000R7ChdIAF,0058b00000GAFCDAA5,2026-10-01T07:00:10.000Z,20.0,2026-10-01,2026-07-23,Closed,Expired,Street Space,SSP-26-04144,012Ps000005citCIAQ,Exterior Painting,2472 UNION  ST,2026-08-01,2026-10-01T07:00:11.000Z,2.0,2026-09-30,2026-08-01,Not Enforceable
THOMPSON DEREK/SUSKIND BRADLEY,2026-07-20T18:33:15.000Z,2027-01-23,a10Ps00000R7FIwIAN,005Ps00000LEF6MIAX,2026-09-14T23:37:11.000Z,40.0,2027-01-24,2026-07-21,Active,Active,Street Space,SSP-26-04145,012Ps000005citCIAQ,"Street space is required to support ongoing construction activities, including contractor access, material deliveries, equipment staging, and loading/unloading associated with the whole house remodel.",2360 WASHINGTON  ST,2026-07-24,2026-09-14T23:37:11.000Z,3.0,2027-01-23,2026-07-24,Enforceable
WE DO CONSTRUCTION INC,2026-07-20T19:29:56.000Z,2026-09-23,a10Ps00000R7VNhIAN,0058b00000GAFCDAA5,2026-09-24T07:00:16.000Z,20.0,2026-09-24,2026-07-20,Closed,Expired,Street Space,SSP-26-04146,012Ps000005citCIAQ,Building Permit - Construction Staging,457 OAK  ST,2026-07-24,2026-09-24T07:00:20.000Z,2.0,2026-09-23,2026-07-24,Not Enforceable
WE DO CONSTRUCTION INC,2026-07-20T21:24:01.000Z,2026-09-26,a10Ps00000R809lIAB,0058b00000GAFCDAA5,2026-09-27T07:00:18.000Z,20.0,2026-09-27,,Closed,Expired,Street Space,SSP-26-04152,012Ps000005citCIAQ,Parking,450 HAYES  ST,2026-07-27,2026-09-27T07:00:20.000Z,2.0,2026-09-26,2026-07-27,Not Enforceable
INON COHEN,2026-07-20T21:41:48.000Z,2026-09-23,a10Ps00000R82oHIAR,0058b00000GAFCDAA5,2026-09-24T07:00:16.000Z,20.0,2026-09-24,2026-07-20,Closed,Expired,Street Space,SSP-26-04154,012Ps000005citCIAQ,renewal of expired Street Space,115 WOOL  ST,2026-07-24,2026-09-24T07:00:20.000Z,2.0,2026-09-23,2026-07-24,Not Enforceable
URBAN WEST CONSTRUCTION INC,2026-07-20T21:49:32.000Z,2026-09-26,a10Ps00000R83h7IAB,0058b00000GAFCDAA5,2026-09-27T07:00:18.000Z,660.0,2026-09-27,2026-07-22,Closed,Expired,Street Space,SSP-26-04155,012Ps000005citCIAQ,"Scaffold support , and sliding door delivery/staging",2040 OFARRELL  ST,2026-07-27,2026-09-27T07:00:20.000Z,36.0,2026-09-26,2026-07-27,Not Enforceable
YK MASON & SONS INC,2026-07-20T23:40:00.000Z,2026-11-18,a10Ps00000R8L1KIAV,005Ps00000IxBTKIA3,2026-09-09T17:13:25.000Z,20.0,2026-11-19,2026-07-20,Tow Sign Photo,Awaiting Applicant Info,Street Space,SSP-26-04166,012Ps000005citCIAQ,Scaffolding,249 STANYAN  ST,2026-10-19,2026-09-09T17:13:25.000Z,2.0,2026-11-18,2026-10-19,Not Enforceable
CARUSO MIKE J,2026-07-21T04:54:05.000Z,2026-10-30,a10Ps00000R8syDIAR,005Ps00000IzXSvIAN,2026-07-31T19:51:40.000Z,20.0,2026-10-31,2026-07-27,Active,Active,Street Space,SSP-26-04167,012Ps000005citCIAQ,Building Permit - Construction Staging,647 11TH  AVE,2026-07-31,2026-07-31T19:51:40.000Z,2.0,2026-10-30,2026-07-31,Enforceable
,2026-07-21T06:59:58.000Z,2027-01-20,a10Ps00000R97cDIAR,005Ps00000LEF6MIAX,2026-07-30T21:54:21.000Z,20.0,2027-01-21,2026-07-21,Active,Active,Street Space,SSP-26-04169,012Ps000005citCIAQ,BPA - Construction Staging,535 FELL  ST,2026-07-21,2026-07-30T21:54:21.000Z,2.0,2027-01-20,2026-07-21,Enforceable
OSCAR VEGA MORALES,2026-07-21T16:25:35.000Z,2026-12-26,a10Ps00000RBKThIAP,0058b00000GAFCDAA5,2026-07-21T16:45:55.000Z,26.0,2026-12-27,2026-07-21,Tow Sign Photo,Awaiting Applicant Info,Street Space,SSP-26-04173,012Ps000005citCIAQ,No Parking signs for construction building home remodel,1074 TREAT  AVE,2026-07-27,2026-07-21T16:45:55.000Z,3.0,2026-12-26,2026-07-27,Not Enforceable
ASSEMBLY BUILDERS INC,2026-07-21T16:29:53.000Z,2026-10-26,a10Ps00000RBLj7IAH,0058b00000GAFCDAA5,2026-08-05T20:18:23.000Z,21.0,2026-10-27,2026-08-05,Tow Sign Photo,Awaiting Applicant Info,Street Space,SSP-26-04174,012Ps000005citCIAQ,Debris Box and Construction Staging,7 07TH  AVE,2026-07-27,2026-08-05T20:18:23.000Z,3.0,2026-10-26,2026-07-27,Not Enforceable
HOFTVEDT IVAR L,2026-07-21T16:36:10.000Z,2027-02-02,a10Ps00000RBNTBIA5,005Ps00000IzXSvIAN,2026-08-06T16:31:05.000Z,20.0,2027-02-03,2026-07-21,Active,Active,Street Space,SSP-26-04175,012Ps000005citCIAQ,load unloading material,988 JACKSON  ST,2026-08-03,2026-08-06T16:31:05.000Z,2.0,2027-02-02,2026-08-03,Enforceable
JR HOME REMODELING INC,2026-07-21T16:58:21.000Z,2026-10-27,a10Ps00000RBTOvIAP,0058b00000GAFCDAA5,2026-08-11T17:05:45.000Z,20.0,2026-10-28,2026-08-11,Tow Sign Photo,Awaiting Applicant Info,Street Space,SSP-26-04179,012Ps000005citCIAQ,parking space,76 CORTLAND  AVE,2026-07-28,2026-08-11T17:05:49.000Z,2.0,2026-10-27,2026-07-28,Not Enforceable
C & J'S CUSTOM BUILDS INC,2026-07-21T17:00:02.000Z,2026-09-26,a10Ps00000RBU1dIAH,0058b00000GAFCDAA5,2026-09-27T07:00:18.000Z,36.0,2026-09-27,2026-07-21,Closed,Expired,Street Space,SSP-26-04180,012Ps000005citCIAQ,Parking,1207 11TH  AVE,2026-07-27,2026-09-27T07:00:20.000Z,3.0,2026-09-26,2026-07-27,Not Enforceable
LANDIS HALTON,2026-07-21T17:23:15.000Z,2026-09-26,a10Ps00000RBbCnIAL,0058b00000GAFCDAA5,2026-09-27T07:00:18.000Z,20.0,2026-09-27,2026-07-21,Closed,Expired,Street Space,SSP-26-04181,012Ps000005citCIAQ,Construction Remodel,2185 BUSH  ST,2026-07-27,2026-09-27T07:00:20.000Z,2.0,2026-09-26,2026-07-27,Not Enforceable
LANDIS HALTON,2026-07-21T17:45:44.000Z,2026-10-26,a10Ps00000RBfRiIAL,0058b00000GAFCDAA5,2026-07-21T17:53:26.000Z,20.0,2026-10-27,2026-07-21,Tow Sign Photo,Awaiting Applicant Info,Street Space,SSP-26-04184,012Ps000005citCIAQ,Construction Remodel,2431 ULLOA  ST,2026-07-27,2026-07-21T17:53:26.000Z,2.0,2026-10-26,2026-07-27,Not Enforceable
DONIS PAINTING CORP,2026-07-21T17:51:22.000Z,2026-09-23,a10Ps00000RBinlIAD,0058b00000GAFCDAA5,2026-09-24T07:00:16.000Z,20.0,2026-09-24,2026-07-21,Closed,Expired,Street Space,SSP-26-04185,012Ps000005citCIAQ,portable toilet/parking for painting.,1848 FELTON  ST,2026-08-24,2026-09-24T07:00:20.000Z,2.0,2026-09-23,2026-08-24,Not Enforceable
,2026-07-21T18:01:19.000Z,2027-01-26,a10Ps00000RBlX7IAL,0058b00000GAFCDAA5,2026-07-21T19:15:50.000Z,26.0,2027-01-27,2026-07-21,Tow Sign Photo,Awaiting Applicant Info,Street Space,SSP-26-04186,012Ps000005citCIAQ,Construction Parking & Materials Unloading,1252 CHURCH  ST,2026-07-27,2026-07-21T19:15:50.000Z,3.0,2027-01-26,2026-07-27,Not Enforceable
ROSELI SANTOS,2026-07-21T18:07:32.000Z,2026-09-30,a10Ps00000RBgFjIAL,0058b00000GAFCDAA5,2026-10-01T07:00:10.000Z,40.0,2026-10-01,2026-07-21,Closed,Expired,Street Space,SSP-26-04187,012Ps000005citCIAQ,Construction parking,1896 PACIFIC  AVE,2026-08-01,2026-10-01T07:00:12.000Z,3.0,2026-09-30,2026-08-01,Not Enforceable
MISSION HOME REMODELING,2026-07-21T18:32:06.000Z,2026-09-24,a10Ps00000RBuQjIAL,0058b00000GAFCDAA5,2026-09-25T07:00:09.000Z,20.0,2026-09-25,2026-07-21,Closed,Expired,Street Space,SSP-26-04189,012Ps000005citCIAQ,20,4221 CESAR CHAVEZ  ST,2026-07-25,2026-09-25T07:00:10.000Z,2.0,2026-09-24,2026-07-25,Not Enforceable
MISSION HOME REMODELING,2026-07-21T18:38:48.000Z,2026-09-24,a10Ps00000RBw5xIAD,0058b00000GAFCDAA5,2026-09-25T07:00:09.000Z,20.0,2026-09-25,2026-07-21,Closed,Expired,Street Space,SSP-26-04190,012Ps000005citCIAQ,20,77 RICO  WAY,2026-07-25,2026-09-25T07:00:10.000Z,2.0,2026-09-24,2026-07-25,Not Enforceable
BRAHAM JONATHAN,2026-07-21T18:45:40.000Z,2026-10-02,a10Ps00000RBqmwIAD,0058b00000GAFCDAA5,2026-10-03T07:00:22.000Z,20.0,2026-10-03,2026-07-21,Closed,Expired,Street Space,SSP-26-04191,012Ps000005citCIAQ,Redecorating,1583 FUNSTON  AVE,2026-08-03,2026-10-03T07:00:27.000Z,2.0,2026-10-02,2026-08-03,Not Enforceable
"COOKLINE CONSTRUCTION, INC.",2026-07-21T18:54:50.000Z,2026-11-26,a10Ps00000RC0ntIAD,005Ps00000IzXSvIAN,2026-08-25T03:18:39.000Z,20.0,2026-11-27,2026-07-21,Active,Active,Street Space,SSP-26-04194,012Ps000005citCIAQ,Parking space for loading and unloading of material for interior finish replacement. Parking spot for contractors doing interior work.,2139 POLK  ST,2026-07-27,2026-08-25T03:18:39.000Z,2.0,2026-11-26,2026-07-27,Enforceable
AMERICAN HOME RENEWAL INC,2026-07-21T20:41:26.000Z,2026-09-29,a10Ps00000RCPUYIA5,0058b00000GAFCDAA5,2026-09-30T07:00:11.000Z,40.0,2026-09-30,2026-07-21,Closed,Expired,Street Space,SSP-26-04197,012Ps000005citCIAQ,20' parking & 20' for a dumpster,445 BURNETT  AVE,2026-08-31,2026-09-30T07:00:12.000Z,3.0,2026-09-29,2026-08-31,Not Enforceable
TSUKURU USA CORPOTRATION,2026-07-21T22:05:10.000Z,2026-10-10,a10Ps00000RCld7IAD,005Ps00000LEF6MIAX,2026-08-11T16:25:40.000Z,30.0,2026-10-11,2026-08-04,Active,Active,Street Space,SSP-26-04200,012Ps000005citCIAQ,Placing a 30 cubic yard general debris dumpster for tenant improvement project,1737 POST  ST,2026-08-11,2026-08-11T16:25:40.000Z,3.0,2026-10-10,2026-08-11,Enforceable
STINGRAY BUILDERS INC,2026-07-21T22:12:14.000Z,2026-09-23,a10Ps00000RCmSjIAL,0058b00000GAFCDAA5,2026-09-24T07:00:16.000Z,20.0,2026-09-24,2026-07-21,Closed,Expired,Street Space,SSP-26-04201,012Ps000005citCIAQ,materials deliveries,27 HOMESTEAD  ST,2026-07-24,2026-09-24T07:00:21.000Z,2.0,2026-09-23,2026-07-24,Not Enforceable
O'BRIEN CONTRACTING INC,2026-07-22T04:48:57.000Z,2026-10-24,a10Ps00000RDdf7IAD,005Ps00000Ix5nhIAB,2026-07-24T16:38:36.000Z,20.0,2026-10-25,2026-07-22,Tow Sign Photo,Awaiting Applicant Info,Street Space,SSP-26-04205,012Ps000005citCIAQ,Parking for Construction,367 16TH  AVE,2026-07-25,2026-07-24T16:38:36.000Z,2.0,2026-10-24,2026-07-25,Not Enforceable
CALEDONIA PLASTERING AND STUCCO INC,2026-07-22T15:22:47.000Z,2026-09-27,a10Ps00000REsFXIA1,0058b00000GAFCDAA5,2026-09-28T07:00:08.000Z,131.0,2026-09-28,2026-07-22,Closed,Expired,Street Space,SSP-26-04209,012Ps000005citCIAQ,scaffolding for siding repair project,4644 IRVING  ST,2026-07-28,2026-09-28T07:00:09.000Z,9.0,2026-09-27,2026-07-28,Not Enforceable
ALEX EXCAVATION INC,2026-07-22T17:35:49.000Z,2027-01-24,a10Ps00000RGVebIAH,0058b00000GAFCDAA5,2026-07-22T17:45:21.000Z,25.0,2027-01-25,2026-07-22,Tow Sign Photo,Awaiting Applicant Info,Street Space,SSP-26-04213,012Ps000005citCIAQ,Daily use to park our truck to unload construction material,768 JAMESTOWN  AVE,2026-07-25,2026-07-22T17:45:21.000Z,3.0,2027-01-24,2026-07-25,Not Enforceable
SARRIS PHILIP C,2026-07-22T18:46:07.000Z,2026-09-26,a10Ps00000RGom5IAD,0058b00000GAFCDAA5,2026-09-27T07:00:18.000Z,20.0,2026-09-27,,Closed,Expired,Street Space,SSP-26-04215,012Ps000005citCIAQ,Construction,1622 WALLER  ST,2026-07-27,2026-09-27T07:00:20.000Z,2.0,2026-09-26,2026-07-27,Not Enforceable
HOSEIN N RAD,2026-07-22T19:23:27.000Z,2026-09-26,a10Ps00000RGyGnIAL,0058b00000GAFCDAA5,2026-09-27T07:00:18.000Z,20.0,2026-09-27,2026-07-22,Closed,Expired,Street Space,SSP-26-04217,012Ps000005citCIAQ,parking one car in front of property during construction,211 DIVISADERO  ST,2026-07-27,2026-09-27T07:00:21.000Z,2.0,2026-09-26,2026-07-27,Not Enforceable
CAL CADE CONSTRUCTION INC,2026-07-22T19:43:13.000Z,2026-12-03,a10Ps00000RH2ttIAD,005Ps00000IzXSvIAN,2026-08-06T19:28:04.000Z,25.0,2026-12-04,2026-07-23,Active,Active,Street Space,SSP-26-04221,012Ps000005citCIAQ,Interior remodel,1596 POST  ST,2026-08-04,2026-08-06T19:28:04.000Z,3.0,2026-12-03,2026-08-04,Enforceable
SINGULAR BUILDERS,2026-07-22T19:49:15.000Z,2027-02-09,a10Ps00000RGuMuIAL,005Ps00000IzXSvIAN,2026-08-25T03:45:23.000Z,50.0,2027-02-10,2026-07-23,Active,Active,Street Space,SSP-26-04222,012Ps000005citCIAQ,Parking & Debris Boxes,301 14TH  AVE,2026-08-10,2026-08-25T03:45:23.000Z,4.0,2027-02-09,2026-08-10,Enforceable
FIRST RESTAURANT BUILDER,2026-07-22T19:57:20.000Z,2026-09-27,a10Ps00000RH5jhIAD,0058b00000GAFCDAA5,2026-09-28T07:00:08.000Z,100.0,2026-09-28,2026-07-22,Closed,Expired,Street Space,SSP-26-04223,012Ps000005citCIAQ,DBI BPA - Construction Staging,602 MINNESOTA  ST,2026-07-28,2026-09-28T07:00:10.000Z,6.0,2026-09-27,2026-07-28,Not Enforceable
ALDER CONSTRUCTION CA,2026-07-22T21:12:45.000Z,2026-09-26,a10Ps00000RHJumIAH,0058b00000GAFCDAA5,2026-09-27T07:00:18.000Z,20.0,2026-09-27,2026-07-23,Closed,Expired,Street Space,SSP-26-04227,012Ps000005citCIAQ,Parking,589 CONGO  ST,2026-07-27,2026-09-27T07:00:21.000Z,2.0,2026-09-26,2026-07-27,Not Enforceable
ASSOCIATED BUILDERS,2026-07-22T21:27:14.000Z,2027-01-27,a10Ps00000RHN3tIAH,0058b00000GAFCDAA5,2026-07-22T22:22:17.000Z,20.0,2027-01-28,2026-07-22,Tow Sign Photo,Awaiting Applicant Info,Street Space,SSP-26-04229,012Ps000005citCIAQ,Construction,3029 LAGUNA  ST,2026-07-28,2026-07-22T22:22:17.000Z,2.0,2027-01-27,2026-07-28,Not Enforceable
VALLEY PRECISION GRADING INC,2026-07-22T22:01:42.000Z,2026-09-25,a10Ps00000RHSl7IAH,0058b00000GAFCDAA5,2026-09-26T07:00:09.000Z,440.0,2026-09-26,2026-07-24,Closed,Expired,Street Space,SSP-26-04233,012Ps000005citCIAQ,Landscaping,600 32ND  AVE,2026-07-26,2026-09-26T07:00:10.000Z,24.0,2026-09-25,2026-07-26,Not Enforceable
O'FLYNN JOSEPH,2026-07-22T22:29:30.000Z,2027-01-25,a10Ps00000RHVr3IAH,0058b00000GAFCDAA5,2026-07-22T22:58:28.000Z,20.0,2027-01-26,2026-07-22,Tow Sign Photo,Awaiting Applicant Info,Street Space,SSP-26-04235,012Ps000005citCIAQ,parking construction work,342 22ND  AVE,2026-07-26,2026-07-22T22:58:28.000Z,2.0,2027-01-25,2026-07-26,Not Enforceable
SF PERMITTING INC,2026-07-22T22:58:39.000Z,2026-09-30,a10Ps00000RHZ6fIAH,0058b00000GAFCDAA5,2026-10-01T07:00:10.000Z,20.0,2026-10-01,2026-07-27,Closed,Expired,Street Space,SSP-26-04236,012Ps000005citCIAQ,work vehicle,2929 CLAY  ST,2026-08-01,2026-10-01T07:00:12.000Z,2.0,2026-09-30,2026-08-01,Not Enforceable
PLANART CONSTRUCTION CORPORATON,2026-07-22T23:29:58.000Z,2027-01-27,a10Ps00000RHce1IAD,0058b00000GAFCDAA5,2026-08-05T21:33:26.000Z,20.0,2027-01-28,2026-08-05,Tow Sign Photo,Awaiting Applicant Info,Street Space,SSP-26-04238,012Ps000005citCIAQ,container and restroom,348 CUMBERLAND  ST,2026-07-28,2026-08-05T21:33:47.000Z,2.0,2027-01-27,2026-07-28,Not Enforceable
"DAARON BUILDERS, INC.",2026-07-22T23:32:47.000Z,2026-09-26,a10Ps00000RHcu9IAD,0058b00000GAFCDAA5,2026-09-27T07:00:18.000Z,20.0,2026-09-27,2026-07-22,Closed,Expired,Street Space,SSP-26-04239,012Ps000005citCIAQ,loading and off loading materials,72 07TH  AVE,2026-07-27,2026-09-27T07:00:21.000Z,2.0,2026-09-26,2026-07-27,Not Enforceable
HIEN PHAM,2026-07-23T04:55:04.000Z,2026-09-26,a10Ps00000RILb7IAH,0058b00000GAFCDAA5,2026-09-27T07:00:18.000Z,79.0,2026-09-27,2026-07-23,Closed,Expired,Street Space,SSP-26-04242,012Ps000005citCIAQ,"Loading and unloading equipment to work on the windows, doors, and siding of the building. Towing away and bringing in supplies and materials. Easier access to use tools.",694 30TH  AVE,2026-07-27,2026-09-27T07:00:21.000Z,3.0,2026-09-26,2026-07-27,Not Enforceable
"FORNARI, INC",2026-07-23T15:02:40.000Z,2026-09-26,a10Ps00000RK9NlIAL,0058b00000GAFCDAA5,2026-09-27T07:00:18.000Z,20.0,2026-09-27,2026-07-23,Closed,Expired,Street Space,SSP-26-04247,012Ps000005citCIAQ,"material, debris dumpster",2035 LYON  ST,2026-07-27,2026-09-27T07:00:21.000Z,2.0,2026-09-26,2026-07-27,Not Enforceable
ARG CONSERVATION SERVICES,2026-07-23T15:59:08.000Z,2026-09-26,a10Ps00000RKR1JIAX,0058b00000GAFCDAA5,2026-09-27T07:00:18.000Z,137.0,2026-09-27,2026-08-04,Closed,Expired,Street Space,SSP-26-04249,012Ps000005citCIAQ,"scaffolding mobilization and demobilization, building repair and painting",1900 BROADWAY,2026-07-27,2026-09-27T07:00:22.000Z,9.0,2026-09-26,2026-07-27,Not Enforceable
FORMA CONSTRUCTION INC,2026-07-23T16:05:08.000Z,2026-09-28,a10Ps00000RKSobIAH,0058b00000GAFCDAA5,2026-09-29T07:00:20.000Z,42.0,2026-09-29,2026-07-23,Closed,Expired,Street Space,SSP-26-04250,012Ps000005citCIAQ,Parking for Building Maintenance,2520 DIVISADERO  ST,2026-07-29,2026-09-29T07:00:21.000Z,4.0,2026-09-28,2026-07-29,Not Enforceable
,2026-07-23T16:52:45.000Z,2026-12-02,a10Ps00000RKfFZIA1,005Ps00000LEF6MIAX,2026-07-29T16:42:28.000Z,20.0,2026-12-03,2026-07-23,Active,Active,Street Space,SSP-26-04253,012Ps000005citCIAQ,Construction Parking,276 ELLSWORTH  ST,2026-08-03,2026-07-29T16:42:28.000Z,2.0,2026-12-02,2026-08-03,Enforceable
AYANJIT PHUKAN,2026-07-23T18:21:18.000Z,2026-12-02,a10Ps00000RL0GoIAL,005Ps00000IzXSvIAN,2026-09-01T23:37:29.000Z,20.0,2026-12-03,2026-07-23,Active,Active,Street Space,SSP-26-04258,012Ps000005citCIAQ,"Worker parking, delivering material, hauling out trash",640 SHOTWELL  ST,2026-08-03,2026-09-01T23:37:29.000Z,2.0,2026-12-02,2026-08-03,Enforceable
,2026-07-23T19:58:54.000Z,2027-02-09,a10Ps00000RLY2LIAX,005Ps00000IzXSvIAN,2026-08-05T23:37:41.000Z,20.0,2027-02-10,2026-07-24,Active,Active,Street Space,SSP-26-04264,012Ps000005citCIAQ,Construction at 1066-1070 Filbert St per the above referenced DBI permit number,1066 FILBERT  ST,2026-08-10,2026-08-05T23:37:41.000Z,2.0,2027-02-09,2026-08-10,Enforceable
KAVOUNIARIS PETER,2026-07-23T22:52:22.000Z,2026-10-28,a10Ps00000RM9ZmIAL,005Ps00000LEF6MIAX,2026-09-28T15:30:40.000Z,20.0,2026-10-29,2026-07-23,Active,Active,Street Space,SSP-26-04270,012Ps000005citCIAQ,2505 Larkin St,2505 LARKIN  ST,2026-07-29,2026-09-28T15:30:40.000Z,2.0,2026-10-28,2026-07-29,Enforceable
B C UNITED CONSTRUCTION INC,2026-07-23T23:20:37.000Z,2026-10-26,a10Ps00000RMD3tIAH,0058b00000GAFCDAA5,2026-07-26T01:09:20.000Z,25.0,2026-10-27,2026-07-25,Tow Sign Photo,Awaiting Applicant Info,Street Space,SSP-26-04272,012Ps000005citCIAQ,DBI BPA - Construction Staging,159 LAIDLEY  ST,2026-07-27,2026-07-26T01:09:46.000Z,3.0,2026-10-26,2026-07-27,Not Enforceable
GREEN BAY REMODELING INC.,2026-07-24T00:16:48.000Z,2026-09-27,a10Ps00000RMIErIAP,0058b00000GAFCDAA5,2026-09-28T07:00:08.000Z,20.0,2026-09-28,2026-07-24,Closed,Expired,Street Space,SSP-26-04274,012Ps000005citCIAQ,Dumpster/Portable Toilet,3370 22ND  ST,2026-07-28,2026-09-28T07:00:10.000Z,2.0,2026-09-27,2026-07-28,Not Enforceable
XAVIER ALEXANDER MAGANA,2026-07-24T14:52:12.000Z,2026-10-27,a10Ps00000ROKMDIA5,005Ps00000LEF6MIAX,2026-08-11T18:49:54.000Z,20.0,2026-10-28,2026-07-27,Active,Active,Street Space,SSP-26-04276,012Ps000005citCIAQ,building department inspection work,776 GREEN  ST,2026-07-28,2026-08-11T18:49:54.000Z,2.0,2026-10-27,2026-07-28,Enforceable
"SF TOWN BUILDERS, INC.",2026-07-24T15:57:30.000Z,2026-10-28,a10Ps00000ROaMAIA1,005Ps00000LEF6MIAX,2026-07-24T20:21:16.000Z,20.0,2026-10-29,2026-07-24,Active,Active,Street Space,SSP-26-04278,012Ps000005citCIAQ,contractor parking,377 MARINA  BLVD,2026-07-29,2026-07-24T20:21:16.000Z,2.0,2026-10-28,2026-07-29,Enforceable
BESPOKE TAILORED CONSTRUCTION,2026-07-24T17:13:37.000Z,2026-10-27,a10Ps00000ROy0HIAT,005Ps00000LEF6MIAX,2026-08-10T15:55:04.000Z,40.0,2026-10-28,2026-07-27,Final Review,Awaiting Applicant Info,Street Space,SSP-26-04283,012Ps000005citCIAQ,Parking,1432 BALBOA  ST,2026-07-28,2026-08-10T15:55:04.000Z,3.0,2026-10-27,2026-07-28,Not Enforceable
,2026-07-24T18:15:47.000Z,2026-09-26,a10Ps00000RPCfxIAH,0058b00000GAFCDAA5,2026-09-27T07:00:18.000Z,20.0,2026-09-27,2026-07-24,Closed,Expired,Street Space,SSP-26-04285,012Ps000005citCIAQ,Contractor parking,1237 TAYLOR  ST,2026-07-27,2026-09-27T07:00:22.000Z,2.0,2026-09-26,2026-07-27,Not Enforceable
,2026-07-24T19:27:07.000Z,2026-09-28,a10Ps00000RPKKCIA5,0058b00000GAFCDAA5,2026-09-29T07:00:20.000Z,20.0,2026-09-29,2026-07-24,Closed,Expired,Street Space,SSP-26-04288,012Ps000005citCIAQ,Park contractor vehicle,17 HEATHER  AVE,2026-07-29,2026-09-29T07:00:21.000Z,2.0,2026-09-28,2026-07-29,Not Enforceable
MATTHEW BARNA,2026-07-24T20:15:27.000Z,2026-10-28,a10Ps00000RPfgLIAT,0058b00000GAFCDAA5,2026-07-24T20:46:01.000Z,20.0,2026-10-29,2026-07-24,Tow Sign Photo,Awaiting Applicant Info,Street Space,SSP-26-04289,012Ps000005citCIAQ,Parking  For construction trucks,150 LIBERTY  ST,2026-07-29,2026-07-24T20:46:01.000Z,2.0,2026-10-28,2026-07-29,Not Enforceable
SLM DEVELOPMENT INC,2026-07-24T22:26:37.000Z,2026-12-30,a10Ps00000RPoOgIAL,0058b00000GAFCDAA5,2026-07-27T19:16:20.000Z,24.0,2026-12-31,2026-07-27,Tow Sign Photo,Awaiting Applicant Info,Street Space,SSP-26-04292,012Ps000005citCIAQ,Put the container and the workers park,30 JERSEY  ST,2026-07-31,2026-07-27T19:16:47.000Z,3.0,2026-12-30,2026-07-31,Not Enforceable
LC BUILDERS INC,2026-07-24T23:18:17.000Z,2026-10-02,a10Ps00000RQ5anIAD,0058b00000GAFCDAA5,2026-10-03T07:00:22.000Z,60.0,2026-10-03,2026-07-27,Closed,Expired,Street Space,SSP-26-04297,012Ps000005citCIAQ,Building Permit - Construction Staging,2840 16TH  ST,2026-08-03,2026-10-03T07:00:27.000Z,5.0,2026-10-02,2026-08-03,Not Enforceable
ALFA BUILDING SOLUTIONS INC,2026-07-26T02:42:44.000Z,2027-01-29,a10Ps00000RRi3sIAD,005Ps00000IzXSvIAN,2026-07-28T22:02:11.000Z,40.0,2027-01-30,2026-07-27,Active,Active,Street Space,SSP-26-04302,012Ps000005citCIAQ,Building Permit - Construction Staging,1121 TENNESSEE  ST,2026-07-30,2026-07-28T22:02:11.000Z,3.0,2027-01-29,2026-07-30,Enforceable
,2026-07-26T08:56:30.000Z,2026-10-02,a10Ps00000RSg9dIAD,0058b00000GAFCDAA5,2026-10-03T07:00:22.000Z,25.0,2026-10-03,2026-07-27,Closed,Expired,Street Space,SSP-26-04304,012Ps000005citCIAQ,Building Permit - Construction Staging,690 MIRAMAR  AVE,2026-08-03,2026-10-03T07:00:27.000Z,3.0,2026-10-02,2026-08-03,Not Enforceable
SLACK CORP DBA DECKMASTERS HOUSERSAVERS,2026-07-27T15:32:57.000Z,2026-09-30,a10Ps00000RWE6mIAH,0058b00000GAFCDAA5,2026-10-01T07:00:10.000Z,40.0,2026-10-01,2026-07-27,Closed,Expired,Street Space,SSP-26-04311,012Ps000005citCIAQ,Parking for contractor vehicles and equipment.,3451 JACKSON  ST,2026-08-01,2026-10-01T07:00:12.000Z,3.0,2026-09-30,2026-08-01,Not Enforceable
,2026-07-27T16:59:39.000Z,2026-10-02,a10Ps00000RWlNdIAL,0058b00000GAFCDAA5,2026-10-03T07:00:22.000Z,17.0,2026-10-03,2026-07-28,Closed,Expired,Street Space,SSP-26-04312,012Ps000005citCIAQ,Building Permit - Construction Staging,124 BANKS  ST,2026-08-03,2026-10-03T07:00:27.000Z,2.0,2026-10-02,2026-08-03,Not Enforceable
URBAN WEST CONSTRUCTION INC,2026-07-27T17:10:29.000Z,2026-09-30,a10Ps00000RWRGsIAP,0058b00000GAFCDAA5,2026-10-01T07:00:10.000Z,27.0,2026-10-01,2026-07-27,Closed,Expired,Street Space,SSP-26-04313,012Ps000005citCIAQ,Temporary protection for job-site,2835 OCTAVIA  ST,2026-08-01,2026-10-01T07:00:12.000Z,3.0,2026-09-30,2026-08-01,Not Enforceable
BUCK O'NEILL BUILDERS INC,2026-07-27T17:34:37.000Z,2027-01-30,a10Ps00000RWypVIAT,005Ps00000LEF6MIAX,2026-09-08T15:17:33.000Z,20.0,2027-01-31,2026-07-27,Active,Active,Street Space,SSP-26-04316,012Ps000005citCIAQ,Building Permit - Construction Staging,2915 CALIFORNIA  ST,2026-07-31,2026-09-08T15:17:33.000Z,2.0,2027-01-30,2026-07-31,Enforceable
FORMA CONSTRUCTION INC,2026-07-27T17:52:54.000Z,2027-02-03,a10Ps00000RX4V7IAL,005Ps00000IzXSvIAN,2026-09-17T19:21:03.000Z,55.0,2027-02-04,2026-07-27,Active,Active,Street Space,SSP-26-04319,012Ps000005citCIAQ,Building Permit - Construction Staging,1100 BRODERICK  ST,2026-08-04,2026-09-17T19:21:03.000Z,4.0,2027-02-03,2026-08-04,Enforceable
GRIZZLY BUILDERS INC,2026-07-27T17:54:15.000Z,2026-09-29,a10Ps00000RX4tJIAT,0058b00000GAFCDAA5,2026-09-30T07:00:11.000Z,20.0,2026-09-30,2026-07-27,Closed,Expired,Street Space,SSP-26-04320,012Ps000005citCIAQ,painting,1040 ASHBURY  ST,2026-07-31,2026-09-30T07:00:12.000Z,2.0,2026-09-29,2026-07-31,Not Enforceable
WALL PETER R,2026-07-27T18:04:03.000Z,2026-11-29,a10Ps00000RX7UbIAL,005Ps00000LEF6MIAX,2026-07-30T15:59:16.000Z,20.0,2026-11-30,2026-07-27,Active,Active,Street Space,SSP-26-04321,012Ps000005citCIAQ,Parking in front of job site @1921 Lake,1921 LAKE  ST,2026-07-31,2026-07-30T15:59:16.000Z,2.0,2026-11-29,2026-07-31,Enforceable
LARKSPUR BUILDERS INC.,2026-07-27T18:21:14.000Z,2027-01-30,a10Ps00000RXBy1IAH,005Ps00000IzXSvIAN,2026-08-06T21:41:37.000Z,25.0,2027-01-31,2026-07-28,Active,Active,Street Space,SSP-26-04324,012Ps000005citCIAQ,Building Permit - Construction Staging,3434 JACKSON  ST,2026-07-31,2026-08-06T21:41:37.000Z,3.0,2027-01-30,2026-07-31,Enforceable
KNAB BUILDERS,2026-07-27T18:39:27.000Z,2026-10-02,a10Ps00000RXGknIAH,0058b00000GAFCDAA5,2026-10-03T07:00:22.000Z,20.0,2026-10-03,2026-07-27,Closed,Expired,Street Space,SSP-26-04328,012Ps000005citCIAQ,"Construction, painting, loading/unloading of materials and staging of equipment",2265 UNION  ST,2026-08-03,2026-10-03T07:00:28.000Z,2.0,2026-10-02,2026-08-03,Not Enforceable
KNAB BUILDERS,2026-07-27T19:04:20.000Z,2026-11-02,a10Ps00000RXN1VIAX,0058b00000GAFCDAA5,2026-07-27T19:17:10.000Z,20.0,2026-11-03,2026-07-27,Tow Sign Photo,Awaiting Applicant Info,Street Space,SSP-26-04329,012Ps000005citCIAQ,"General construction, loading/unloading of materials and staging of equipment",172 EUREKA  ST,2026-08-03,2026-07-27T19:17:10.000Z,2.0,2026-11-02,2026-08-03,Not Enforceable
CLARITY CONSTRUCTION GROUP,2026-07-27T19:08:09.000Z,2027-01-30,a10Ps00000RXNpVIAX,0058b00000GAFCDAA5,2026-07-28T19:59:41.000Z,20.0,2027-01-31,2026-07-28,Tow Sign Photo,Awaiting Applicant Info,Street Space,SSP-26-04330,012Ps000005citCIAQ,parking for job site,3829 25TH  ST,2026-07-31,2026-07-28T19:59:48.000Z,2.0,2027-01-30,2026-07-31,Not Enforceable
HENSEL PHELPS CONSTRUCTION CO,2026-07-27T19:50:05.000Z,2027-02-28,a10Ps00000RX8nIIAT,005Ps00000LEF6MIAX,2026-08-31T15:45:50.000Z,390.0,2027-03-01,2026-08-27,Active,Active,Street Space,SSP-26-04331,012Ps000005citCIAQ,additional 6 months to complete steel and exterior glazing and exterior skin activities for the UCSF Bakar Research and Academic Building Project,533 PARNASSUS  AVE,2026-09-01,2026-08-31T15:45:50.000Z,21.0,2027-02-28,2026-09-01,Enforceable
AIDAN COLLINS & SONS INC,2026-07-27T20:39:50.000Z,2026-10-02,a10Ps00000RXoxlIAD,0058b00000GAFCDAA5,2026-10-03T07:00:22.000Z,40.0,2026-10-03,2026-07-30,Closed,Expired,Street Space,SSP-26-04336,012Ps000005citCIAQ,Building Maintenance,432 JACKSON,2026-08-03,2026-10-03T07:00:28.000Z,3.0,2026-10-02,2026-08-03,Not Enforceable
MCCOWAN BERRONES & COMPANY,2026-07-27T20:47:27.000Z,2027-02-23,a10Ps00000RXqQ5IAL,005Ps00000LEF6MIAX,2026-10-02T19:00:37.000Z,50.0,2027-02-24,2026-08-20,Active,Active,Street Space,SSP-26-04337,012Ps000005citCIAQ,DBI BPA - Construction Staging,2415 PIERCE  ST,2026-08-24,2026-10-02T19:00:37.000Z,4.0,2027-02-23,2026-08-24,Not Enforceable
THE 519 CORPORATION,2026-07-27T20:58:42.000Z,2026-11-02,a10Ps00000RXsdBIAT,005Ps00000IzXSvIAN,2026-09-16T23:17:09.000Z,20.0,2026-11-03,2026-07-27,Active,Active,Street Space,SSP-26-04339,012Ps000005citCIAQ,Building Permit - Construction Staging,663 44TH  AVE,2026-08-03,2026-09-16T23:17:09.000Z,2.0,2026-11-02,2026-08-03,Enforceable
,2026-07-27T21:30:36.000Z,2026-10-30,a10Ps00000RXyXJIA1,0058b00000GAFCDAA5,2026-07-27T22:44:04.000Z,10.0,2026-10-31,2026-07-27,Tow Sign Photo,Awaiting Applicant Info,Street Space,SSP-26-04341,012Ps000005citCIAQ,Building Permit - Construction Staging,1596 GUERRERO  ST,2026-07-31,2026-07-27T22:44:04.000Z,2.0,2026-10-30,2026-07-31,Not Enforceable
RICO'S GENERAL CONST INC,2026-07-27T21:39:10.000Z,2026-10-30,a10Ps00000RY0CXIA1,0058b00000GAFCDAA5,2026-07-28T18:55:32.000Z,20.0,2026-10-31,2026-07-28,Tow Sign Photo,Awaiting Applicant Info,Street Space,SSP-26-04342,012Ps000005citCIAQ,loading and unloading material,7 BENNINGTON  ST,2026-07-31,2026-07-28T18:56:06.000Z,2.0,2026-10-30,2026-07-31,Not Enforceable
REUBEN JUNIUS & ROSE LLP,2026-07-27T22:19:41.000Z,2027-01-31,a10Ps00000RY61pIAD,005Ps00000IzXSvIAN,2026-08-20T23:24:40.000Z,110.0,2027-02-01,2026-07-27,Active,Active,Street Space,SSP-26-04345,012Ps000005citCIAQ,Building Permit - Construction Staging,2898 VALLEJO  ST,2026-08-01,2026-08-20T23:24:40.000Z,7.0,2027-01-31,2026-08-01,Enforceable
ANDREW CHEKENE ENTERPRISES INC,2026-07-27T22:40:40.000Z,2027-02-02,a10Ps00000RY9CbIAL,005Ps00000IzXSvIAN,2026-08-04T19:56:11.000Z,60.0,2027-02-03,2026-07-30,Active,Active,Street Space,SSP-26-04346,012Ps000005citCIAQ,Reroofing,85 CLEARY  CT,2026-08-03,2026-08-04T19:56:11.000Z,4.0,2027-02-02,2026-08-03,Enforceable
MOROSO CONSTRUCTION INC,2026-07-27T22:57:38.000Z,2027-02-16,a10Ps00000RYBPhIAP,0058b00000GAFCDAA5,2026-07-30T23:12:50.000Z,59.0,2027-02-17,2026-07-30,Tow Sign Photo,Awaiting Applicant Info,Street Space,SSP-26-04348,012Ps000005citCIAQ,"Onloading and offloading equipment, material, machinery for ongoing remodeling project.",2790 BROADWAY,2026-08-17,2026-07-30T23:14:05.000Z,4.0,2027-02-16,2026-08-17,Not Enforceable
SKANSKA USA BUILDING INC,2026-07-27T23:06:13.000Z,2027-01-30,a10Ps00000RYCVRIA5,005Ps00000IxBTKIA3,2026-07-30T16:14:19.000Z,70.0,2027-01-31,2026-07-28,Tow Sign Photo,Awaiting Applicant Info,Street Space,SSP-26-04349,012Ps000005citCIAQ,"Parking, loading/unloading of materials",1950 JACKSON  ST,2026-07-31,2026-07-30T16:14:19.000Z,5.0,2027-01-30,2026-07-31,Not Enforceable
REUBEN JUNIUS & ROSE LLP,2026-07-28T00:26:26.000Z,2026-09-27,a10Ps00000RYLs5IAH,0058b00000GAFCDAA5,2026-09-28T07:00:08.000Z,20.0,2026-09-28,2026-07-27,Closed,Expired,Street Space,SSP-26-04350,012Ps000005citCIAQ,To complete construction,3864 24TH  ST,2026-07-28,2026-09-28T07:00:10.000Z,2.0,2026-09-27,2026-07-28,Not Enforceable
KASAS BUILDERS INC,2026-07-28T01:22:13.000Z,2026-12-02,a10Ps00000RYQ3lIAH,0058b00000GAFCDAA5,2026-07-28T16:07:01.000Z,20.0,2026-12-03,2026-07-28,Tow Sign Photo,Awaiting Applicant Info,Street Space,SSP-26-04351,012Ps000005citCIAQ,parking & staging,641 BAKER  ST,2026-08-03,2026-07-28T16:07:01.000Z,2.0,2026-12-02,2026-08-03,Not Enforceable
,2026-07-28T05:29:31.000Z,2026-11-02,a10Ps00000RYoR3IAL,005Ps00000LEF6MIAX,2026-07-30T16:00:04.000Z,20.0,2026-11-03,2026-07-28,Active,Active,Street Space,SSP-26-04359,012Ps000005citCIAQ,parking of constriuction vehicle,4334 19TH  ST,2026-08-03,2026-07-30T16:00:04.000Z,2.0,2026-11-02,2026-08-03,Enforceable
CUSTOM CONST ENTERPRISES,2026-07-28T16:06:51.000Z,2026-11-02,a10Ps00000RasC1IAJ,005Ps00000IzXSvIAN,2026-07-29T23:06:14.000Z,20.0,2026-11-03,2026-07-28,Active,Active,Street Space,SSP-26-04366,012Ps000005citCIAQ,Loading/Unloading Material,650 LAGUNA HONDA  BLVD,2026-08-03,2026-07-29T23:06:14.000Z,2.0,2026-11-02,2026-08-03,Enforceable
ALPHA WATERPROOFING ETAL,2026-07-28T16:37:49.000Z,2026-10-02,a10Ps00000Rb0sjIAB,0058b00000GAFCDAA5,2026-10-03T07:00:22.000Z,40.0,2026-10-03,2026-07-28,Closed,Expired,Street Space,SSP-26-04367,012Ps000005citCIAQ,Park 2 vehicles and install scaffold on the front.,1340 CLAY  ST,2026-08-03,2026-10-03T07:00:28.000Z,3.0,2026-10-02,2026-08-03,Not Enforceable
G M BUILDING AND CONSTRUCTION INC,2026-07-28T17:37:11.000Z,2026-10-02,a10Ps00000RbGsfIAF,0058b00000GAFCDAA5,2026-10-03T07:00:22.000Z,30.0,2026-10-03,2026-07-28,Closed,Expired,Street Space,SSP-26-04370,012Ps000005citCIAQ,construction,210 04TH  AVE,2026-08-03,2026-10-03T07:00:28.000Z,3.0,2026-10-02,2026-08-03,Not Enforceable
FASHIONADVICE.COM DBA SAM MALOUF AUTHENTIC LUXURY,2026-07-28T18:09:08.000Z,2026-09-30,a10Ps00000RbCFaIAN,0058b00000GAFCDAA5,2026-10-01T07:00:10.000Z,20.0,2026-10-01,2026-07-28,Closed,Expired,Street Space,SSP-26-04372,012Ps000005citCIAQ,Load and unload for to finish remodel of ground space.,405 LOCUST  ST,2026-08-01,2026-10-01T07:00:12.000Z,2.0,2026-09-30,2026-08-01,Not Enforceable
TOM LEE ROOFING INC,2026-07-28T18:19:43.000Z,2026-09-29,a10Ps00000RbUVpIAN,0058b00000GAFCDAA5,2026-09-30T07:00:11.000Z,20.0,2026-09-30,2026-07-31,Closed,Expired,Street Space,SSP-26-04373,012Ps000005citCIAQ,reroofing,1241 GUERRERO  ST,2026-08-31,2026-09-30T07:00:14.000Z,2.0,2026-09-29,2026-08-31,Not Enforceable
TOM LEE ROOFING INC,2026-07-28T18:36:01.000Z,2026-10-13,a10Ps00000RbSkEIAV,0058b00000GAFCDAA5,2026-07-28T19:07:55.000Z,20.0,2026-10-14,2026-07-28,Tow Sign Photo,Awaiting Applicant Info,Street Space,SSP-26-04375,012Ps000005citCIAQ,reroofing,263 STAPLES  AVE,2026-09-14,2026-07-28T19:07:55.000Z,2.0,2026-10-13,2026-09-14,Not Enforceable
RICO'S GENERAL CONST INC,2026-07-28T18:45:22.000Z,2026-09-29,a10Ps00000Rbbp3IAB,0058b00000GAFCDAA5,2026-09-30T07:00:11.000Z,20.0,2026-09-30,2026-07-28,Closed,Expired,Street Space,SSP-26-04377,012Ps000005citCIAQ,loading/unloading construction materials,680 CONNECTICUT  ST,2026-07-31,2026-09-30T07:00:14.000Z,2.0,2026-09-29,2026-07-31,Not Enforceable
COLLINS FINBARR J,2026-07-28T18:50:16.000Z,2026-10-02,a10Ps00000RbczdIAB,0058b00000GAFCDAA5,2026-10-03T07:00:22.000Z,30.0,2026-10-03,2026-07-28,Closed,Expired,Street Space,SSP-26-04378,012Ps000005citCIAQ,Parking for Construction workers,839 NORTH POINT  ST,2026-08-03,2026-10-03T07:00:28.000Z,3.0,2026-10-02,2026-08-03,Not Enforceable
HAWK HILL CONSTRUCTION INC,2026-07-28T19:31:54.000Z,2026-10-10,a10Ps00000RbWFvIAN,0058b00000GAFCDAA5,2026-07-28T19:35:36.000Z,20.0,2026-10-11,2026-07-28,Tow Sign Photo,Awaiting Applicant Info,Street Space,SSP-26-04380,012Ps000005citCIAQ,Debris box / Material deliveries,3443 BALBOA  ST,2026-08-11,2026-07-28T19:35:36.000Z,2.0,2026-10-10,2026-08-11,Not Enforceable
MERCY HOUSING CALIFORNIA,2026-07-28T22:09:48.000Z,2027-01-31,a10Ps00000RcKHVIA3,0058b00000GAFCDAA5,2026-07-31T21:32:36.000Z,254.0,2027-02-01,2026-07-31,Tow Sign Photo,Awaiting Applicant Info,Street Space,SSP-26-04385,012Ps000005citCIAQ,DBI BPA - Construction Staging,1687 MARKET  ST,2026-08-01,2026-07-31T21:32:46.000Z,12.0,2027-01-31,2026-08-01,Not Enforceable
CURRENT CONSTRUCTION,2026-07-28T22:52:26.000Z,2026-10-02,a10Ps00000RcRR3IAN,0058b00000GAFCDAA5,2026-10-03T07:00:22.000Z,80.0,2026-10-03,2026-07-29,Closed,Expired,Street Space,SSP-26-04389,012Ps000005citCIAQ,DBI BPA - Construction Staging,400 UPPER  TER,2026-08-03,2026-10-03T07:00:28.000Z,5.0,2026-10-02,2026-08-03,Not Enforceable
MAGUIRE PRO PAINTING LLC,2026-07-29T01:19:29.000Z,2026-10-03,a10Ps00000RcbS3IAJ,0058b00000GAFCDAA5,2026-10-04T07:00:11.000Z,40.0,2026-10-04,2026-07-29,Closed,Expired,Street Space,SSP-26-04392,012Ps000005citCIAQ,Painting,240 EDGEWOOD  AVE,2026-08-04,2026-10-04T07:00:12.000Z,3.0,2026-10-03,2026-08-04,Not Enforceable
O'SHEA CO. HOME GROWN CONSTRUCTION LLC,2026-07-29T14:13:54.000Z,2027-02-03,a10Ps00000ReiArIAJ,0058b00000GAFCDAA5,2026-07-30T19:41:50.000Z,20.0,2027-02-04,2026-07-30,Tow Sign Photo,Awaiting Applicant Info,Street Space,SSP-26-04394,012Ps000005citCIAQ,DBI BPA - Construction Staging,40 FANNING  WAY,2026-08-04,2026-07-30T19:43:04.000Z,2.0,2027-02-03,2026-08-04,Not Enforceable
"ZACK DE VITO, INC.",2026-07-29T14:38:49.000Z,2026-10-03,a10Ps00000RepsHIAR,0058b00000GAFCDAA5,2026-10-04T07:00:11.000Z,25.0,2026-10-04,2026-07-29,Closed,Expired,Street Space,SSP-26-04395,012Ps000005citCIAQ,Loading/unloading for construction work at 1858 Union St.,1858 UNION  ST,2026-08-04,2026-10-04T07:00:12.000Z,3.0,2026-10-03,2026-08-04,Not Enforceable
SAGE CONSTRUCTION SERVICES,2026-07-29T15:25:07.000Z,2026-11-03,a10Ps00000Rf4krIAB,005Ps00000LEF6MIAX,2026-09-08T23:01:50.000Z,40.0,2026-11-04,2026-07-29,Active,Active,Street Space,SSP-26-04397,012Ps000005citCIAQ,Construction vehicles,300 VALLEY  ST,2026-08-04,2026-09-08T23:01:50.000Z,3.0,2026-11-03,2026-08-04,Enforceable
GIL CONSTRUCTION & ASSOC INC,2026-07-29T15:51:59.000Z,2026-10-03,a10Ps00000RfIPdIAN,0058b00000GAFCDAA5,2026-10-04T07:00:11.000Z,20.0,2026-10-04,2026-07-29,Closed,Expired,Street Space,SSP-26-04398,012Ps000005citCIAQ,Co. Vehicle Parking,60 27TH  AVE,2026-08-04,2026-10-04T07:00:12.000Z,2.0,2026-10-03,2026-08-04,Not Enforceable
GOLDEN STATE PLUMBING,2026-07-29T16:19:34.000Z,2026-09-29,a10Ps00000RfVBZIA3,0058b00000GAFCDAA5,2026-09-30T07:00:11.000Z,20.0,2026-09-30,2026-07-29,Closed,Expired,Street Space,SSP-26-04400,012Ps000005citCIAQ,parking,1738 FELL  ST,2026-07-30,2026-09-30T07:00:15.000Z,2.0,2026-09-29,2026-07-30,Not Enforceable
"FULL SERVICE MAINTENANCE, INC.",2026-07-29T17:00:28.000Z,2026-09-20,a10Ps00000RffKbIAJ,0058b00000GAFCDAA5,2026-09-21T07:00:07.000Z,325.0,2026-09-21,2026-08-11,Closed,Expired,Street Space,SSP-26-04401,012Ps000005citCIAQ,Use equipment (small lift) to perform radial panel repairs and painting,555 09TH  ST,2026-08-21,2026-09-21T07:00:08.000Z,20.0,2026-09-20,2026-08-21,Not Enforceable
,2026-07-29T17:06:33.000Z,2027-02-09,a10Ps00000RfhJBIAZ,005Ps00000LEF6MIAX,2026-08-13T18:58:30.000Z,20.0,2027-02-10,2026-07-29,Active,Active,Street Space,SSP-26-04402,012Ps000005citCIAQ,for construction parking,740 WASHINGTON  ST,2026-08-10,2026-08-13T18:58:30.000Z,2.0,2027-02-09,2026-08-10,Enforceable
GRASSET FREDERIC PR,2026-07-29T17:28:33.000Z,2026-11-03,a10Ps00000RfXYOIA3,0058b00000GAFCDAA5,2026-07-29T17:30:44.000Z,20.0,2026-11-04,2026-07-29,Tow Sign Photo,Awaiting Applicant Info,Street Space,SSP-26-04403,012Ps000005citCIAQ,Parking,871 CAYUGA  AVE,2026-08-04,2026-07-29T17:30:44.000Z,2.0,2026-11-03,2026-08-04,Not Enforceable
LOVE PAINTING PC,2026-07-29T17:47:45.000Z,2026-09-29,a10Ps00000RfwZxIAJ,0058b00000GAFCDAA5,2026-09-30T07:00:11.000Z,25.0,2026-09-30,2026-07-29,Closed,Expired,Street Space,SSP-26-04405,012Ps000005citCIAQ,Scaffolding install and exterior painting,447 19TH  AVE,2026-08-31,2026-09-30T07:00:15.000Z,3.0,2026-09-29,2026-08-31,Not Enforceable
LOVE PAINTING PC,2026-07-29T17:52:25.000Z,2026-09-24,a10Ps00000RfxUPIAZ,0058b00000GAFCDAA5,2026-09-25T07:00:09.000Z,25.0,2026-09-25,2026-07-29,Closed,Expired,Street Space,SSP-26-04406,012Ps000005citCIAQ,exterior painting,474 PRENTISS  ST,2026-08-25,2026-09-25T07:00:10.000Z,3.0,2026-09-24,2026-08-25,Not Enforceable
LOVE PAINTING PC,2026-07-29T17:56:00.000Z,2026-10-06,a10Ps00000RfyYXIAZ,0058b00000GAFCDAA5,2026-07-29T18:03:44.000Z,25.0,2026-10-07,2026-07-29,Tow Sign Photo,Awaiting Applicant Info,Street Space,SSP-26-04407,012Ps000005citCIAQ,Install scaffolding and exterior painting,458 15TH  AVE,2026-09-07,2026-10-01T07:30:05.000Z,3.0,2026-10-06,2026-09-07,Not Enforceable
MACPHEE DONALD B,2026-07-29T18:31:44.000Z,2027-02-10,a10Ps00000Rg70jIAB,005Ps00000LEF6MIAX,2026-08-14T18:55:29.000Z,20.0,2027-02-11,2026-08-04,Active,Active,Street Space,SSP-26-04410,012Ps000005citCIAQ,unloading and loading of materials,2156 BRYANT  ST,2026-08-11,2026-08-14T18:55:29.000Z,2.0,2027-02-10,2026-08-11,Enforceable
SUPERBUILT,2026-07-29T18:32:23.000Z,2026-10-03,a10Ps00000Rg7DdIAJ,0058b00000GAFCDAA5,2026-10-04T07:00:11.000Z,20.0,2026-10-04,2026-07-29,Closed,Expired,Street Space,SSP-26-04411,012Ps000005citCIAQ,construction parking,2773 CLAY  ST,2026-08-04,2026-10-04T07:00:12.000Z,2.0,2026-10-03,2026-08-04,Not Enforceable
CUSTOM CONST ENTERPRISES,2026-07-29T19:01:15.000Z,2026-10-09,a10Ps00000RgEbhIAF,0058b00000GAFCDAA5,2026-07-29T22:52:51.000Z,40.0,2026-10-10,2026-07-29,Tow Sign Photo,Awaiting Applicant Info,Street Space,SSP-26-04413,012Ps000005citCIAQ,Construction loading and unloading,2001 UNION  ST,2026-08-10,2026-10-04T07:30:05.000Z,3.0,2026-10-09,2026-08-10,Not Enforceable
,2026-07-29T20:05:44.000Z,2027-02-04,a10Ps00000RgTfZIAV,005Ps00000IzXSvIAN,2026-08-28T18:12:38.000Z,25.0,2027-02-05,2026-07-30,Final Review,Awaiting Applicant Info,Street Space,SSP-26-04418,012Ps000005citCIAQ,Drop off and pu materials,1726 PIERCE  ST,2026-08-05,2026-08-28T18:12:38.000Z,3.0,2027-02-04,2026-08-05,Not Enforceable
DEL PLATA BUILDERS INC,2026-07-29T21:26:56.000Z,2026-11-02,a10Ps00000RgBPKIA3,005Ps00000LEF6MIAX,2026-08-10T15:57:42.000Z,25.0,2026-11-03,2026-07-30,Active,Active,Street Space,SSP-26-04427,012Ps000005citCIAQ,loading/unloading of materials and staging of equipment,325 LAWTON  ST,2026-08-03,2026-08-10T15:57:42.000Z,3.0,2026-11-02,2026-08-03,Enforceable
THE TOBONI GROUP LLC,2026-07-29T21:41:54.000Z,2027-02-02,a10Ps00000RgmezIAB,0058b00000GAFCDAA5,2026-07-30T16:02:12.000Z,34.0,2027-02-03,2026-07-30,Tow Sign Photo,Awaiting Applicant Info,Street Space,SSP-26-04428,012Ps000005citCIAQ,Deliveries and parking,2430 PACIFIC  AVE,2026-08-03,2026-07-30T16:02:47.000Z,3.0,2027-02-02,2026-08-03,Not Enforceable
,2026-07-30T14:28:52.000Z,2026-10-02,a10Ps00000RjRXZIA3,0058b00000GAFCDAA5,2026-10-03T07:00:22.000Z,20.0,2026-10-03,,Closed,Expired,Street Space,SSP-26-04438,012Ps000005citCIAQ,porta potty,2128 VAN NESS  AVE,2026-08-03,2026-10-03T07:00:28.000Z,2.0,2026-10-02,2026-08-03,Not Enforceable
GOLDEN GATE GLASS & MIRROR ETC,2026-07-30T15:06:50.000Z,2026-09-29,a10Ps00000Rjd2TIAR,0058b00000GAFCDAA5,2026-09-30T07:00:11.000Z,40.0,2026-09-30,2026-07-30,Closed,Expired,Street Space,SSP-26-04439,012Ps000005citCIAQ,"Temporary use of sidewalk space for scaffolding to perform window glass replacement. Scaffolding will occupy a portion of the sidewalk while maintaining a safe, accessible pedestrian path.",829 FOLSOM  ST,2026-08-30,2026-09-30T07:00:12.000Z,3.0,2026-09-29,2026-08-30,Not Enforceable
SFT CONSTRUCTION CORP,2026-07-30T15:21:44.000Z,2026-11-04,a10Ps00000Rjdk2IAB,0058b00000GAFCDAA5,2026-07-30T15:48:48.000Z,20.0,2026-11-05,2026-07-30,Tow Sign Photo,Awaiting Applicant Info,Street Space,SSP-26-04440,012Ps000005citCIAQ,Parking for construction building permit,1665 HAIGHT  ST,2026-08-05,2026-07-30T15:48:48.000Z,2.0,2026-11-04,2026-08-05,Not Enforceable
SFT CONSTRUCTION CORP,2026-07-30T15:27:20.000Z,2026-09-19,a10Ps00000Rjia1IAB,0058b00000GAFCDAA5,2026-09-20T07:00:07.000Z,20.0,2026-09-20,2026-07-30,Closed,Expired,Street Space,SSP-26-04442,012Ps000005citCIAQ,"constrcution load, and park our truck",50 RAYMOND  AVE,2026-08-20,2026-09-20T07:00:09.000Z,2.0,2026-09-19,2026-08-20,Not Enforceable
NEU HAUS LLC,2026-07-30T16:01:46.000Z,2026-11-02,a10Ps00000RjssjIAB,005Ps00000LEF6MIAX,2026-07-30T23:49:48.000Z,20.0,2026-11-03,2026-07-30,Active,Active,Street Space,SSP-26-04444,012Ps000005citCIAQ,construction deliveries,2814 CLAY  ST,2026-08-03,2026-07-30T23:49:48.000Z,2.0,2026-11-02,2026-08-03,Enforceable
,2026-07-30T17:05:33.000Z,2026-10-02,a10Ps00000RkEJlIAN,0058b00000GAFCDAA5,2026-10-03T07:00:22.000Z,20.0,2026-10-03,2026-07-30,Closed,Expired,Street Space,SSP-26-04448,012Ps000005citCIAQ,parking,1249 JACKSON  ST,2026-08-03,2026-10-03T07:00:29.000Z,2.0,2026-10-02,2026-08-03,Not Enforceable
,2026-07-30T17:27:01.000Z,2026-10-04,a10Ps00000RkKCHIA3,005Ps00000IzXSvIAN,2026-08-05T22:04:18.000Z,25.0,2026-10-05,2026-07-30,Active,Active,Street Space,SSP-26-04450,012Ps000005citCIAQ,Contractor parking,81 WOODWARD  ST,2026-08-05,2026-09-29T07:30:04.000Z,3.0,2026-10-04,2026-08-05,Enforceable
,2026-07-30T17:30:01.000Z,2026-12-02,a10Ps00000RkFsYIAV,005Ps00000LEF6MIAX,2026-07-31T17:56:11.000Z,20.0,2026-12-03,2026-07-30,Active,Active,Street Space,SSP-26-04451,012Ps000005citCIAQ,Allow worker's vehicle to park on street without having to move it every 2 hours.,2016 PACIFIC  AVE,2026-08-03,2026-07-31T17:56:11.000Z,2.0,2026-12-02,2026-08-03,Enforceable
CAMARILLO IGNACIO,2026-07-30T18:31:37.000Z,2026-10-02,a10Ps00000RkZuTIAV,0058b00000GAFCDAA5,2026-10-03T07:00:22.000Z,20.0,2026-10-03,2026-07-30,Closed,Expired,Street Space,SSP-26-04453,012Ps000005citCIAQ,Parking,716 MONTGOMERY  ST,2026-08-03,2026-10-03T07:00:29.000Z,2.0,2026-10-02,2026-08-03,Not Enforceable
TOM LEE ROOFING INC,2026-07-30T19:07:23.000Z,2026-09-29,a10Ps00000RkPn9IAF,0058b00000GAFCDAA5,2026-09-30T07:00:11.000Z,20.0,2026-09-30,2026-07-30,Closed,Expired,Street Space,SSP-26-04459,012Ps000005citCIAQ,reroofing,33 VALLETTA  CT,2026-08-31,2026-09-30T07:00:12.000Z,2.0,2026-09-29,2026-08-31,Not Enforceable
METZLER BROTHERS GENERAL CONTRACTORS INC,2026-07-30T19:10:34.000Z,2026-10-03,a10Ps00000RkVKcIAN,0058b00000GAFCDAA5,2026-10-04T07:00:11.000Z,20.0,2026-10-04,2026-07-30,Closed,Expired,Street Space,SSP-26-04461,012Ps000005citCIAQ,Reserved parking space for construction vehicles in support of building activity.  Also for a temporary portable toilet,1327 48TH  AVE,2026-08-04,2026-10-04T07:00:13.000Z,2.0,2026-10-03,2026-08-04,Not Enforceable
KEVIN WEBB CONSTRUCTION INC,2026-07-30T19:47:40.000Z,2026-10-02,a10Ps00000RkrxpIAB,0058b00000GAFCDAA5,2026-10-03T07:00:22.000Z,20.0,2026-10-03,2026-07-30,Closed,Expired,Street Space,SSP-26-04465,012Ps000005citCIAQ,Debris Box.,265 MARINA  BLVD,2026-08-03,2026-10-03T07:00:29.000Z,2.0,2026-10-02,2026-08-03,Not Enforceable
KENNEALLY CONSTRUCTION INC,2026-07-30T20:01:59.000Z,2027-02-03,a10Ps00000Rkv0XIAR,0058b00000GAFCDAA5,2026-07-30T20:30:59.000Z,25.0,2027-02-04,2026-07-30,Tow Sign Photo,Awaiting Applicant Info,Street Space,SSP-26-04466,012Ps000005citCIAQ,Construction,67 BLAKE  ST,2026-08-04,2026-07-30T20:30:59.000Z,3.0,2027-02-03,2026-08-04,Not Enforceable
SINCERE CONSTRUCTION CO INC,2026-07-30T20:31:55.000Z,2026-12-02,a10Ps00000Rl0kzIAB,005Ps00000LEF6MIAX,2026-08-03T16:16:02.000Z,20.0,2026-12-03,2026-07-30,Active,Active,Street Space,SSP-26-04467,012Ps000005citCIAQ,Contractor Parking,1625 POLK  ST,2026-08-03,2026-08-03T16:16:02.000Z,2.0,2026-12-02,2026-08-03,Enforceable
URBAN BUILDER GEN CONTRACTING,2026-07-30T20:50:03.000Z,2026-10-04,a10Ps00000Rl45RIAR,005Ps00000J8pVRIAZ,2026-09-30T21:11:26.000Z,25.0,2026-10-05,2026-07-30,Active,Active,Street Space,SSP-26-04468,012Ps000005citCIAQ,Parking,2128 VALLEJO  ST,2026-08-05,2026-09-30T21:11:26.000Z,3.0,2026-10-04,2026-08-05,Enforceable
NK CONSTRUCTION AND REAL ESTATE DEVELOPMENT LLC,2026-07-30T21:16:56.000Z,2027-02-03,a10Ps00000RklkMIAR,0058b00000GAFCDAA5,2026-07-30T21:51:49.000Z,20.0,2027-02-04,2026-07-30,Tow Sign Photo,Awaiting Applicant Info,Street Space,SSP-26-04472,012Ps000005citCIAQ,debris box,1601 DIAMOND  ST,2026-08-04,2026-07-30T21:51:49.000Z,2.0,2027-02-03,2026-08-04,Not Enforceable
TOM LEE ROOFING INC,2026-07-30T21:55:05.000Z,2026-09-29,a10Ps00000RlMFFIA3,0058b00000GAFCDAA5,2026-09-30T07:00:11.000Z,20.0,2026-09-30,2026-07-30,Closed,Expired,Street Space,SSP-26-04476,012Ps000005citCIAQ,reroofing,7 SHORT  ST,2026-08-31,2026-09-30T07:00:13.000Z,2.0,2026-09-29,2026-08-31,Not Enforceable
PRADO'S LANDSCAPING INC,2026-07-30T22:22:56.000Z,2026-10-09,a10Ps00000RlcgbIAB,0058b00000GAFCDAA5,2026-08-05T14:51:04.000Z,20.0,2026-10-10,2026-08-05,Tow Sign Photo,Awaiting Applicant Info,Street Space,SSP-26-04481,012Ps000005citCIAQ,Landscaping,3256 WASHINGTON  ST,2026-08-10,2026-10-04T07:30:03.000Z,2.0,2026-10-09,2026-08-10,Not Enforceable
MISSION HOME REMODELING,2026-07-30T22:29:15.000Z,2026-10-02,a10Ps00000RldXpIAJ,0058b00000GAFCDAA5,2026-10-03T07:00:22.000Z,20.0,2026-10-03,2026-07-30,Closed,Expired,Street Space,SSP-26-04482,012Ps000005citCIAQ,street space,601 JUNIPERO SERRA  BLVD,2026-08-03,2026-10-03T07:00:29.000Z,4.0,2026-10-02,2026-08-03,Not Enforceable
TOM LEE ROOFING INC,2026-07-30T23:09:33.000Z,2026-10-07,a10Ps00000RlgxAIAR,005Ps00000IxBTKIA3,2026-07-30T23:18:35.000Z,20.0,2026-10-08,2026-07-30,Tow Sign Photo,Awaiting Applicant Info,Street Space,SSP-26-04485,012Ps000005citCIAQ,reroofing,18 TOPAZ  WAY,2026-09-08,2026-10-02T07:30:15.000Z,2.0,2026-10-07,2026-09-08,Not Enforceable
RESTORATION WORKSHOP LTD,2026-07-30T23:45:36.000Z,2026-11-05,a10Ps00000Rlmo1IAB,005Ps00000IzXSvIAN,2026-08-13T19:19:27.000Z,20.0,2026-11-06,2026-07-31,Active,Active,Street Space,SSP-26-04487,012Ps000005citCIAQ,"Equipment will frequently be loaded and unloaded, interior paint work, construction staging",517 CLAYTON  ST,2026-08-06,2026-08-13T19:19:27.000Z,2.0,2026-11-05,2026-08-06,Enforceable
SATURN CONSTRUCTION CO,2026-07-31T02:00:59.000Z,2026-10-07,a10Ps00000RlpHGIAZ,0058b00000GAFCDAA5,2026-07-31T02:03:50.000Z,20.0,2026-10-08,2026-07-30,Tow Sign Photo,Awaiting Applicant Info,Street Space,SSP-26-04489,012Ps000005citCIAQ,loading/unloading of materials and staging of equipment,136 EVELYN  WAY,2026-08-08,2026-10-02T07:30:15.000Z,2.0,2026-10-07,2026-08-08,Not Enforceable
SATURN CONSTRUCTION CO,2026-07-31T02:10:10.000Z,2026-10-12,a10Ps00000RlzQHIAZ,0058b00000GAFCDAA5,2026-08-14T17:28:07.000Z,20.0,2026-10-13,2026-08-14,Tow Sign Photo,Awaiting Applicant Info,Street Space,SSP-26-04490,012Ps000005citCIAQ,Loading/unloading of materials and staging of equipment,1518 07TH  AVE,2026-08-13,2026-08-14T17:28:57.000Z,2.0,2026-10-12,2026-08-13,Not Enforceable
AMADOR GENERAL CONSTRUCTION INC,2026-07-31T03:01:35.000Z,2026-11-02,a10Ps00000Rm2kjIAB,0058b00000GAFCDAA5,2026-07-31T16:59:51.000Z,20.0,2026-11-03,2026-07-31,Tow Sign Photo,Awaiting Applicant Info,Street Space,SSP-26-04491,012Ps000005citCIAQ,Truck parking,3398 WASHINGTON  ST,2026-08-03,2026-07-31T16:59:51.000Z,2.0,2026-11-02,2026-08-03,Not Enforceable
LOUIS PTAK CONSTRUCTION INC,2026-07-31T14:39:55.000Z,2027-02-04,a10Ps00000RnEyNIAV,0058b00000GAFCDAA5,2026-08-18T16:39:15.000Z,38.0,2027-02-05,2026-08-18,Tow Sign Photo,Awaiting Applicant Info,Street Space,SSP-26-04493,012Ps000005citCIAQ,one parking spot available along frontage,3323 PACIFIC  AVE,2026-08-05,2026-08-18T16:39:47.000Z,3.0,2027-02-04,2026-08-05,Not Enforceable
DE BRUS MAOLCHOLM,2026-07-31T15:12:07.000Z,2026-10-04,a10Ps00000RnzxFIAR,005Ps00000J6duzIAB,2026-09-29T10:38:36.000Z,40.0,2026-10-05,2026-07-31,Tow Sign Photo,Awaiting Applicant Info,Street Space,SSP-26-04494,012Ps000005citCIAQ,Loading and unloading of construction material and equipment to job site,75 BARCELONA  AVE,2026-08-05,2026-09-29T10:38:36.000Z,3.0,2026-10-04,2026-08-05,Not Enforceable
"A2Z REMODELING, INC.",2026-07-31T16:11:40.000Z,2026-10-05,a10Ps00000RoH1JIAV,005Ps00000LEF6MIAX,2026-08-13T22:03:37.000Z,20.0,2026-10-06,2026-07-31,Active,Active,Street Space,SSP-26-04499,012Ps000005citCIAQ,"During construction, dumpster",227 CONGO  ST,2026-08-06,2026-09-30T07:30:02.000Z,2.0,2026-10-05,2026-08-06,Enforceable
DE BRUS MAOLCHOLM,2026-07-31T16:16:09.000Z,2026-10-03,a10Ps00000RoIDVIA3,0058b00000GAFCDAA5,2026-10-04T07:00:11.000Z,25.0,2026-10-04,2026-07-31,Closed,Expired,Street Space,SSP-26-04500,012Ps000005citCIAQ,Loading and unloading construction equipment to jobsite,311 MANGELS  AVE,2026-08-04,2026-10-04T07:00:13.000Z,3.0,2026-10-03,2026-08-04,Not Enforceable
TOM LEE ROOFING INC,2026-07-31T17:03:05.000Z,2026-10-07,a10Ps00000RoT0rIAF,0058b00000GAFCDAA5,2026-07-31T17:25:52.000Z,20.0,2026-10-08,2026-07-31,Tow Sign Photo,Awaiting Applicant Info,Street Space,SSP-26-04506,012Ps000005citCIAQ,reroofing,4666 18TH  ST,2026-09-08,2026-10-02T07:30:14.000Z,2.0,2026-10-07,2026-09-08,Not Enforceable
TOM LEE ROOFING INC,2026-07-31T17:06:25.000Z,2026-10-07,a10Ps00000RoTqTIAV,0058b00000GAFCDAA5,2026-07-31T17:33:49.000Z,20.0,2026-10-08,2026-07-31,Tow Sign Photo,Awaiting Applicant Info,Street Space,SSP-26-04507,012Ps000005citCIAQ,reroofing,123 FOREST VIEW  DR,2026-09-08,2026-10-02T07:30:15.000Z,2.0,2026-10-07,2026-09-08,Not Enforceable
INITIAL CONSTRUCTION INC,2026-07-31T18:34:37.000Z,2026-10-03,a10Ps00000RooGbIAJ,0058b00000GAFCDAA5,2026-10-04T07:00:11.000Z,25.0,2026-10-04,2026-07-31,Closed,Expired,Street Space,SSP-26-04512,012Ps000005citCIAQ,Temporary parking unloading material.,41 PROSPER  ST,2026-08-04,2026-10-04T07:00:13.000Z,3.0,2026-10-03,2026-08-04,Not Enforceable
AFR INC,2026-07-31T19:48:58.000Z,2026-10-03,a10Ps00000Rp5AzIAJ,0058b00000GAFCDAA5,2026-10-04T07:00:11.000Z,87.0,2026-10-04,2026-07-31,Closed,Expired,Street Space,SSP-26-04514,012Ps000005citCIAQ,Scaffolding / Truck parking,1801 JONES  ST,2026-08-04,2026-10-04T07:00:13.000Z,7.0,2026-10-03,2026-08-04,Not Enforceable
JONATHAN RALPH SANDLER,2026-07-31T21:57:17.000Z,2026-10-03,a10Ps00000RpQDpIAN,0058b00000GAFCDAA5,2026-10-04T07:00:11.000Z,20.0,2026-10-04,2026-08-03,Closed,Expired,Street Space,SSP-26-04515,012Ps000005citCIAQ,Parking,125 MALLORCA  WAY,2026-08-04,2026-10-04T07:00:13.000Z,2.0,2026-10-03,2026-08-04,Not Enforceable
MCMAHON TERENCE C,2026-07-31T22:51:07.000Z,2026-10-03,a10Ps00000RpXvFIAV,0058b00000GAFCDAA5,2026-10-04T07:00:11.000Z,20.0,2026-10-04,2026-07-31,Closed,Expired,Street Space,SSP-26-04518,012Ps000005citCIAQ,Building Permit - Construction Staging,1880 STEINER  ST,2026-08-04,2026-10-04T07:00:14.000Z,2.0,2026-10-03,2026-08-04,Not Enforceable
B C UNITED CONSTRUCTION INC,2026-08-01T03:04:10.000Z,2027-02-09,a10Ps00000Rq97hIAB,005Ps00000LEF6MIAX,2026-08-10T19:14:31.000Z,20.0,2027-02-10,2026-08-03,Active,Active,Street Space,SSP-26-04525,012Ps000005citCIAQ,Building Permit - Construction Staging,3921 18TH  ST,2026-08-10,2026-08-10T19:14:31.000Z,2.0,2027-02-09,2026-08-10,Enforceable
,2026-08-01T14:39:46.000Z,2026-10-13,a10Ps00000RqeLCIAZ,0058b00000GAFCDAA5,2026-08-05T17:42:33.000Z,20.0,2026-10-14,2026-08-05,Tow Sign Photo,Awaiting Applicant Info,Street Space,SSP-26-04526,012Ps000005citCIAQ,Scaffolding / Painting,271 DOWNEY  ST,2026-09-14,2026-08-05T17:43:06.000Z,2.0,2026-10-13,2026-09-14,Not Enforceable
ACRI DAVID,2026-08-01T17:58:00.000Z,2027-02-09,a10Ps00000RquWPIAZ,0058b00000GAFCDAA5,2026-08-03T16:40:02.000Z,20.0,2027-02-10,2026-08-03,Tow Sign Photo,Awaiting Applicant Info,Street Space,SSP-26-04527,012Ps000005citCIAQ,Building Permit - Construction Staging,3312 CLAY  ST,2026-08-10,2026-08-03T16:40:02.000Z,2.0,2027-02-09,2026-08-10,Not Enforceable
K LAU ENTERPRISES INC DBA KA LAU CONSTRUCTION,2026-08-03T02:09:49.000Z,2026-10-05,a10Ps00000Rt0EPIAZ,005Ps00000LW6ZFIA1,2026-09-30T17:36:52.000Z,20.0,2026-10-06,2026-08-05,Tow Sign Photo,Awaiting Applicant Info,Street Space,SSP-26-04533,012Ps000005citCIAQ,Building Permit - Construction Staging,3367 17TH  ST,2026-08-06,2026-09-30T17:36:52.000Z,2.0,2026-10-05,2026-08-06,Not Enforceable
,2026-08-03T03:34:09.000Z,2026-11-05,a10Ps00000RtBkrIAF,005Ps00000LEF6MIAX,2026-09-18T16:11:42.000Z,20.0,2026-11-06,2026-08-03,Active,Active,Street Space,SSP-26-04534,012Ps000005citCIAQ,Building Permit - Construction Staging,3690 17TH  ST,2026-08-06,2026-09-18T16:11:42.000Z,2.0,2026-11-05,2026-08-06,Enforceable
,2026-08-03T08:17:05.000Z,2026-10-08,a10Ps00000RtWsXIAV,005Ps00000IzXSvIAN,2026-08-07T23:11:59.000Z,20.0,2026-10-09,2026-08-07,Active,Active,Street Space,SSP-26-04535,012Ps000005citCIAQ,Toilet and delivery of materials.,4075 25TH  ST,2026-08-09,2026-10-03T07:30:09.000Z,2.0,2026-10-08,2026-08-09,Enforceable
SF PERMITTING INC,2026-08-03T15:04:39.000Z,2026-10-07,a10Ps00000RvBwrIAF,005Ps00000JvqgTIAR,2026-09-29T20:33:17.000Z,20.0,2026-10-08,2026-08-03,Active,Active,Street Space,SSP-26-04536,012Ps000005citCIAQ,work car,1945 LYON  ST,2026-08-08,2026-09-29T20:33:17.000Z,2.0,2026-10-07,2026-08-08,Enforceable
SF PERMITTING INC,2026-08-03T15:30:18.000Z,2026-10-06,a10Ps00000RvKnFIAV,005Ps00000JvqgTIAR,2026-09-29T20:38:09.000Z,20.0,2026-10-07,2026-08-03,Active,Active,Street Space,SSP-26-04537,012Ps000005citCIAQ,work vehicle,2455 JACKSON  ST,2026-08-07,2026-09-29T20:38:09.000Z,2.0,2026-10-06,2026-08-07,Enforceable
TRIOND REMODELING,2026-08-03T16:04:59.000Z,2026-10-06,a10Ps00000RvGGcIAN,0058b00000GAFCDAA5,2026-08-03T19:55:45.000Z,24.0,2026-10-07,2026-08-03,Tow Sign Photo,Awaiting Applicant Info,Street Space,SSP-26-04538,012Ps000005citCIAQ,Building Permit - Construction Staging,631 19TH  AVE,2026-08-07,2026-10-01T07:30:05.000Z,3.0,2026-10-06,2026-08-07,Not Enforceable
NABI CONSTRUCTION & ENGRNG INC,2026-08-03T16:34:32.000Z,2026-10-03,a10Ps00000Rvc93IAB,0058b00000GAFCDAA5,2026-10-04T07:00:11.000Z,40.0,2026-10-04,2026-08-03,Closed,Expired,Street Space,SSP-26-04540,012Ps000005citCIAQ,Street Space Parking,2001 FILLMORE  ST,2026-08-04,2026-10-04T07:00:14.000Z,3.0,2026-10-03,2026-08-04,Not Enforceable
"DIJEAU POAGE CONSTRUCTION,INC",2026-08-03T16:49:10.000Z,2027-02-09,a10Ps00000Rvg1NIAR,005Ps00000LEF6MIAX,2026-08-27T21:36:50.000Z,20.0,2027-02-10,2026-08-03,Final Review,Awaiting Applicant Info,Street Space,SSP-26-04541,012Ps000005citCIAQ,Parking company vehicle and keeping porta potty on curb,200 SEACLIFF  AVE,2026-08-10,2026-08-27T21:36:50.000Z,2.0,2027-02-09,2026-08-10,Not Enforceable
RICO'S GENERAL CONST INC,2026-08-03T16:50:30.000Z,2026-11-07,a10Ps00000RvFUEIA3,0058b00000GAFCDAA5,2026-08-03T17:06:47.000Z,20.0,2026-11-08,2026-08-03,Tow Sign Photo,Awaiting Applicant Info,Street Space,SSP-26-04542,012Ps000005citCIAQ,Loading and unloading material,1008 CAROLINA  ST,2026-08-08,2026-08-03T17:06:47.000Z,2.0,2026-11-07,2026-08-08,Not Enforceable
LOVE PAINTING PC,2026-08-03T16:55:00.000Z,2026-09-20,a10Ps00000RvHmBIAV,0058b00000GAFCDAA5,2026-09-21T07:00:07.000Z,50.0,2026-09-21,2026-08-04,Closed,Expired,Street Space,SSP-26-04543,012Ps000005citCIAQ,Scaffolding and exterior painting,503 GATES  ST,2026-08-21,2026-09-21T07:00:09.000Z,6.0,2026-09-20,2026-08-21,Not Enforceable
,2026-08-03T17:01:33.000Z,2026-12-06,a10Ps00000RvXisIAF,005Ps00000LEF6MIAX,2026-08-07T21:35:20.000Z,40.0,2026-12-07,2026-08-04,Active,Active,Street Space,SSP-26-04544,012Ps000005citCIAQ,Construction Site parking,167 20TH  AVE,2026-08-07,2026-08-07T21:35:20.000Z,3.0,2026-12-06,2026-08-07,Enforceable
ELLIOTT MARK S,2026-08-03T17:20:12.000Z,2026-12-09,a10Ps00000RvpvtIAB,005Ps00000LEF6MIAX,2026-08-10T15:48:00.000Z,25.0,2026-12-10,2026-08-03,Active,Active,Street Space,SSP-26-04550,012Ps000005citCIAQ,Building Permit - Construction Staging,530 BELVEDERE  ST,2026-08-10,2026-08-10T15:48:00.000Z,3.0,2026-12-09,2026-08-10,Enforceable
YELLOW ZONE CONSTRUCTION INC,2026-08-03T17:59:39.000Z,2026-10-09,a10Ps00000Rw0w9IAB,0058b00000GAFCDAA5,2026-08-03T21:09:36.000Z,20.0,2026-10-10,2026-08-03,Tow Sign Photo,Awaiting Applicant Info,Street Space,SSP-26-04554,012Ps000005citCIAQ,Parking,366 ROOSEVELT  WAY,2026-08-10,2026-10-04T07:30:05.000Z,2.0,2026-10-09,2026-08-10,Not Enforceable
TEEL BRUCE J,2026-08-03T18:10:47.000Z,2026-12-06,a10Ps00000Rw3NlIAJ,0058b00000GAFCDAA5,2026-08-03T18:29:51.000Z,20.0,2026-12-07,2026-08-03,Tow Sign Photo,Awaiting Applicant Info,Street Space,SSP-26-04557,012Ps000005citCIAQ,parking,1330 05TH  AVE,2026-08-07,2026-08-03T18:29:51.000Z,2.0,2026-12-06,2026-08-07,Not Enforceable
AMONE CORP,2026-08-03T18:34:09.000Z,2027-02-09,a10Ps00000Rw9UnIAJ,005Ps00000IzXSvIAN,2026-08-06T19:29:28.000Z,60.0,2027-02-10,2026-08-04,Active,Active,Street Space,SSP-26-04559,012Ps000005citCIAQ,"Construction mobilization, equipment, and exterior scaffolding",1390 NORIEGA  ST,2026-08-10,2026-08-06T19:29:28.000Z,4.0,2027-02-09,2026-08-10,Enforceable
ARKSPACE DESIGN BUILD LLC,2026-08-03T19:02:32.000Z,2026-11-09,a10Ps00000RwG85IAF,0058b00000GAFCDAA5,2026-08-03T20:12:35.000Z,20.0,2026-11-10,2026-08-03,Tow Sign Photo,Awaiting Applicant Info,Street Space,SSP-26-04560,012Ps000005citCIAQ,For on loading and offloading construction materials,1770 PACIFIC  AVE,2026-08-10,2026-08-03T20:12:35.000Z,2.0,2026-11-09,2026-08-10,Not Enforceable
OLIVE CONSTRUCTION INC,2026-08-03T19:46:46.000Z,2026-10-06,a10Ps00000RwF3yIAF,005Ps00000LEF6MIAX,2026-08-05T21:13:11.000Z,35.0,2026-10-07,2026-08-03,Active,Active,Street Space,SSP-26-04563,012Ps000005citCIAQ,"Scaffolding on Balboa Street only for now
Address: 595 3rd Ave",595 03RD  AVE,2026-08-07,2026-10-01T07:30:06.000Z,3.0,2026-10-06,2026-08-07,Enforceable
MURPHY CONSTRUCTION LLC,2026-08-03T19:54:49.000Z,2027-02-06,a10Ps00000RwYszIAF,0058b00000GAFCDAA5,2026-08-18T16:45:45.000Z,24.0,2027-02-07,2026-08-18,Tow Sign Photo,Awaiting Applicant Info,Street Space,SSP-26-04566,012Ps000005citCIAQ,Staging equipment & loading / unloading of materials.,459 17TH  AVE,2026-08-07,2026-08-18T16:45:55.000Z,3.0,2027-02-06,2026-08-07,Not Enforceable
MCGOWAN BUILDERS INC,2026-08-03T19:57:37.000Z,2026-11-06,a10Ps00000RwZc9IAF,0058b00000GNxprAAD,2026-09-02T20:36:44.000Z,20.0,2026-11-07,2026-08-03,Tow Sign Photo,Awaiting Applicant Info,Street Space,SSP-26-04567,012Ps000005citCIAQ,To load and unload materials,167 BONVIEW  ST,2026-08-07,2026-09-02T20:36:44.000Z,2.0,2026-11-06,2026-08-07,Not Enforceable
NORMAN CHARLES CONST.INC.,2026-08-03T20:29:03.000Z,2027-02-06,a10Ps00000RwgSLIAZ,005Ps00000LEF6MIAX,2026-08-11T19:47:10.000Z,25.0,2027-02-07,2026-08-03,Active,Active,Street Space,SSP-26-04569,012Ps000005citCIAQ,Porter Potty / Debris Box / PArking,249 BOCANA  ST,2026-08-07,2026-08-11T19:47:10.000Z,3.0,2027-02-06,2026-08-07,Enforceable
SAMCO CONSTRUCTION INC,2026-08-03T21:22:11.000Z,2026-12-08,a10Ps00000RwqwLIAR,0058b00000GAFCDAA5,2026-08-03T21:33:35.000Z,20.0,2026-12-09,2026-08-03,Tow Sign Photo,Awaiting Applicant Info,Street Space,SSP-26-04572,012Ps000005citCIAQ,load and unload materials,424 PENNSYLVANIA  AVE,2026-08-09,2026-08-03T21:33:35.000Z,2.0,2026-12-08,2026-08-09,Not Enforceable
JOKE VANDENBULCKE,2026-08-03T21:28:48.000Z,2026-10-16,a10Ps00000Rws0TIAR,005Ps00000LEF6MIAX,2026-08-18T15:12:50.000Z,20.0,2026-10-17,2026-08-03,Active,Active,Street Space,SSP-26-04573,012Ps000005citCIAQ,Parking,2145 LARKIN  ST,2026-08-17,2026-08-18T15:12:50.000Z,2.0,2026-10-16,2026-08-17,Enforceable
FLORES RICHARD A,2026-08-03T22:00:07.000Z,2026-10-09,a10Ps00000RwwldIAB,005Ps00000IzXSvIAN,2026-08-04T19:32:53.000Z,20.0,2026-10-10,2026-08-03,Active,Active,Street Space,SSP-26-04575,012Ps000005citCIAQ,use street space during construction process,920 BRODERICK  ST,2026-08-10,2026-10-04T07:30:04.000Z,2.0,2026-10-09,2026-08-10,Enforceable
FLORES RICHARD A,2026-08-03T22:05:59.000Z,2026-10-09,a10Ps00000RwxWPIAZ,005Ps00000IzXSvIAN,2026-08-04T16:57:40.000Z,20.0,2026-10-10,2026-08-03,Active,Active,Street Space,SSP-26-04576,012Ps000005citCIAQ,use street space during construction process,3358A 16TH  ST,2026-08-10,2026-10-04T07:30:05.000Z,2.0,2026-10-09,2026-08-10,Enforceable
YK MASON & SONS INC,2026-08-03T23:42:53.000Z,2026-09-29,a10Ps00000Rx8V3IAJ,0058b00000GAFCDAA5,2026-09-30T07:00:11.000Z,20.0,2026-09-30,2026-08-04,Closed,Expired,Street Space,SSP-26-04584,012Ps000005citCIAQ,Scaffolding in front and parking space in front.  Need both no-parking signs and placard,986 FILBERT  ST,2026-08-31,2026-09-30T07:00:13.000Z,2.0,2026-09-29,2026-08-31,Not Enforceable
YK MASON & SONS INC,2026-08-03T23:46:19.000Z,2026-09-29,a10Ps00000Rx7PKIAZ,0058b00000GAFCDAA5,2026-09-30T07:00:11.000Z,20.0,2026-09-30,2026-08-04,Closed,Expired,Street Space,SSP-26-04585,012Ps000005citCIAQ,Scaffolding in front and parking space in front.  Need both no-parking signs and placard.,127 VALPARAISO  ST,2026-08-31,2026-09-30T07:00:13.000Z,2.0,2026-09-29,2026-08-31,Not Enforceable
YK MASON & SONS INC,2026-08-03T23:52:25.000Z,2026-10-13,a10Ps00000Rx9KfIAJ,005Ps00000IxBTKIA3,2026-09-02T15:43:15.000Z,120.0,2026-10-14,2026-08-04,Tow Sign Photo,Awaiting Applicant Info,Street Space,SSP-26-04586,012Ps000005citCIAQ,Scaffolding both street sides of the building.  Parking spaces on Jefferson.  Red zone / bus stop on Fillmore.  Need no-parking signs on Jefferson ONLY and placard.,1490 JEFFERSON  ST,2026-09-14,2026-09-02T15:43:15.000Z,5.0,2026-10-13,2026-09-14,Not Enforceable
LUIS U. BRISENO,2026-08-04T03:01:31.000Z,2026-10-04,a10Ps00000Rx4jCIAR,005Ps00000LEF6MIAX,2026-09-14T22:57:49.000Z,70.0,2026-10-05,2026-08-10,Final Review,Awaiting Applicant Info,Street Space,SSP-26-04588,012Ps000005citCIAQ,"Scaffolding Installation:
Install scaffolding as required to safely perform window replacement and new stucco application. Scaffolding will be erected, maintained, and removed upon completion of the work.",3789 FILLMORE  ST,2026-08-05,2026-09-29T07:30:05.000Z,5.0,2026-10-04,2026-08-05,Not Enforceable
SARRIS PHILIP C,2026-08-04T06:17:17.000Z,2026-10-03,a10Ps00000Rxc89IAB,0058b00000GAFCDAA5,2026-10-04T07:00:10.000Z,20.0,2026-10-04,2026-08-04,Closed,Expired,Street Space,SSP-26-04589,012Ps000005citCIAQ,Construction parking,1570 12TH  AVE,2026-08-04,2026-10-04T07:00:12.000Z,2.0,2026-10-03,2026-08-04,Not Enforceable
ALDER CONSTRUCTION CA,2026-08-04T14:24:02.000Z,2026-10-09,a10Ps00000Rz1PRIAZ,005Ps00000JMZKLIA5,2026-09-16T18:15:43.000Z,20.0,2026-10-10,2026-08-04,Tow Sign Photo,Awaiting Applicant Info,Street Space,SSP-26-04590,012Ps000005citCIAQ,Parking,1865 CALIFORNIA  ST,2026-08-10,2026-09-16T18:15:43.000Z,2.0,2026-10-09,2026-08-10,Not Enforceable
STAR ELEVATOR INC,2026-08-04T14:38:21.000Z,2026-09-23,a10Ps00000RynCoIAJ,0058b00000GAFCDAA5,2026-09-24T07:00:09.000Z,20.0,2026-09-24,2026-08-04,Closed,Expired,Street Space,SSP-26-04592,012Ps000005citCIAQ,Building Maintenance - Elevator Repair,1624 LARKIN  ST,2026-08-24,2026-09-24T07:00:11.000Z,2.0,2026-09-23,2026-08-24,Not Enforceable
YIU CHEONG CONSTRUCTION CO,2026-08-04T15:26:32.000Z,2026-10-07,a10Ps00000RzMGzIAN,0058b00000GAFCDAA5,2026-08-04T15:38:48.000Z,20.0,2026-10-08,2026-08-04,Tow Sign Photo,Awaiting Applicant Info,Street Space,SSP-26-04593,012Ps000005citCIAQ,Need parking in front of building for workers and contractors,5828 CALIFORNIA  ST,2026-08-08,2026-10-02T07:30:15.000Z,2.0,2026-10-07,2026-08-08,Not Enforceable
ADD A GARAGE INC,2026-08-04T15:41:31.000Z,2027-02-07,a10Ps00000RzWmbIAF,0058b00000GAFCDAA5,2026-08-04T21:59:16.000Z,80.0,2027-02-08,2026-08-04,Tow Sign Photo,Pending,Street Space,SSP-26-04594,012Ps000005citCIAQ,Building Permit - Construction Staging,1925 GOUGH  ST,2026-08-08,2026-08-04T21:59:16.000Z,5.0,2027-02-07,2026-08-08,Not Enforceable
"DAARON BUILDERS, INC.",2026-08-04T15:47:33.000Z,2026-10-04,a10Ps00000RzYZtIAN,0058b00000GAFCDAA5,2026-08-04T16:30:59.000Z,20.0,2026-10-05,2026-08-04,Tow Sign Photo,Awaiting Applicant Info,Street Space,SSP-26-04595,012Ps000005citCIAQ,Building Permit - Construction Staging,2906 CESAR CHAVEZ  ST,2026-08-05,2026-09-29T07:30:04.000Z,2.0,2026-10-04,2026-08-05,Not Enforceable
ORTEGA JUAN & ORTEGA ARMANDO,2026-08-04T16:40:05.000Z,2026-12-09,a10Ps00000Rzo1xIAB,005Ps00000LEF6MIAX,2026-08-14T16:37:12.000Z,20.0,2026-12-10,2026-08-04,Final Review,Awaiting Applicant Info,Street Space,SSP-26-04598,012Ps000005citCIAQ,Parking,2609 SUTTER  ST,2026-08-10,2026-08-14T16:37:12.000Z,2.0,2026-12-09,2026-08-10,Not Enforceable
ANDREW CHEKENE ENTERPRISES INC,2026-08-04T17:17:50.000Z,2026-10-09,a10Ps00000RzyR7IAJ,005Ps00000TaAxpIAF,2026-09-24T16:09:29.000Z,80.0,2026-10-10,2026-08-04,Active,Active,Street Space,SSP-26-04600,012Ps000005citCIAQ,porta potty and debris box and parking,2130 HARRISON  ST,2026-08-10,2026-09-24T16:09:29.000Z,5.0,2026-10-09,2026-08-10,Enforceable
XP CONSTRUCTION LLC,2026-08-04T17:19:17.000Z,2026-11-09,a10Ps00000RzyqvIAB,0058b00000GAFCDAA5,2026-08-04T20:44:26.000Z,20.0,2026-11-10,2026-08-04,Tow Sign Photo,Awaiting Applicant Info,Street Space,SSP-26-04601,012Ps000005citCIAQ,Parking,1716 BAKER  ST,2026-08-10,2026-08-04T20:44:26.000Z,2.0,2026-11-09,2026-08-10,Not Enforceable
VONNEGUT THOREAU CONSTRUCTN IN,2026-08-04T17:26:11.000Z,2027-02-09,a10Ps00000RzYlGIAV,005Ps00000LEF6MIAX,2026-08-13T18:13:59.000Z,20.0,2027-02-10,2026-08-04,Active,Active,Street Space,SSP-26-04602,012Ps000005citCIAQ,"Parking for tradespeople, material deliveries, and hauling",165 FRANCISCO  ST,2026-08-10,2026-08-13T18:13:59.000Z,2.0,2027-02-09,2026-08-10,Enforceable
FOG CITY ROOFING LLC,2026-08-04T18:04:54.000Z,2026-10-27,a10Ps00000S0BjJIAV,0058b00000GAFCDAA5,2026-08-04T20:54:50.000Z,20.0,2026-10-28,2026-08-04,Tow Sign Photo,Awaiting Applicant Info,Street Space,SSP-26-04604,012Ps000005citCIAQ,Provide parking for company vehicles throughout the duration of the work.,1490 PINE  ST,2026-09-28,2026-08-04T20:54:50.000Z,2.0,2026-10-27,2026-09-28,Not Enforceable
MCGOWAN BUILDERS INC,2026-08-04T18:21:44.000Z,2026-10-04,a10Ps00000S0GMPIA3,005Ps00000IzXSvIAN,2026-08-19T19:44:21.000Z,20.0,2026-10-05,2026-08-04,Active,Active,Street Space,SSP-26-04605,012Ps000005citCIAQ,BPA - Construction Staging,3628 16TH  ST,2026-08-05,2026-09-29T07:30:04.000Z,2.0,2026-10-04,2026-08-05,Enforceable
ARKSPACE DESIGN BUILD LLC,2026-08-04T20:13:00.000Z,2026-10-07,a10Ps00000S0omHIAR,0058b00000GAFCDAA5,2026-08-04T21:03:39.000Z,20.0,2026-10-08,2026-08-04,Tow Sign Photo,Awaiting Applicant Info,Street Space,SSP-26-04611,012Ps000005citCIAQ,Moving/Storage Pod placement for construction materials,10 OLYMPIA  WAY,2026-08-08,2026-10-02T07:30:15.000Z,2.0,2026-10-07,2026-08-08,Not Enforceable
BLAIR BURKE,2026-08-04T20:27:59.000Z,2027-02-09,a10Ps00000S0sDBIAZ,0058b00000GAFCDAA5,2026-08-05T01:40:50.000Z,40.0,2027-02-10,2026-08-04,Tow Sign Photo,Awaiting Applicant Info,Street Space,SSP-26-04612,012Ps000005citCIAQ,Construction Loading & Unloading,601 MORAGA  ST,2026-08-10,2026-08-05T01:40:50.000Z,3.0,2027-02-09,2026-08-10,Not Enforceable
PEDERSON CONSTRUCTION INC.,2026-08-04T20:48:28.000Z,2027-01-09,a10Ps00000S0wS5IAJ,005Ps00000LEF6MIAX,2026-08-10T19:46:24.000Z,20.0,2027-01-10,2026-08-04,Active,Active,Street Space,SSP-26-04614,012Ps000005citCIAQ,Building Permit - Construction Staging,90 ELLSWORTH  ST,2026-08-10,2026-08-10T19:46:24.000Z,2.0,2027-01-09,2026-08-10,Enforceable
E & E GENERAL BUILDER INC,2026-08-04T21:14:28.000Z,2026-10-09,a10Ps00000S11GTIAZ,0058b00000GAFCDAA5,2026-08-04T21:47:24.000Z,30.0,2026-10-10,2026-08-04,Tow Sign Photo,Awaiting Applicant Info,Street Space,SSP-26-04617,012Ps000005citCIAQ,Construction parking,340 BADEN  ST,2026-08-10,2026-10-04T07:30:03.000Z,3.0,2026-10-09,2026-08-10,Not Enforceable
RWR CONSTRUCTION INC,2026-08-04T21:18:59.000Z,2026-10-09,a10Ps00000S12AvIAJ,005Ps00000LEF6MIAX,2026-08-11T16:32:32.000Z,25.0,2026-10-10,2026-08-04,Active,Active,Street Space,SSP-26-04618,012Ps000005citCIAQ,Staging and Street Parking,2630 GREENWICH  ST,2026-08-10,2026-10-04T07:30:05.000Z,3.0,2026-10-09,2026-08-10,Enforceable
TOM LEE ROOFING INC,2026-08-04T23:12:33.000Z,2026-10-13,a10Ps00000S1HwLIAV,005Ps00000LEF6MIAX,2026-09-14T22:59:37.000Z,20.0,2026-10-14,2026-08-06,Final Review,Awaiting Applicant Info,Street Space,SSP-26-04630,012Ps000005citCIAQ,reroofing,80 VALPARAISO  ST,2026-09-14,2026-09-14T22:59:37.000Z,2.0,2026-10-13,2026-09-14,Not Enforceable
MR ROOFING INC,2026-08-04T23:31:17.000Z,2026-09-29,a10Ps00000S1IyuIAF,0058b00000GAFCDAA5,2026-09-30T07:00:11.000Z,20.0,2026-09-30,2026-08-04,Closed,Expired,Street Space,SSP-26-04631,012Ps000005citCIAQ,Reroofing,69 LOBOS  ST,2026-08-31,2026-09-30T07:00:13.000Z,2.0,2026-09-29,2026-08-31,Not Enforceable
BOLMAN DESIREE,2026-08-05T01:02:55.000Z,2026-11-09,a10Ps00000S1HBdIAN,005Ps00000IzXSvIAN,2026-08-07T21:07:06.000Z,20.0,2026-11-10,2026-08-06,Active,Active,Street Space,SSP-26-04635,012Ps000005citCIAQ,Building Permit - Construction Staging,1301 41ST  AVE,2026-08-10,2026-08-07T21:07:06.000Z,2.0,2026-11-09,2026-08-10,Enforceable
ANCGC INC = A NEW CONCEPT GENERAL CONSTRUCTION,2026-08-05T05:14:40.000Z,2026-11-09,a10Ps00000S1eo6IAB,0058b00000GAFCDAA5,2026-08-05T20:08:14.000Z,20.0,2026-11-10,2026-08-05,Tow Sign Photo,Awaiting Applicant Info,Street Space,SSP-26-04637,012Ps000005citCIAQ,Building Permit - Construction Staging,315 MADISON  ST,2026-08-10,2026-08-05T20:08:14.000Z,2.0,2026-11-09,2026-08-10,Not Enforceable
JAWA BUILDERS LLC,2026-08-05T14:00:14.000Z,2026-11-09,a10Ps00000S3HIjIAN,0058b00000GAFCDAA5,2026-08-11T00:06:40.000Z,20.0,2026-11-10,2026-08-10,Tow Sign Photo,Awaiting Applicant Info,Street Space,SSP-26-04638,012Ps000005citCIAQ,General Updates,3134 OCTAVIA  ST,2026-08-10,2026-08-11T00:06:40.000Z,2.0,2026-11-09,2026-08-10,Not Enforceable
CHL CONSTRUCTION INC,2026-08-05T15:47:47.000Z,2027-02-23,a10Ps00000S3naLIAR,005Ps00000LEF6MIAX,2026-08-12T21:50:50.000Z,20.0,2027-02-24,2026-08-05,Final Review,Awaiting Applicant Info,Street Space,SSP-26-04644,012Ps000005citCIAQ,Construction parking,674 ELIZABETH  ST,2026-08-24,2026-08-12T21:50:50.000Z,2.0,2027-02-23,2026-08-24,Not Enforceable
KAISER FOUNDATION HOSPITAL,2026-08-05T16:31:49.000Z,2027-02-09,a10Ps00000S3zmnIAB,005Ps00000IzXSvIAN,2026-08-19T19:39:40.000Z,40.0,2027-02-10,2026-08-10,Active,Active,Street Space,SSP-26-04646,012Ps000005citCIAQ,Hospital Maintenance,2425 GEARY  BLVD,2026-08-10,2026-08-19T19:39:40.000Z,3.0,2027-02-09,2026-08-10,Enforceable
,2026-08-05T16:33:33.000Z,2027-02-12,a10Ps00000S3k6EIAR,005Ps00000LEF6MIAX,2026-08-17T16:03:16.000Z,27.0,2027-02-13,2026-08-05,Active,Active,Street Space,SSP-26-04647,012Ps000005citCIAQ,Building Permit - Construction Staging,1611 BRODERICK  ST,2026-08-13,2026-08-17T16:03:16.000Z,3.0,2027-02-12,2026-08-13,Enforceable
METZLER BROTHERS GENERAL CONTRACTORS INC,2026-08-05T16:47:32.000Z,2026-10-12,a10Ps00000S44CzIAJ,005Ps00000LVF8MIAX,2026-09-11T00:10:18.000Z,20.0,2026-10-13,2026-08-05,Active,Active,Street Space,SSP-26-04648,012Ps000005citCIAQ,Building Permit - Construction Staging,871 CORBETT  AVE,2026-08-13,2026-09-11T00:10:18.000Z,2.0,2026-10-12,2026-08-13,Enforceable
LOVE PAINTING PC,2026-08-05T17:44:09.000Z,2026-09-23,a10Ps00000S4KEXIA3,0058b00000GAFCDAA5,2026-09-24T07:00:09.000Z,25.0,2026-09-24,2026-08-07,Closed,Expired,Street Space,SSP-26-04650,012Ps000005citCIAQ,Scaffolding,1388 PAGE  ST,2026-08-24,2026-09-24T07:00:11.000Z,3.0,2026-09-23,2026-08-24,Not Enforceable
ALV CONSTRUCTION INC,2026-08-05T17:48:40.000Z,2026-10-09,a10Ps00000S4LlhIAF,0058b00000GAFCDAA5,2026-08-06T00:12:42.000Z,40.0,2026-10-10,2026-08-05,Tow Sign Photo,Awaiting Applicant Info,Street Space,SSP-26-04651,012Ps000005citCIAQ,Building Permit - Construction Staging,850 POWELL  ST,2026-08-10,2026-10-04T07:30:04.000Z,3.0,2026-10-09,2026-08-10,Not Enforceable
CALEDONIA PLASTERING AND STUCCO INC,2026-08-05T17:52:53.000Z,2026-10-10,a10Ps00000S4MufIAF,0058b00000GAFCDAA5,2026-08-06T00:27:50.000Z,25.0,2026-10-11,2026-08-05,Tow Sign Photo,Awaiting Applicant Info,Street Space,SSP-26-04652,012Ps000005citCIAQ,Scaffolding,2620 CLEMENT  ST,2026-08-11,2026-08-06T00:27:50.000Z,3.0,2026-10-10,2026-08-11,Not Enforceable
THE 519 CORPORATION,2026-08-05T19:01:56.000Z,2026-10-10,a10Ps00000S4ngMIAR,005Ps00000LEF6MIAX,2026-08-12T23:15:56.000Z,20.0,2026-10-11,2026-08-06,Active,Active,Street Space,SSP-26-04656,012Ps000005citCIAQ,Building Maintenance,54 COLBY  ST,2026-08-11,2026-08-12T23:15:56.000Z,2.0,2026-10-10,2026-08-11,Enforceable
NONI HOMES INC,2026-08-05T19:25:29.000Z,2027-02-09,a10Ps00000S4vqnIAB,005Ps00000LEF6MIAX,2026-08-10T16:59:22.000Z,40.0,2027-02-10,2026-08-05,Active,Active,Street Space,SSP-26-04657,012Ps000005citCIAQ,Contractor parking,260 AVILA  ST,2026-08-10,2026-08-10T16:59:22.000Z,3.0,2027-02-09,2026-08-10,Enforceable
EVERGREEN CONSTRUCTION AND RESTORATION LLC,2026-08-05T21:11:45.000Z,2026-11-09,a10Ps00000S5Jl3IAF,0058b00000GAFCDAA5,2026-08-06T00:17:35.000Z,27.0,2026-11-10,2026-08-05,Tow Sign Photo,Awaiting Applicant Info,Street Space,SSP-26-04661,012Ps000005citCIAQ,Building Permit - Construction Staging,238 HANOVER  ST,2026-08-10,2026-08-06T00:17:35.000Z,3.0,2026-11-09,2026-08-10,Not Enforceable
PETER CHOUNG,2026-08-05T21:17:47.000Z,2026-09-29,a10Ps00000S5LN3IAN,0058b00000GAFCDAA5,2026-09-30T07:00:11.000Z,20.0,2026-09-30,2026-08-05,Closed,Expired,Street Space,SSP-26-04662,012Ps000005citCIAQ,Reroofing,3410 JUDAH  ST,2026-08-31,2026-09-30T07:00:13.000Z,2.0,2026-09-29,2026-08-31,Not Enforceable
KATHLEEN GEVERTZ,2026-08-05T22:11:39.000Z,2026-11-08,a10Ps00000S5TndIAF,005Ps00000LEF6MIAX,2026-08-12T18:10:26.000Z,20.0,2026-11-09,2026-08-05,Active,Active,Street Space,SSP-26-04667,012Ps000005citCIAQ,for subcontractor parking,25 RETIRO  WAY,2026-08-09,2026-08-12T18:10:26.000Z,2.0,2026-11-08,2026-08-09,Enforceable
TOM LEE ROOFING INC,2026-08-05T22:40:27.000Z,2026-10-07,a10Ps00000S5ZugIAF,0058b00000GAFCDAA5,2026-08-17T21:38:14.000Z,20.0,2026-10-08,2026-08-17,Tow Sign Photo,Awaiting Applicant Info,Street Space,SSP-26-04668,012Ps000005citCIAQ,reroofing,266 HEARST  AVE,2026-09-08,2026-10-02T07:30:15.000Z,2.0,2026-10-07,2026-09-08,Not Enforceable
BRENNAN COLM J,2026-08-05T23:31:46.000Z,2027-02-09,a10Ps00000S5k25IAB,0058b00000GAFCDAA5,2026-08-05T23:41:06.000Z,20.0,2027-02-10,2026-08-05,Tow Sign Photo,Awaiting Applicant Info,Street Space,SSP-26-04670,012Ps000005citCIAQ,construction,1391 VALLEJO  ST,2026-08-10,2026-08-05T23:41:06.000Z,2.0,2027-02-09,2026-08-10,Not Enforceable
"ARCLINE DEVELOPMENT, INC.",2026-08-06T00:29:46.000Z,2027-02-09,a10Ps00000S5tjhIAB,0058b00000GAFCDAA5,2026-08-07T00:47:14.000Z,20.0,2027-02-10,2026-08-06,Tow Sign Photo,Awaiting Applicant Info,Street Space,SSP-26-04671,012Ps000005citCIAQ,"To occupy the parking space in front of the property for construction operations, including loading and unloading of construction materials, staging of equipment, contractor vehicles, and debris removal associated with the residential remodeling project.",2442 41ST  AVE,2026-08-10,2026-08-07T00:47:14.000Z,2.0,2027-02-09,2026-08-10,Not Enforceable
,2026-08-06T01:21:05.000Z,2026-10-09,a10Ps00000S5obUIAR,005Ps00000ThotjIAB,2026-10-05T01:04:20.000Z,20.0,2026-10-10,2026-08-09,Tow Sign Photo,Awaiting Applicant Info,Street Space,SSP-26-04672,012Ps000005citCIAQ,Trash/debris trucks and construction worker parking,264 DUNCAN  ST,2026-08-10,2026-10-05T01:04:20.000Z,2.0,2026-10-09,2026-08-10,Not Enforceable
BLAIR BURKE,2026-08-06T15:23:36.000Z,2027-02-09,a10Ps00000S8HjVIAV,0058b00000GAFCDAA5,2026-08-07T15:13:34.000Z,19.0,2027-02-10,2026-08-07,Tow Sign Photo,Awaiting Applicant Info,Street Space,SSP-26-04676,012Ps000005citCIAQ,Building Permit - Construction Staging,1573 34TH  AVE,2026-08-10,2026-08-07T15:13:59.000Z,2.0,2027-02-09,2026-08-10,Not Enforceable
YNWA INC,2026-08-06T17:10:26.000Z,2026-10-09,a10Ps00000S8izpIAB,005Ps00000LEF6MIAX,2026-08-25T21:28:20.000Z,20.0,2026-10-10,2026-08-20,Active,Active,Street Space,SSP-26-04684,012Ps000005citCIAQ,Parking and security/safety,2700 BROADWAY,2026-08-10,2026-10-04T07:30:04.000Z,2.0,2026-10-09,2026-08-10,Enforceable
ML GENERAL CONSTRUCTION,2026-08-06T17:29:20.000Z,2026-10-11,a10Ps00000S8oPJIAZ,005Ps00000IzXSvIAN,2026-08-19T21:59:19.000Z,20.0,2026-10-12,2026-08-13,Active,Active,Street Space,SSP-26-04686,012Ps000005citCIAQ,Building Permit - Construction Staging,846 25TH  AVE,2026-08-12,2026-08-19T21:59:19.000Z,2.0,2026-10-11,2026-08-12,Enforceable
DO CANTO MANOEL R,2026-08-06T17:32:49.000Z,2027-02-09,a10Ps00000S8mc2IAB,0058b00000GNxprAAD,2026-08-14T19:28:32.000Z,20.0,2027-02-10,2026-08-10,Tow Sign Photo,Awaiting Applicant Info,Street Space,SSP-26-04687,012Ps000005citCIAQ,Loading and unloading of materials and crew,1528 11TH  AVE,2026-08-10,2026-08-14T19:28:32.000Z,2.0,2027-02-09,2026-08-10,Not Enforceable
THE GARDEN ROUTE COMPANY,2026-08-06T18:17:27.000Z,2026-12-09,a10Ps00000S91SzIAJ,0058b00000GAFCDAA5,2026-08-06T18:58:22.000Z,20.0,2026-12-10,2026-08-06,Tow Sign Photo,Awaiting Applicant Info,Street Space,SSP-26-04690,012Ps000005citCIAQ,"work truck, roll off dumpster for demo",21 ROANOKE  ST,2026-08-10,2026-08-06T18:58:22.000Z,2.0,2026-12-09,2026-08-10,Not Enforceable
"CAMP ROOFING, LTD. DBA CAMP CONSTRUCTION SERVICES",2026-08-06T18:26:31.000Z,2027-02-09,a10Ps00000S93zRIAR,0058b00000GAFCDAA5,2026-08-06T18:28:50.000Z,20.0,2027-02-10,2026-08-06,Tow Sign Photo,Awaiting Applicant Info,Street Space,SSP-26-04692,012Ps000005citCIAQ,Debris Box,370 DRUMM  ST,2026-08-10,2026-08-06T18:28:50.000Z,2.0,2027-02-09,2026-08-10,Not Enforceable
XSPACE BUILDERS INC,2026-08-06T20:14:08.000Z,2026-12-11,a10Ps00000S9VkPIAV,0058b00000GAFCDAA5,2026-08-06T20:37:17.000Z,25.0,2026-12-12,2026-08-06,Tow Sign Photo,Awaiting Applicant Info,Street Space,SSP-26-04696,012Ps000005citCIAQ,For company cars and material loading and offloading,486 ARLINGTON  ST,2026-08-12,2026-08-06T20:37:17.000Z,3.0,2026-12-11,2026-08-12,Not Enforceable
COLINDRES & ASSOCIATES,2026-08-06T20:57:21.000Z,2026-12-09,a10Ps00000S9ePVIAZ,0058b00000GAFCDAA5,2026-08-10T16:17:03.000Z,37.0,2026-12-10,2026-08-10,Tow Sign Photo,Awaiting Applicant Info,Street Space,SSP-26-04698,012Ps000005citCIAQ,parking for workers,2440 SCOTT  ST,2026-08-10,2026-08-10T16:17:48.000Z,3.0,2026-12-09,2026-08-10,Not Enforceable
LC BUILDERS INC,2026-08-06T20:58:34.000Z,2026-10-16,a10Ps00000S9eZBIAZ,0058b00000GAFCDAA5,2026-08-11T17:45:24.000Z,40.0,2026-10-17,2026-08-11,Tow Sign Photo,Awaiting Applicant Info,Street Space,SSP-26-04699,012Ps000005citCIAQ,Building Maintenance - Construction Staging,1174 FOLSOM  ST,2026-08-17,2026-08-11T17:45:53.000Z,3.0,2026-10-16,2026-08-17,Not Enforceable
GH CONSTRUCTION INC,2026-08-06T22:07:35.000Z,2026-10-09,a10Ps00000S9qQfIAJ,005Ps00000LEF6MIAX,2026-08-26T21:50:48.000Z,20.0,2026-10-10,2026-08-06,Active,Active,Street Space,SSP-26-04701,012Ps000005citCIAQ,BPA - Construction Staging,1328 YORK  ST,2026-08-10,2026-10-04T07:30:04.000Z,2.0,2026-10-09,2026-08-10,Enforceable
"COOKLINE CONSTRUCTION, INC.",2026-08-06T22:25:45.000Z,2026-11-09,a10Ps00000S9sfNIAR,0058b00000GAFCDAA5,2026-08-26T15:50:32.000Z,20.0,2026-11-10,2026-08-26,Tow Sign Photo,Awaiting Applicant Info,Street Space,SSP-26-04702,012Ps000005citCIAQ,Parking space for construction trades and deliveries to complete building permit scope,838 DIVISADERO  ST,2026-08-10,2026-08-26T15:50:47.000Z,2.0,2026-11-09,2026-08-10,Not Enforceable
"COOKLINE CONSTRUCTION, INC.",2026-08-06T22:41:14.000Z,2026-11-09,a10Ps00000S9vN7IAJ,0058b00000GAFCDAA5,2026-08-10T15:31:30.000Z,20.0,2026-11-10,2026-08-10,Tow Sign Photo,Awaiting Applicant Info,Street Space,SSP-26-04704,012Ps000005citCIAQ,Building Permit - Construction Staging,838 DIVISADERO  ST,2026-08-10,2026-08-10T15:31:54.000Z,2.0,2026-11-09,2026-08-10,Not Enforceable
CURRENT CONSTRUCTION,2026-08-06T23:12:07.000Z,2026-10-07,a10Ps00000SA28TIAT,005Ps00000LEF6MIAX,2026-08-12T17:42:35.000Z,25.0,2026-10-08,2026-08-06,Active,Active,Street Space,SSP-26-04707,012Ps000005citCIAQ,"Portable Toilet, jobsite staging, deliveries",1090 HAMPSHIRE  ST,2026-08-08,2026-10-02T07:30:14.000Z,3.0,2026-10-07,2026-08-08,Enforceable
TOM LEE ROOFING INC,2026-08-06T23:34:39.000Z,2026-10-13,a10Ps00000S9s9AIAR,005Ps00000LEF6MIAX,2026-09-14T16:05:40.000Z,20.0,2026-10-14,2026-08-17,Active,Active,Street Space,SSP-26-04708,012Ps000005citCIAQ,reroofing,664 DOUGLASS  ST,2026-09-14,2026-09-14T16:05:40.000Z,2.0,2026-10-13,2026-09-14,Enforceable
JAMES LEE PROPERTIES,2026-08-07T01:37:19.000Z,2027-02-09,a10Ps00000SAXgvIAH,005Ps00000LEF6MIAX,2026-08-18T00:02:36.000Z,20.0,2027-02-10,2026-08-17,Active,Active,Street Space,SSP-26-04711,012Ps000005citCIAQ,"Debris box, bathroom, parking machinery",108 WAWONA  ST,2026-08-10,2026-08-18T00:02:36.000Z,2.0,2027-02-09,2026-08-10,Enforceable
LEE DARREN,2026-08-07T04:26:35.000Z,2026-10-21,a10Ps00000SAivkIAD,005Ps00000IzXSvIAN,2026-09-01T23:36:06.000Z,20.0,2026-10-22,2026-08-08,Active,Active,Street Space,SSP-26-04713,012Ps000005citCIAQ,BPA - Construction Staging,230 PIERCE  ST,2026-08-22,2026-09-01T23:36:06.000Z,2.0,2026-10-21,2026-08-22,Enforceable
LEE DARREN,2026-08-07T04:28:36.000Z,2026-10-21,a10Ps00000SAjF3IAL,005Ps00000IzXSvIAN,2026-09-01T23:39:49.000Z,20.0,2026-10-22,2026-08-06,Active,Active,Street Space,SSP-26-04714,012Ps000005citCIAQ,Construction parking,267 28TH  AVE,2026-08-22,2026-09-01T23:39:49.000Z,2.0,2026-10-21,2026-08-22,Enforceable
OCEAN REMODEL INC,2026-08-07T07:48:26.000Z,2026-10-12,a10Ps00000SB54HIAT,005Ps00000IzXSvIAN,2026-08-18T20:27:34.000Z,20.0,2026-10-13,2026-08-07,Active,Active,Street Space,SSP-26-04716,012Ps000005citCIAQ,Park one truck,573 CONNECTICUT  ST,2026-08-13,2026-08-18T20:27:34.000Z,2.0,2026-10-12,2026-08-13,Enforceable
FG-FORCE CONSTRUCTION.INC,2026-08-07T13:45:48.000Z,2026-11-10,a10Ps00000SCEjpIAH,0058b00000GAFCDAA5,2026-08-07T14:00:27.000Z,20.0,2026-11-11,2026-08-07,Tow Sign Photo,Awaiting Applicant Info,Street Space,SSP-26-04717,012Ps000005citCIAQ,Construction,1457 BRODERICK  ST,2026-08-11,2026-08-07T14:00:27.000Z,2.0,2026-11-10,2026-08-11,Not Enforceable
ACG CONSTRUCTION INC,2026-08-07T14:04:43.000Z,2026-10-12,a10Ps00000SCK4TIAX,005Ps00000LEF6MIAX,2026-08-12T23:56:39.000Z,150.0,2026-10-13,2026-08-09,Active,Active,Street Space,SSP-26-04718,012Ps000005citCIAQ,parking,3701 BUCHANAN  ST,2026-08-13,2026-08-12T23:56:39.000Z,10.0,2026-10-12,2026-08-13,Enforceable
DARC VENTURES INC,2026-08-07T16:17:26.000Z,2026-10-16,a10Ps00000SCrlCIAT,005Ps00000LEF6MIAX,2026-09-08T21:59:09.000Z,20.0,2026-10-17,2026-08-07,Active,Active,Street Space,SSP-26-04722,012Ps000005citCIAQ,Parking for interior cosmetic paint and flooring,136 DOWNEY  ST,2026-08-17,2026-09-08T21:59:09.000Z,2.0,2026-10-16,2026-08-17,Enforceable
REDLOG FLOORING SERVICES CORPORATION,2026-08-07T16:28:00.000Z,2026-12-23,a10Ps00000SCymfIAD,005Ps00000IzjlpIAB,2026-09-04T14:32:56.000Z,50.0,2026-12-24,2026-08-07,Active,Active,Street Space,SSP-26-04724,012Ps000005citCIAQ,Only for parking use and scaffolding setup.,2200 LEAVENWORTH  ST,2026-08-24,2026-09-04T14:32:56.000Z,4.0,2026-12-23,2026-08-24,Enforceable
BRADY CONSTRUCTION INC,2026-08-07T16:40:38.000Z,2027-03-01,a10Ps00000SD0QIIA1,005Ps00000LEF6MIAX,2026-08-26T23:12:16.000Z,40.0,2027-03-02,2026-08-07,Active,Active,Street Space,SSP-26-04725,012Ps000005citCIAQ,Delivering materials and offloading materials on site,2889 PACIFIC  AVE,2026-09-02,2026-08-26T23:12:16.000Z,3.0,2027-03-01,2026-09-02,Enforceable
LARKSPUR BUILDERS INC.,2026-08-07T17:14:47.000Z,2026-12-12,a10Ps00000SD9ADIA1,005Ps00000LEF6MIAX,2026-09-21T20:22:01.000Z,25.0,2026-12-13,2026-08-07,Active,Active,Street Space,SSP-26-04730,012Ps000005citCIAQ,Residential construction parking.,2651 PIERCE  ST,2026-08-13,2026-09-21T20:22:01.000Z,3.0,2026-12-12,2026-08-13,Enforceable
"ZACK DE VITO, INC.",2026-08-07T17:53:23.000Z,2026-12-10,a10Ps00000SDIOnIAP,005Ps00000LEF6MIAX,2026-08-14T18:37:45.000Z,20.0,2026-12-11,2026-08-12,Active,Active,Street Space,SSP-26-04731,012Ps000005citCIAQ,Parking and loading for construction project.,2679 CALIFORNIA  ST,2026-08-11,2026-08-14T18:37:45.000Z,2.0,2026-12-10,2026-08-11,Enforceable
CHOI ROWLAND,2026-08-07T18:46:34.000Z,2026-11-10,a10Ps00000SDUxpIAH,005Ps00000LEF6MIAX,2026-08-18T15:12:05.000Z,20.0,2026-11-11,2026-08-07,Active,Active,Street Space,SSP-26-04733,012Ps000005citCIAQ,Debris box,339 HEARST  AVE,2026-08-11,2026-08-18T15:12:05.000Z,2.0,2026-11-10,2026-08-11,Enforceable
HOME QUALITY REMODELING,2026-08-07T18:47:25.000Z,2026-10-10,a10Ps00000SDVCLIA5,005Ps00000LEF6MIAX,2026-08-17T18:42:16.000Z,80.0,2026-10-11,2026-08-11,Active,Active,Street Space,SSP-26-04734,012Ps000005citCIAQ,Loading and unloading of materials for remodeling,416A CARL  ST,2026-08-11,2026-08-17T18:42:16.000Z,6.0,2026-10-10,2026-08-11,Enforceable
PODESTA CONSTRUCTION INC,2026-08-07T19:43:30.000Z,2027-02-11,a10Ps00000SDg4XIAT,005Ps00000LEF6MIAX,2026-08-12T23:19:28.000Z,25.0,2027-02-12,2026-08-07,Final Review,Awaiting Applicant Info,Street Space,SSP-26-04736,012Ps000005citCIAQ,"construction related activities. Loading and unloading materials, debris box, temp. toilet.",2009 14TH  AVE,2026-08-12,2026-08-12T23:19:28.000Z,3.0,2027-02-11,2026-08-12,Not Enforceable
"HENDRICKSON POOLS, INC.",2026-08-07T19:46:03.000Z,2026-10-12,a10Ps00000SDfRqIAL,0058b00000GAFCDAA5,2026-08-07T21:34:36.000Z,40.0,2026-10-13,2026-08-07,Tow Sign Photo,Awaiting Applicant Info,Street Space,SSP-26-04737,012Ps000005citCIAQ,Parking Needed for Trucks,2050 JACKSON  ST,2026-08-13,2026-08-07T21:34:36.000Z,3.0,2026-10-12,2026-08-13,Not Enforceable
CREEDENCE CORPORATION,2026-08-07T20:51:50.000Z,2027-02-12,a10Ps00000SDuCLIA1,0058b00000GAFCDAA5,2026-08-10T16:21:56.000Z,25.0,2027-02-13,2026-08-10,Tow Sign Photo,Awaiting Applicant Info,Street Space,SSP-26-04742,012Ps000005citCIAQ,parking for construction vehicle,2868 BUSH  ST,2026-08-13,2026-08-10T16:22:50.000Z,3.0,2027-02-12,2026-08-13,Not Enforceable
,2026-08-07T21:49:19.000Z,2026-11-14,a10Ps00000SE2GLIA1,0058b00000GAFCDAA5,2026-08-07T22:03:05.000Z,20.0,2026-11-15,2026-08-07,Tow Sign Photo,Pending,Street Space,SSP-26-04743,012Ps000005citCIAQ,parking for construction,1478 MASONIC  AVE,2026-08-15,2026-08-07T22:03:05.000Z,2.0,2026-11-14,2026-08-15,Not Enforceable
"PRO DESIGN BUILD AND CONSTRUCTION, INC.",2026-08-08T07:40:44.000Z,2026-11-11,a10Ps00000SEjpxIAD,0058b00000GAFCDAA5,2026-08-13T23:29:31.000Z,20.0,2026-11-12,2026-08-13,Tow Sign Photo,Awaiting Applicant Info,Street Space,SSP-26-04746,012Ps000005citCIAQ,Construction,3710 WEBSTER  ST,2026-08-12,2026-08-13T23:29:46.000Z,2.0,2026-11-11,2026-08-12,Not Enforceable
"THOMAS LE CONSTRUCTION, INC.",2026-08-08T16:32:24.000Z,2026-10-11,a10Ps00000SFLaHIAX,0058b00000GAFCDAA5,2026-08-14T23:50:01.000Z,20.0,2026-10-12,2026-08-14,Tow Sign Photo,Awaiting Applicant Info,Street Space,SSP-26-04748,012Ps000005citCIAQ,Construction vehicle loading/unloading materials,250 ARLETA  AVE,2026-08-12,2026-08-14T23:50:46.000Z,2.0,2026-10-11,2026-08-12,Not Enforceable
"ALLIED RESTORATION CO., INC",2026-08-08T18:39:02.000Z,2026-10-08,a10Ps00000SFU0rIAH,005Ps00000M3Dk1IAF,2026-10-01T22:22:00.000Z,40.0,2026-10-09,2026-08-10,Tow Sign Photo,Awaiting Applicant Info,Street Space,SSP-26-04750,012Ps000005citCIAQ,Construction Parking,2301 FILLMORE  ST,2026-08-09,2026-10-01T22:22:00.000Z,3.0,2026-10-08,2026-08-09,Not Enforceable
LEE DARREN,2026-08-09T17:40:46.000Z,2026-10-14,a10Ps00000SGmq9IAD,005Ps00000IzXSvIAN,2026-08-14T23:35:13.000Z,20.0,2026-10-15,2026-08-09,Active,Active,Street Space,SSP-26-04751,012Ps000005citCIAQ,Construction parking,1030 SANCHEZ  ST,2026-08-15,2026-08-14T23:35:13.000Z,2.0,2026-10-14,2026-08-15,Enforceable
,2026-08-09T21:37:49.000Z,2026-10-09,a10Ps00000SGzU1IAL,005Ps00000LEF6MIAX,2026-09-09T15:30:56.000Z,25.0,2026-10-10,2026-08-23,Active,Active,Street Space,SSP-26-04753,012Ps000005citCIAQ,Building Maintenance,48 GRATTAN  ST,2026-09-10,2026-10-04T07:30:04.000Z,3.0,2026-10-09,2026-09-10,Enforceable
"DESLIERRES & HALPERIN CONSTR., INC.",2026-08-10T00:04:37.000Z,2026-10-18,a10Ps00000SH93ZIAT,005Ps00000LEF6MIAX,2026-08-18T17:13:13.000Z,74.0,2026-10-19,2026-08-10,Active,Active,Street Space,SSP-26-04754,012Ps000005citCIAQ,Building Permit - Construction Staging,421 LEAVENWORTH  ST,2026-08-19,2026-08-18T17:13:13.000Z,5.0,2026-10-18,2026-08-19,Enforceable
JOHN J SULLIVAN & CO INC,2026-08-10T14:24:22.000Z,2026-10-13,a10Ps00000SJHmbIAH,005Ps00000LEF6MIAX,2026-08-13T15:32:23.000Z,50.0,2026-10-14,2026-08-11,Active,Active,Street Space,SSP-26-04760,012Ps000005citCIAQ,"Parking for subcontractors during interior permit work,",2525 PHELPS  ST,2026-08-14,2026-08-13T15:32:23.000Z,4.0,2026-10-13,2026-08-14,Enforceable
O'SHEA CO. HOME GROWN CONSTRUCTION LLC,2026-08-10T14:42:59.000Z,2026-11-13,a10Ps00000SJNnBIAX,0058b00000GAFCDAA5,2026-08-10T16:36:48.000Z,20.0,2026-11-14,2026-08-10,Tow Sign Photo,Awaiting Applicant Info,Street Space,SSP-26-04761,012Ps000005citCIAQ,"Loading and unloading materials, staging equipment, hauling away debris",738 HAYES  ST,2026-08-14,2026-08-10T16:36:48.000Z,2.0,2026-11-13,2026-08-14,Not Enforceable
BILAN CONSTRUCTION INC,2026-08-10T15:54:29.000Z,2026-10-11,a10Ps00000SJki9IAD,005Ps00000LEF6MIAX,2026-08-10T19:15:21.000Z,20.0,2026-10-12,2026-08-10,Active,Active,Street Space,SSP-26-04762,012Ps000005citCIAQ,Parking  loading/ unloading jobsite material,339 FAXON  AVE,2026-08-12,2026-08-10T19:15:21.000Z,2.0,2026-10-11,2026-08-12,Enforceable
AMANDA VIDMAR DESIGN,2026-08-10T16:39:51.000Z,2026-11-13,a10Ps00000SJxKPIA1,0058b00000GNxprAAD,2026-09-29T20:25:52.000Z,80.0,2026-11-14,2026-08-10,Tow Sign Photo,Awaiting Applicant Info,Street Space,SSP-26-04763,012Ps000005citCIAQ,Construction use in relation to tenant improvement of shop,803 DIVISADERO  ST,2026-08-14,2026-09-29T20:25:52.000Z,5.0,2026-11-13,2026-08-14,Not Enforceable
,2026-08-10T16:41:51.000Z,2026-09-20,a10Ps00000SJxyjIAD,0058b00000GAFCDAA5,2026-09-21T07:00:07.000Z,123.0,2026-09-21,,Closed,Expired,Street Space,SSP-26-04764,012Ps000005citCIAQ,For Dumpsters. remove furniture and items from the building only,879 HAIGHT  ST,2026-08-21,2026-09-21T07:00:09.000Z,9.0,2026-09-20,2026-08-21,Not Enforceable
"MARK HUFF CONSTRUCTION, INC.",2026-08-10T17:05:13.000Z,2026-10-13,a10Ps00000SK4DpIAL,005Ps00000LEF6MIAX,2026-08-12T17:09:42.000Z,20.0,2026-10-14,2026-08-11,Active,Active,Street Space,SSP-26-04766,012Ps000005citCIAQ,Building Permit - Construction Staging,1234 STANYAN  ST,2026-08-14,2026-08-12T17:09:42.000Z,2.0,2026-10-13,2026-08-14,Enforceable
CMA DEVELOPMENT INC.,2026-08-10T17:36:41.000Z,2026-10-12,a10Ps00000SKDH7IAP,0058b00000GAFCDAA5,2026-08-10T17:38:59.000Z,20.0,2026-10-13,2026-08-10,Tow Sign Photo,Awaiting Applicant Info,Street Space,SSP-26-04768,012Ps000005citCIAQ,Loading and unloading material,223 FAIR OAKS  ST,2026-08-13,2026-08-10T17:38:59.000Z,2.0,2026-10-12,2026-08-13,Not Enforceable
,2026-08-10T18:50:16.000Z,2027-02-16,a10Ps00000SKXcPIAX,0058b00000GAFCDAA5,2026-08-10T21:27:40.000Z,20.0,2027-02-17,2026-08-10,Tow Sign Photo,Awaiting Applicant Info,Street Space,SSP-26-04770,012Ps000005citCIAQ,loading/unloading of materials and staging of equipment,548 VIENNA  ST,2026-08-17,2026-08-10T21:27:40.000Z,2.0,2027-02-16,2026-08-17,Not Enforceable
DEEP ELM CONSTRUCTION LLC,2026-08-10T18:51:09.000Z,2026-10-14,a10Ps00000SKXsXIAX,0058b00000GAFCDAA5,2026-08-10T18:55:55.000Z,20.0,2026-10-15,2026-08-10,Tow Sign Photo,Awaiting Applicant Info,Street Space,SSP-26-04771,012Ps000005citCIAQ,Parking,3819 17TH  ST,2026-08-15,2026-08-10T18:55:55.000Z,2.0,2026-10-14,2026-08-15,Not Enforceable
THE 519 CORPORATION,2026-08-10T18:52:07.000Z,2026-10-16,a10Ps00000SKY8fIAH,005Ps00000IzXSvIAN,2026-08-31T19:16:31.000Z,20.0,2026-10-17,2026-08-10,Active,Active,Street Space,SSP-26-04772,012Ps000005citCIAQ,parking and material deliveries,141 MARVIEW  WAY,2026-08-17,2026-08-31T19:16:31.000Z,2.0,2026-10-16,2026-08-17,Enforceable
WILKINSON DESIGN & CONST INC,2026-08-10T20:01:09.000Z,2026-12-16,a10Ps00000SKojhIAD,005Ps00000LEF6MIAX,2026-08-25T17:27:10.000Z,20.0,2026-12-17,2026-08-10,Active,Active,Street Space,SSP-26-04775,012Ps000005citCIAQ,Parking for work vehicle,1447 JEFFERSON  ST,2026-08-17,2026-08-25T17:27:10.000Z,2.0,2026-12-16,2026-08-17,Enforceable
AREA DEVELOPMENT INC,2026-08-10T21:07:15.000Z,2026-12-11,a10Ps00000SKn69IAD,0058b00000GAFCDAA5,2026-08-10T21:19:04.000Z,25.0,2026-12-12,2026-08-10,Tow Sign Photo,Awaiting Applicant Info,Street Space,SSP-26-04778,012Ps000005citCIAQ,Construction parking,1354 YORK  ST,2026-08-12,2026-08-10T21:19:04.000Z,3.0,2026-12-11,2026-08-12,Not Enforceable
,2026-08-10T21:31:32.000Z,2027-02-17,a10Ps00000SL8iPIAT,005Ps00000IzQsrIAF,2026-09-22T22:18:14.000Z,20.0,2027-02-18,2026-08-12,Tow Sign Photo,Awaiting Applicant Info,Street Space,SSP-26-04779,012Ps000005citCIAQ,Scaffolding,2025 LARKIN  ST,2026-08-18,2026-09-22T22:18:14.000Z,2.0,2027-02-17,2026-08-18,Not Enforceable
GREEN GROUP REMODELING,2026-08-10T22:46:06.000Z,2027-02-16,a10Ps00000SLKWfIAP,005Ps00000IzXSvIAN,2026-08-19T21:34:30.000Z,20.0,2027-02-17,2026-08-14,Active,Active,Street Space,SSP-26-04781,012Ps000005citCIAQ,"Reserved street space for construction worker parking, porta potty, and dumpster.",2921 BALBOA  ST,2026-08-17,2026-08-19T21:34:30.000Z,2.0,2027-02-16,2026-08-17,Enforceable
YK MASON & SONS INC,2026-08-10T23:12:49.000Z,2026-10-03,a10Ps00000SLOATIA5,0058b00000GAFCDAA5,2026-10-04T07:00:10.000Z,20.0,2026-10-04,2026-08-10,Closed,Expired,Street Space,SSP-26-04785,012Ps000005citCIAQ,Scaffolding,3016 CLAY  ST,2026-09-04,2026-10-04T07:00:13.000Z,2.0,2026-10-03,2026-09-04,Not Enforceable
,2026-08-10T23:23:25.000Z,2026-09-27,a10Ps00000SLMTgIAP,0058b00000GAFCDAA5,2026-09-28T07:00:17.000Z,28.0,2026-09-28,2026-08-10,Closed,Expired,Street Space,SSP-26-04786,012Ps000005citCIAQ,"Staging area for contractor vehicles, equipment, and material delivery supporting residential electrical rewiring and interior building repairs due to this work. 28LF is space for 1 truck. Applicant will need an ADS permit for space for additional trucks.",1023 BRODERICK  ST,2026-08-28,2026-09-28T07:00:18.000Z,3.0,2026-09-27,2026-08-28,Not Enforceable
D V RASMUSSEN & SON INC,2026-08-11T00:24:15.000Z,2026-10-14,a10Ps00000SLWSzIAP,0058b00000GAFCDAA5,2026-08-12T15:40:49.000Z,80.0,2026-10-15,2026-08-12,Tow Sign Photo,Awaiting Applicant Info,Street Space,SSP-26-04787,012Ps000005citCIAQ,Loading and unloading of materials and staging of equipment.,2500 STEINER  ST,2026-08-15,2026-08-12T15:41:49.000Z,6.0,2026-10-14,2026-08-15,Not Enforceable
K2 BUILDERS INC,2026-08-11T00:48:29.000Z,2026-10-13,a10Ps00000SLY4zIAH,005Ps00000IzXSvIAN,2026-08-25T03:43:38.000Z,25.0,2026-10-14,2026-08-11,Active,Active,Street Space,SSP-26-04789,012Ps000005citCIAQ,Construction vehicles & unloading of project materials,2344 15TH  ST,2026-08-14,2026-08-25T03:43:38.000Z,3.0,2026-10-13,2026-08-14,Enforceable
,2026-08-11T02:14:19.000Z,2027-02-16,a10Ps00000SLdpRIAT,0058b00000GAFCDAA5,2026-08-11T16:57:11.000Z,16.0,2027-02-17,2026-08-11,Tow Sign Photo,Awaiting Applicant Info,Street Space,SSP-26-04791,012Ps000005citCIAQ,Building Permit - Construction Staging,1682 24TH  AVE,2026-08-17,2026-08-11T16:57:11.000Z,2.0,2027-02-16,2026-08-17,Not Enforceable
,2026-08-11T05:25:53.000Z,2026-09-23,a10Ps00000SLwGzIAL,0058b00000GAFCDAA5,2026-09-24T07:00:20.000Z,20.0,2026-09-24,2026-08-11,Closed,Expired,Street Space,SSP-26-04792,012Ps000005citCIAQ,Placement of debris box for removal of landscaping materials.,766 MADRID  ST,2026-08-24,2026-09-24T07:00:21.000Z,2.0,2026-09-23,2026-08-24,Not Enforceable
C & J'S CUSTOM BUILDS INC,2026-08-11T15:01:33.000Z,2026-10-17,a10Ps00000SNgo1IAD,005Ps00000KKxTRIA1,2026-09-21T16:05:51.000Z,20.0,2026-10-18,2026-08-11,Active,Active,Street Space,SSP-26-04794,012Ps000005citCIAQ,Parking,125 STANYAN  BLVD,2026-08-18,2026-09-21T16:05:51.000Z,2.0,2026-10-17,2026-08-18,Enforceable
MCKEEVER BILL P,2026-08-11T15:15:55.000Z,2026-10-14,a10Ps00000SNlanIAD,0058b00000GAFCDAA5,2026-08-11T15:24:31.000Z,20.0,2026-10-15,2026-08-11,Tow Sign Photo,Awaiting Applicant Info,Street Space,SSP-26-04795,012Ps000005citCIAQ,painting,643 02ND  AVE,2026-08-15,2026-08-11T15:24:31.000Z,2.0,2026-10-14,2026-08-15,Not Enforceable
GUZMAN CONSTRUCTION GROUP,2026-08-11T15:19:49.000Z,2027-02-16,a10Ps00000SNmztIAD,005Ps00000IzXSvIAN,2026-09-01T23:56:18.000Z,100.0,2027-02-17,2026-08-25,Active,Active,Street Space,SSP-26-04796,012Ps000005citCIAQ,Deliveries/Mobile Crane,3300 MISSION  ST,2026-08-17,2026-09-01T23:56:18.000Z,6.0,2027-02-16,2026-08-17,Enforceable
FORMA CONSTRUCTION INC,2026-08-11T16:43:08.000Z,2027-02-16,a10Ps00000SOD41IAH,0058b00000GAFCDAA5,2026-08-18T20:19:53.000Z,30.0,2027-02-17,2026-08-18,Tow Sign Photo,Awaiting Applicant Info,Street Space,SSP-26-04798,012Ps000005citCIAQ,Contractor Parking,50 NORMANDIE  TER,2026-08-17,2026-08-18T20:20:56.000Z,3.0,2027-02-16,2026-08-17,Not Enforceable
"SYSTEM PAVERS, LLC",2026-08-11T17:10:11.000Z,2026-09-29,a10Ps00000SOE4wIAH,0058b00000GAFCDAA5,2026-09-30T07:00:11.000Z,25.0,2026-09-30,2026-08-12,Closed,Expired,Street Space,SSP-26-04800,012Ps000005citCIAQ,Street space needed for materials to install driveway pavers,1349 03RD  AVE,2026-08-31,2026-09-30T07:00:14.000Z,3.0,2026-09-29,2026-08-31,Not Enforceable
FOG CITY ROOFING LLC,2026-08-11T17:23:21.000Z,2026-11-16,a10Ps00000SNrRjIAL,005Ps00000IzXSvIAN,2026-09-23T18:39:44.000Z,20.0,2026-11-17,2026-08-11,Active,Active,Street Space,SSP-26-04801,012Ps000005citCIAQ,Provide parking for company vehicles throughout the duration of the work.,7630 GEARY  BLVD,2026-08-17,2026-09-23T18:39:44.000Z,2.0,2026-11-16,2026-08-17,Enforceable
GIL CONSTRUCTION & ASSOC INC,2026-08-11T17:39:52.000Z,2026-12-07,a10Ps00000SOTLhIAP,0058b00000GAFCDAA5,2026-08-11T20:51:46.000Z,20.0,2026-12-08,2026-08-11,Tow Sign Photo,Awaiting Applicant Info,Street Space,SSP-26-04803,012Ps000005citCIAQ,Co. Vehicle Parking,930 NORIEGA  ST,2026-09-08,2026-08-11T20:51:46.000Z,2.0,2026-12-07,2026-09-08,Not Enforceable
HAWKE CONSTRUCTION INC,2026-08-11T17:47:16.000Z,2027-02-16,a10Ps00000SOVNXIA5,0058b00000GAFCDAA5,2026-08-11T17:59:04.000Z,20.0,2027-02-17,2026-08-11,Tow Sign Photo,Awaiting Applicant Info,Street Space,SSP-26-04804,012Ps000005citCIAQ,Construction loading/ unloading and parking,2164 15TH  ST,2026-08-17,2026-08-11T17:59:04.000Z,2.0,2027-02-16,2026-08-17,Not Enforceable
TOM LEE ROOFING INC,2026-08-11T17:50:38.000Z,2026-10-13,a10Ps00000SOGMsIAP,0058b00000GAFCDAA5,2026-08-17T21:38:46.000Z,20.0,2026-10-14,2026-08-17,Tow Sign Photo,Awaiting Applicant Info,Street Space,SSP-26-04805,012Ps000005citCIAQ,reroofing,39 HAZELWOOD  AVE,2026-09-14,2026-08-17T21:40:03.000Z,2.0,2026-10-13,2026-09-14,Not Enforceable
K2 BUILDERS INC,2026-08-11T18:23:03.000Z,2026-10-24,a10Ps00000SONPyIAP,005Ps00000LEF6MIAX,2026-08-25T19:41:43.000Z,25.0,2026-10-25,2026-08-12,Active,Active,Street Space,SSP-26-04806,012Ps000005citCIAQ,Construction Vehicles & Temporary Unloading of Construction Materials,1522 CHESTNUT  ST,2026-08-25,2026-08-25T19:41:43.000Z,3.0,2026-10-24,2026-08-25,Enforceable
"COOKLINE CONSTRUCTION, INC.",2026-08-11T18:40:29.000Z,2026-10-16,a10Ps00000SOjiDIAT,005Ps00000LEF6MIAX,2026-08-17T22:29:45.000Z,20.0,2026-10-17,2026-08-11,Active,Active,Street Space,SSP-26-04808,012Ps000005citCIAQ,Parking and loading / unloading of construction materials,537 STEVENSON  ST,2026-08-17,2026-08-17T22:29:45.000Z,2.0,2026-10-16,2026-08-17,Enforceable
REN LEI CONSTRUCTION CO INC,2026-08-11T18:43:25.000Z,2027-02-15,a10Ps00000SORjjIAH,0058b00000GAFCDAA5,2026-08-11T20:48:04.000Z,20.0,2027-02-16,2026-08-11,Tow Sign Photo,Awaiting Applicant Info,Street Space,SSP-26-04809,012Ps000005citCIAQ,Loading,3255 OCTAVIA  ST,2026-08-16,2026-08-11T20:48:04.000Z,2.0,2027-02-15,2026-08-16,Not Enforceable
MCCORMACK STEPHEN P,2026-08-11T18:45:19.000Z,2027-02-14,a10Ps00000SOkw1IAD,005Ps00000IzXSvIAN,2026-08-18T20:31:30.000Z,20.0,2027-02-15,2026-08-14,Active,Active,Street Space,SSP-26-04810,012Ps000005citCIAQ,"loading/unloading of materials, parking construction vehicles, etc.",212 LAKE  ST,2026-08-15,2026-08-18T20:31:30.000Z,2.0,2027-02-14,2026-08-15,Enforceable
GARY BELL & ASSOCIATES INC,2026-08-11T18:51:13.000Z,2026-12-18,a10Ps00000SOmL7IAL,005Ps00000IzXSvIAN,2026-08-14T19:13:44.000Z,137.0,2026-12-19,2026-08-11,Active,Active,Street Space,SSP-26-04811,012Ps000005citCIAQ,Building Permit - Construction Staging,2151 LAGUNA  ST,2026-08-19,2026-08-14T19:13:44.000Z,8.0,2026-12-18,2026-08-19,Enforceable
WILKO BUILDERS,2026-08-11T19:10:10.000Z,2027-02-14,a10Ps00000SOfWZIA1,0058b00000GAFCDAA5,2026-08-11T19:25:57.000Z,20.0,2027-02-15,2026-08-11,Tow Sign Photo,Awaiting Applicant Info,Street Space,SSP-26-04812,012Ps000005citCIAQ,Contractor Parking,2762 21ST  ST,2026-08-15,2026-08-11T19:25:57.000Z,2.0,2027-02-14,2026-08-15,Not Enforceable
EURO TEAM CONSTRUCTION,2026-08-11T19:46:39.000Z,2026-10-14,a10Ps00000SP0zBIAT,0058b00000GAFCDAA5,2026-08-12T00:35:15.000Z,20.0,2026-10-15,2026-08-11,Tow Sign Photo,Awaiting Applicant Info,Street Space,SSP-26-04815,012Ps000005citCIAQ,Scaffolding set up,268 WAWONA  ST,2026-08-15,2026-08-12T00:35:15.000Z,2.0,2026-10-14,2026-08-15,Not Enforceable
TOM LEE ROOFING INC,2026-08-11T20:25:02.000Z,2026-10-27,a10Ps00000SP9ZRIA1,005Ps00000IxBTKIA3,2026-08-11T20:55:46.000Z,20.0,2026-10-28,2026-08-11,Tow Sign Photo,Awaiting Applicant Info,Street Space,SSP-26-04816,012Ps000005citCIAQ,Reroofing,2587 14TH  AVE,2026-09-28,2026-08-11T20:55:46.000Z,2.0,2026-10-27,2026-09-28,Not Enforceable
THE TOBONI GROUP LLC,2026-08-11T20:26:18.000Z,2026-11-16,a10Ps00000SP9mLIAT,0058b00000GAFCDAA5,2026-08-18T19:35:05.000Z,30.0,2026-11-17,2026-08-18,Tow Sign Photo,Awaiting Applicant Info,Street Space,SSP-26-04817,012Ps000005citCIAQ,Building Permit - Construction Staging,2206 LAKE  ST,2026-08-17,2026-08-18T19:35:53.000Z,3.0,2026-11-16,2026-08-17,Not Enforceable
LC BUILDERS INC,2026-08-11T20:54:55.000Z,2026-10-19,a10Ps00000SPFBpIAP,005Ps00000IzXSvIAN,2026-08-20T22:26:12.000Z,20.0,2026-10-20,2026-08-12,Active,Active,Street Space,SSP-26-04820,012Ps000005citCIAQ,Building Permit - Construction Staging,654 GROVE  ST,2026-08-20,2026-08-20T22:26:12.000Z,2.0,2026-10-19,2026-08-20,Enforceable
AMBER-TRU CONSTRUCTION INC,2026-08-11T21:10:06.000Z,2027-02-15,a10Ps00000SP96SIAT,005Ps00000LEF6MIAX,2026-08-20T15:05:18.000Z,20.0,2027-02-16,2026-08-11,Active,Active,Street Space,SSP-26-04821,012Ps000005citCIAQ,Deliveries and material loading,642 22ND  AVE,2026-08-16,2026-08-20T15:05:18.000Z,2.0,2027-02-15,2026-08-16,Enforceable
MCCARTHY BUILDING CO INC,2026-08-11T21:15:53.000Z,2027-02-16,a10Ps00000SPIfxIAH,005Ps00000IzXSvIAN,2026-09-08T18:59:52.000Z,200.0,2027-02-17,2026-09-03,Active,Active,Street Space,SSP-26-04822,012Ps000005citCIAQ,"Laydown space for a dumpster,  and parking for construction personnel.",1661 PINE  ST,2026-08-17,2026-09-08T18:59:52.000Z,11.0,2027-02-16,2026-08-17,Enforceable
AMOROSO S J CONSTRUCTION CO,2026-08-11T21:25:57.000Z,2026-10-16,a10Ps00000SPK6fIAH,0058b00000GAFCDAA5,2026-08-12T16:27:43.000Z,117.0,2026-10-17,2026-08-12,Tow Sign Photo,Awaiting Applicant Info,Street Space,SSP-26-04823,012Ps000005citCIAQ,"The permittee shall comply with all existing traffic controls and parking restrictions. The permittee shall also comply with any additional restrictions under the Special Traffic Permit issued by SFMTA. For information related to construction traffic restrictions please reference the latest edition of Regulations for Working in San Francisco Streets, the Blue Book. To download a copy of the Blue Book, please visit https://www.sfmta.com/services/streets-sidewalks/construction-regulations.
 
The stopping, standing, or parking of a vehicle within 20 feet of the vehicle approach side of any unmarked or marked crosswalk or 15 feet of any crosswalk where a curb extension is present is prohibited. For more information, please visit https://leginfo.legislature.ca.gov/faces/billNavClient.xhtml?bill_id=202320240AB413.

A minimum four (4) foot wide in residential areas and a minimum of six (6) feet wide in commercial areas of clear pedestrian walkway must be maintained at all times.

If there is a StreetSpace conflict, the Applicant shall coordinate with the other group/contractors.
Permit Holder shall coordinate with other jurisdictional City Agencies (SFMTA, BUF, etc.) if further coordination is required associated to project scope of work.",3359 24TH  ST,2026-08-17,2026-08-12T16:27:49.000Z,7.0,2026-10-16,2026-08-17,Not Enforceable
AMOROSO S J CONSTRUCTION CO,2026-08-11T21:27:18.000Z,2026-10-16,a10Ps00000SPKLBIA5,0058b00000GAFCDAA5,2026-08-12T16:28:15.000Z,61.0,2026-10-17,2026-08-12,Tow Sign Photo,Awaiting Applicant Info,Street Space,SSP-26-04824,012Ps000005citCIAQ,"The permittee shall comply with all existing traffic controls and parking restrictions. The permittee shall also comply with any additional restrictions under the Special Traffic Permit issued by SFMTA. For information related to construction traffic restrictions please reference the latest edition of Regulations for Working in San Francisco Streets, the Blue Book. To download a copy of the Blue Book, please visit https://www.sfmta.com/services/streets-sidewalks/construction-regulations.
 
The stopping, standing, or parking of a vehicle within 20 feet of the vehicle approach side of any unmarked or marked crosswalk or 15 feet of any crosswalk where a curb extension is present is prohibited. For more information, please visit https://leginfo.legislature.ca.gov/faces/billNavClient.xhtml?bill_id=202320240AB413.

A minimum four (4) foot wide in residential areas and a minimum of six (6) feet wide in commercial areas of clear pedestrian walkway must be maintained at all times.

If there is a StreetSpace conflict, the Applicant shall coordinate with the other group/contractors.
Permit Holder shall coordinate with other jurisdictional City Agencies (SFMTA, BUF, etc.) if further coordination is required associated to project scope of work.",300 BARTLETT  ST,2026-08-17,2026-08-12T16:28:48.000Z,5.0,2026-10-16,2026-08-17,Not Enforceable
HH CONSTRUCTION INC,2026-08-11T22:02:56.000Z,2026-10-16,a10Ps00000SPQDhIAP,0058b00000GAFCDAA5,2026-08-11T22:13:46.000Z,20.0,2026-10-17,2026-08-11,Tow Sign Photo,Awaiting Applicant Info,Street Space,SSP-26-04827,012Ps000005citCIAQ,Re roof permit for 202608116390,3740 DIVISADERO  ST,2026-08-17,2026-08-11T22:13:46.000Z,2.0,2026-10-16,2026-08-17,Not Enforceable
RYAN WILLIAM P,2026-08-11T22:18:49.000Z,2026-10-16,a10Ps00000SPSdhIAH,0058b00000GAFCDAA5,2026-08-11T22:25:33.000Z,20.0,2026-10-17,2026-08-11,Tow Sign Photo,Awaiting Applicant Info,Street Space,SSP-26-04829,012Ps000005citCIAQ,loading and toilet,2298 GREEN  ST,2026-08-17,2026-08-11T22:25:33.000Z,2.0,2026-10-16,2026-08-17,Not Enforceable
EXCELSIOR ROOFING INC,2026-08-11T23:00:06.000Z,2026-09-20,a10Ps00000SPZGzIAP,0058b00000GAFCDAA5,2026-09-21T07:00:07.000Z,20.0,2026-09-21,2026-08-11,Closed,Expired,Street Space,SSP-26-04831,012Ps000005citCIAQ,Reroofing,1659 38TH  AVE,2026-08-21,2026-09-21T07:00:09.000Z,2.0,2026-09-20,2026-08-21,Not Enforceable
DAMAR CONSTRN & REMODELG INC,2026-08-11T23:19:30.000Z,2026-10-16,a10Ps00000SPVWnIAP,005Ps00000LEF6MIAX,2026-08-17T15:57:39.000Z,20.0,2026-10-17,2026-08-12,Active,Active,Street Space,SSP-26-04834,012Ps000005citCIAQ,Scaffolding / Painting,146 15TH  AVE,2026-08-17,2026-08-17T15:57:39.000Z,2.0,2026-10-16,2026-08-17,Enforceable
K BRUNNER & ASSOCIATES INC,2026-08-12T00:26:52.000Z,2027-02-18,a10Ps00000SPjRdIAL,005Ps00000LEF6MIAX,2026-08-14T16:13:51.000Z,20.0,2027-02-19,2026-08-12,Active,Active,Street Space,SSP-26-04836,012Ps000005citCIAQ,Building Permit - Construction Staging,2448 GREENWICH  ST,2026-08-19,2026-08-14T16:13:51.000Z,2.0,2027-02-18,2026-08-19,Enforceable
"MALE CAPITAL HOLDINGS, LLC",2026-08-12T01:23:12.000Z,2026-09-23,a10Ps00000SPn5RIAT,0058b00000GAFCDAA5,2026-09-24T07:00:20.000Z,20.0,2026-09-24,2026-08-12,Closed,Expired,Street Space,SSP-26-04837,012Ps000005citCIAQ,Scaffolding,1422 GROVE  ST,2026-08-24,2026-09-24T07:00:21.000Z,2.0,2026-09-23,2026-08-24,Not Enforceable
BAI CONSTRUCTION,2026-08-12T02:10:53.000Z,2026-10-15,a10Ps00000SPqePIAT,0058b00000GAFCDAA5,2026-08-12T17:16:11.000Z,20.0,2026-10-16,2026-08-12,Tow Sign Photo,Awaiting Applicant Info,Street Space,SSP-26-04839,012Ps000005citCIAQ,BPA - Construction staging,2172 PACIFIC  AVE,2026-08-16,2026-08-12T17:16:11.000Z,2.0,2026-10-15,2026-08-16,Not Enforceable
SHATARA SUHEIL E,2026-08-12T02:45:01.000Z,2027-02-13,a10Ps00000SPtArIAL,005Ps00000IznmDIAR,2026-08-13T21:56:34.000Z,20.0,2027-02-14,2026-08-14,Tow Sign Photo,Awaiting Applicant Info,Street Space,SSP-26-04840,012Ps000005citCIAQ,Building Permit - Construction Staging,2604 GOUGH  ST,2026-08-14,2026-08-13T21:56:34.000Z,2.0,2027-02-13,2026-08-14,Not Enforceable
ELUX CONSTRUCTION INC.,2026-08-12T04:02:58.000Z,2026-11-14,a10Ps00000SPyAXIA1,005Ps00000LEF6MIAX,2026-08-17T15:37:39.000Z,20.0,2026-11-15,2026-08-11,Active,Active,Street Space,SSP-26-04843,012Ps000005citCIAQ,Entire house remodeling and renovation.,1279 34TH  AVE,2026-08-15,2026-08-17T15:37:39.000Z,2.0,2026-11-14,2026-08-15,Enforceable
SANTA FE SCAFFOLD,2026-08-12T05:26:49.000Z,2026-09-19,a10Ps00000SQ5OvIAL,0058b00000GAFCDAA5,2026-09-20T07:00:17.000Z,20.0,2026-09-20,2026-08-12,Closed,Expired,Street Space,SSP-26-04844,012Ps000005citCIAQ,Scaffolding,1316 PINE  ST,2026-08-20,2026-09-20T07:00:18.000Z,2.0,2026-09-19,2026-08-20,Not Enforceable
,2026-08-12T05:44:45.000Z,2026-10-30,a10Ps00000SQ78zIAD,005Ps00000LEF6MIAX,2026-08-26T22:57:50.000Z,20.0,2026-10-31,2026-08-12,Active,Active,Street Space,SSP-26-04845,012Ps000005citCIAQ,Building Permit - Construction Staging,1563 DOLORES  ST,2026-08-31,2026-08-26T22:57:50.000Z,2.0,2026-10-30,2026-08-31,Enforceable
"BLUSKY RESTORATION CONTRACTORS, LLC",2026-08-12T14:18:10.000Z,2026-09-23,a10Ps00000SQuRSIA1,0058b00000GAFCDAA5,2026-09-24T07:00:20.000Z,100.0,2026-09-24,,Closed,Expired,Street Space,SSP-26-04846,012Ps000005citCIAQ,DBI BPA - Construction Staging,305 HYDE  ST,2026-08-24,2026-09-24T07:00:22.000Z,8.0,2026-09-23,2026-08-24,Not Enforceable
GIL CONSTRUCTION & ASSOC INC,2026-08-12T14:42:36.000Z,2026-11-17,a10Ps00000SRxQTIA1,0058b00000GAFCDAA5,2026-08-12T21:52:47.000Z,20.0,2026-11-18,2026-08-12,Tow Sign Photo,Awaiting Applicant Info,Street Space,SSP-26-04848,012Ps000005citCIAQ,Building Permit - Construction Staging,139 EDINBURGH  ST,2026-08-18,2026-08-12T21:52:47.000Z,2.0,2026-11-17,2026-08-18,Not Enforceable
MIZEN CONSTRUCTION INC,2026-08-12T15:33:43.000Z,2027-02-16,a10Ps00000SSEuLIAX,0058b00000GAFCDAA5,2026-08-13T22:40:09.000Z,20.0,2027-02-17,2026-08-13,Tow Sign Photo,Awaiting Applicant Info,Street Space,SSP-26-04851,012Ps000005citCIAQ,"porta potty, parking for subcontractors and contractor",604 OAK  ST,2026-08-17,2026-08-13T22:40:09.000Z,2.0,2027-02-16,2026-08-17,Not Enforceable
BAILEY GENERAL CONTRACTING CO INC,2026-08-12T15:33:54.000Z,2026-11-17,a10Ps00000SSEzBIAX,005Ps00000IzXSvIAN,2026-08-18T23:19:02.000Z,20.0,2026-11-18,2026-08-12,Active,Active,Street Space,SSP-26-04852,012Ps000005citCIAQ,To park construction vehicle,557 14TH  AVE,2026-08-18,2026-08-18T23:19:02.000Z,2.0,2026-11-17,2026-08-18,Enforceable
"WOODS FAMILY INVESTMENTS, LP",2026-08-12T16:51:43.000Z,2027-02-13,a10Ps00000SScNBIA1,005Ps00000LEF6MIAX,2026-08-13T16:33:16.000Z,28.0,2027-02-14,2026-08-12,Active,Active,Street Space,SSP-26-04854,012Ps000005citCIAQ,Contractor parking,372 DOLORES  ST,2026-08-14,2026-08-13T16:33:16.000Z,3.0,2027-02-13,2026-08-14,Enforceable
LOVE PAINTING PC,2026-08-12T17:03:26.000Z,2026-10-13,a10Ps00000SSgk9IAD,005Ps00000IzXSvIAN,2026-09-28T16:33:22.000Z,25.0,2026-10-14,2026-08-14,Active,Active,Street Space,SSP-26-04855,012Ps000005citCIAQ,Scaffolding / Painting,3345 22ND  ST,2026-09-14,2026-09-28T16:33:22.000Z,3.0,2026-10-13,2026-09-14,Enforceable
LOVE PAINTING PC,2026-08-12T17:11:35.000Z,2026-10-13,a10Ps00000SSk4bIAD,0058b00000GAFCDAA5,2026-08-14T17:51:00.000Z,25.0,2026-10-14,2026-08-14,Tow Sign Photo,Awaiting Applicant Info,Street Space,SSP-26-04856,012Ps000005citCIAQ,Scaffolding / Painting,306 CORBETT  AVE,2026-09-14,2026-08-14T17:51:47.000Z,3.0,2026-10-13,2026-09-14,Not Enforceable
LOVE PAINTING PC,2026-08-12T17:14:30.000Z,2026-10-13,a10Ps00000SSl2HIAT,0058b00000GAFCDAA5,2026-08-14T17:51:50.000Z,25.0,2026-10-14,2026-08-14,Tow Sign Photo,Awaiting Applicant Info,Street Space,SSP-26-04857,012Ps000005citCIAQ,Scaffolding / Painting,308 CORBETT  AVE,2026-09-14,2026-08-14T17:52:49.000Z,3.0,2026-10-13,2026-09-14,Not Enforceable
LOVE PAINTING PC,2026-08-12T17:20:24.000Z,2026-10-06,a10Ps00000SSn5hIAD,0058b00000GAFCDAA5,2026-08-14T17:53:15.000Z,25.0,2026-10-07,2026-08-14,Tow Sign Photo,Awaiting Applicant Info,Street Space,SSP-26-04858,012Ps000005citCIAQ,Scaffolding / Painting,211 09TH  AVE,2026-09-07,2026-10-01T07:30:04.000Z,3.0,2026-10-06,2026-09-07,Not Enforceable
NORCAL PAINTERS INCORPORATED,2026-08-12T17:54:52.000Z,2026-09-23,a10Ps00000SSwddIAD,0058b00000GAFCDAA5,2026-09-24T07:00:20.000Z,20.0,2026-09-24,2026-08-14,Closed,Expired,Street Space,SSP-26-04859,012Ps000005citCIAQ,Painting / Portable Toilet,2743 STEINER  ST,2026-08-24,2026-09-24T07:00:22.000Z,2.0,2026-09-23,2026-08-24,Not Enforceable
"A2Z REMODELING, INC.",2026-08-12T17:59:55.000Z,2026-09-19,a10Ps00000SSyNhIAL,0058b00000GAFCDAA5,2026-09-20T07:00:17.000Z,20.0,2026-09-20,2026-08-13,Closed,Expired,Street Space,SSP-26-04860,012Ps000005citCIAQ,Building Permit - Construction Staging,455 SCOTT  ST,2026-08-20,2026-09-20T07:00:18.000Z,2.0,2026-09-19,2026-08-20,Not Enforceable
INTEGRITY DESIGN AND BUILD GROUP,2026-08-12T18:02:56.000Z,2026-11-17,a10Ps00000SSv86IAD,005Ps00000LEF6MIAX,2026-09-11T16:24:43.000Z,20.0,2026-11-18,2026-08-19,Active,Active,Street Space,SSP-26-04861,012Ps000005citCIAQ,Building Permit - Construction Staging,286 25TH  AVE,2026-08-18,2026-09-11T16:24:43.000Z,2.0,2026-11-17,2026-08-18,Enforceable
NORTH BAY CONSTRUCTION,2026-08-12T18:07:36.000Z,2027-02-16,a10Ps00000ST0HRIA1,005Ps00000LEF6MIAX,2026-08-25T23:16:50.000Z,20.0,2027-02-17,2026-08-18,Final Review,Awaiting Applicant Info,Street Space,SSP-26-04863,012Ps000005citCIAQ,Building Permit - Construction Staging,1662 PAGE  ST,2026-08-17,2026-08-25T23:16:50.000Z,2.0,2027-02-16,2026-08-17,Not Enforceable
VAN ACKER CONSTRUCTION ASSOC,2026-08-12T19:08:15.000Z,2026-10-30,a10Ps00000STGHNIA5,005Ps00000IzXSvIAN,2026-08-28T23:14:38.000Z,64.0,2026-10-31,2026-08-14,Active,Active,Street Space,SSP-26-04867,012Ps000005citCIAQ,Parking,2100 PACIFIC  AVE,2026-08-31,2026-08-28T23:14:38.000Z,6.0,2026-10-30,2026-08-31,Enforceable
E F Gomez,2026-08-12T19:18:31.000Z,2026-09-25,a10Ps00000STJjtIAH,0058b00000GAFCDAA5,2026-09-29T07:00:19.000Z,20.0,2026-09-26,,Closed,Expired,Street Space,SSP-26-04868,012Ps000005citCIAQ,Equipment Parking,3025 HARRISON  ST,2026-08-26,2026-09-29T07:00:21.000Z,2.0,2026-09-25,2026-08-26,Not Enforceable
D.A.C. LANDSCAPE S.F.,2026-08-12T19:45:00.000Z,2026-09-23,a10Ps00000STR37IAH,0058b00000GAFCDAA5,2026-09-24T07:00:20.000Z,40.0,2026-09-24,2026-08-14,Closed,Expired,Street Space,SSP-26-04869,012Ps000005citCIAQ,Landscaping,1315 ELLIS  ST,2026-08-24,2026-09-24T07:00:22.000Z,6.0,2026-09-23,2026-08-24,Not Enforceable
RICO'S GENERAL CONST INC,2026-08-12T20:01:14.000Z,2026-10-17,a10Ps00000STVBZIA5,0058b00000GAFCDAA5,2026-08-12T21:10:43.000Z,20.0,2026-10-18,2026-08-12,Tow Sign Photo,Awaiting Applicant Info,Street Space,SSP-26-04870,012Ps000005citCIAQ,Loading and unloading construction materials,88 CASTENADA  AVE,2026-08-18,2026-08-12T21:10:43.000Z,2.0,2026-10-17,2026-08-18,Not Enforceable
,2026-08-12T20:08:38.000Z,2026-10-15,a10Ps00000STX6vIAH,0058b00000GAFCDAA5,2026-08-13T18:16:24.000Z,20.0,2026-10-16,2026-08-13,Tow Sign Photo,Awaiting Applicant Info,Street Space,SSP-26-04872,012Ps000005citCIAQ,Painting,318 GENNESSEE  ST,2026-08-16,2026-08-13T18:16:24.000Z,2.0,2026-10-15,2026-08-16,Not Enforceable
,2026-08-12T20:10:49.000Z,2026-09-25,a10Ps00000STOWgIAP,0058b00000GAFCDAA5,2026-09-26T07:00:15.000Z,20.0,2026-09-26,2026-08-13,Closed,Expired,Street Space,SSP-26-04873,012Ps000005citCIAQ,Building Permit - Construction Staging,1207 ARGUELLO  BLVD,2026-08-26,2026-09-26T07:00:17.000Z,2.0,2026-09-25,2026-08-26,Not Enforceable
SALIC SCAFFOLDING,2026-08-12T20:45:57.000Z,2026-10-08,a10Ps00000STeunIAD,005Ps00000LEF6MIAX,2026-09-11T16:54:46.000Z,20.0,2026-10-09,2026-08-20,Active,Active,Street Space,SSP-26-04876,012Ps000005citCIAQ,scaffold,384 11TH  AVE,2026-09-09,2026-10-03T07:30:03.000Z,2.0,2026-10-08,2026-09-09,Enforceable
MERWIN LOPEZ,2026-08-12T21:06:55.000Z,2026-10-16,a10Ps00000STgAEIA1,005Ps00000LEF6MIAX,2026-08-20T15:07:05.000Z,20.0,2026-10-17,2026-08-13,Active,Active,Street Space,SSP-26-04877,012Ps000005citCIAQ,Loading up and unloading material and portable toilet,1282 HAYES  ST,2026-08-17,2026-08-20T15:07:05.000Z,2.0,2026-10-16,2026-08-17,Enforceable
NF CONSULTANT & DESIGN DBA TOGETHER HOME REMODELING,2026-08-12T21:40:45.000Z,2026-10-17,a10Ps00000STw8XIAT,005Ps00000LEF6MIAX,2026-08-27T21:35:31.000Z,20.0,2026-10-18,2026-08-13,Active,Active,Street Space,SSP-26-04879,012Ps000005citCIAQ,Loading/unloading of materials and staging of equipment,2111 HYDE  ST,2026-08-18,2026-08-27T21:35:31.000Z,2.0,2026-10-17,2026-08-18,Enforceable
"EAG STUDIO, INC.",2026-08-12T22:13:32.000Z,2026-11-17,a10Ps00000SU1Y1IAL,005Ps00000IzXSvIAN,2026-08-25T03:25:24.000Z,20.0,2026-11-18,2026-08-14,Active,Active,Street Space,SSP-26-04880,012Ps000005citCIAQ,"Construction vehicle parking and loading/unloading tools, equipment and materials",224 HERMANN  ST,2026-08-18,2026-08-25T03:25:24.000Z,2.0,2026-11-17,2026-08-18,Enforceable
YK MASON & SONS INC,2026-08-12T23:43:16.000Z,2026-09-26,a10Ps00000SU4hEIAT,0058b00000GAFCDAA5,2026-09-27T07:00:08.000Z,20.0,2026-09-27,2026-08-13,Closed,Expired,Street Space,SSP-26-04883,012Ps000005citCIAQ,Scaffolding and parking space in front.  Need both no-parking signs and placard.,234 BURROWS  ST,2026-08-27,2026-09-27T07:00:09.000Z,2.0,2026-09-26,2026-08-27,Not Enforceable
MCGUINNESS MCCANN GROUP,2026-08-13T00:35:18.000Z,2026-11-16,a10Ps00000SUKkLIAX,0058b00000GAFCDAA5,2026-08-13T18:21:49.000Z,20.0,2026-11-17,2026-08-13,Tow Sign Photo,Awaiting Applicant Info,Street Space,SSP-26-04885,012Ps000005citCIAQ,Loading/Unloading Materials,2910 VALLEJO  ST,2026-08-17,2026-08-13T18:21:49.000Z,2.0,2026-11-16,2026-08-17,Not Enforceable
HEALTHY BUILDING SCIENCE INC,2026-08-13T01:04:31.000Z,2026-12-02,a10Ps00000SUNgbIAH,0058b00000GAFCDAA5,2026-08-13T01:12:45.000Z,20.0,2026-12-03,2026-08-12,Tow Sign Photo,Awaiting Applicant Info,Street Space,SSP-26-04886,012Ps000005citCIAQ,Parking for one vehicle (25LF),1347 40TH  AVE,2026-09-03,2026-08-13T01:12:45.000Z,2.0,2026-12-02,2026-09-03,Not Enforceable
HEALTHY BUILDING SCIENCE INC,2026-08-13T01:18:16.000Z,2026-11-29,a10Ps00000SUGP2IAP,0058b00000GAFCDAA5,2026-08-13T01:20:58.000Z,20.0,2026-11-30,2026-08-12,Tow Sign Photo,Awaiting Applicant Info,Street Space,SSP-26-04887,012Ps000005citCIAQ,Construction Parking,2277 33RD  AVE,2026-08-31,2026-08-13T01:20:58.000Z,2.0,2026-11-29,2026-08-31,Not Enforceable
GOLDEN STATE DESIGNS,2026-08-13T03:19:02.000Z,2026-11-16,a10Ps00000SUU3mIAH,005Ps00000LEF6MIAX,2026-10-01T15:49:30.000Z,20.0,2026-11-17,2026-08-12,Active,Active,Street Space,SSP-26-04888,012Ps000005citCIAQ,Construction Parking,601 04TH  ST,2026-08-17,2026-10-01T15:49:30.000Z,2.0,2026-11-16,2026-08-17,Enforceable
,2026-08-13T04:05:32.000Z,2026-11-15,a10Ps00000SUc4XIAT,0058b00000GAFCDAA5,2026-08-14T01:52:02.000Z,20.0,2026-11-16,2026-08-13,Tow Sign Photo,Awaiting Applicant Info,Street Space,SSP-26-04890,012Ps000005citCIAQ,Building Permit - Construction Staging,137A 12TH,2026-08-16,2026-08-14T01:52:02.000Z,2.0,2026-11-15,2026-08-16,Not Enforceable
STROUB CONSTRUCTION INC.,2026-08-13T14:43:37.000Z,2027-02-17,a10Ps00000SXD9dIAH,005Ps00000LEF6MIAX,2026-08-26T21:55:13.000Z,41.0,2027-02-18,2026-08-24,Active,Active,Street Space,SSP-26-04893,012Ps000005citCIAQ,"Staff parking, loading and offloading materials",65 RAYCLIFF  TER,2026-08-18,2026-08-26T21:55:13.000Z,4.0,2027-02-17,2026-08-18,Enforceable
,2026-08-13T15:11:06.000Z,2026-09-19,a10Ps00000SXMfxIAH,0058b00000GAFCDAA5,2026-09-20T07:00:08.000Z,20.0,2026-09-20,2026-08-13,Closed,Expired,Street Space,SSP-26-04894,012Ps000005citCIAQ,parking and scaffolding for painting,141 CONNECTICUT  ST,2026-08-20,2026-09-20T07:00:09.000Z,2.0,2026-09-19,2026-08-20,Not Enforceable
CAHILL CONTRACTORS LLC,2026-08-13T16:34:56.000Z,2026-10-15,a10Ps00000SXFl0IAH,0058b00000GAFCDAA5,2026-08-13T18:18:04.000Z,40.0,2026-10-16,2026-08-13,Tow Sign Photo,Awaiting Applicant Info,Street Space,SSP-26-04895,012Ps000005citCIAQ,Building Permit - Construction Staging,730 STANYAN  ST,2026-09-16,2026-08-13T18:18:04.000Z,3.0,2026-10-15,2026-09-16,Not Enforceable
DANZIGER ROBERT M,2026-08-13T17:32:30.000Z,2026-09-23,a10Ps00000SXZDQIA5,0058b00000GAFCDAA5,2026-09-24T07:00:20.000Z,40.0,2026-09-24,,Closed,Expired,Street Space,SSP-26-04899,012Ps000005citCIAQ,Maintenance Work,2829 CALIFORNIA  ST,2026-08-24,2026-09-24T07:00:22.000Z,3.0,2026-09-23,2026-08-24,Not Enforceable
THE METICULOUS HANDYMAN LLC,2026-08-13T17:43:39.000Z,2027-02-17,a10Ps00000SY3OLIA1,005Ps00000IzXSvIAN,2026-08-17T17:31:07.000Z,20.0,2027-02-18,2026-08-13,Active,Active,Street Space,SSP-26-04900,012Ps000005citCIAQ,Building Permit - Construction Staging,1346 31ST  AVE,2026-08-18,2026-08-17T17:31:07.000Z,2.0,2027-02-17,2026-08-18,Enforceable
THOMPSON DEREK/SUSKIND BRADLEY,2026-08-13T18:07:51.000Z,2027-02-16,a10Ps00000SYARRIA5,005Ps00000IzXSvIAN,2026-09-15T16:38:58.000Z,40.0,2027-02-17,2026-08-13,Active,Active,Street Space,SSP-26-04902,012Ps000005citCIAQ,"Subcontractor parking, material & equipment staging, etc.",845 FRANCISCO  ST,2026-08-17,2026-09-15T16:38:58.000Z,3.0,2027-02-16,2026-08-17,Enforceable
UPSCALE CONSTRUCTION INC,2026-08-13T18:47:56.000Z,2027-02-17,a10Ps00000SYSTBIA5,005Ps00000IzXSvIAN,2026-09-09T23:34:55.000Z,87.0,2027-02-18,2026-08-14,Active,Active,Street Space,SSP-26-04905,012Ps000005citCIAQ,Construction Parking,2500 BROADWAY,2026-08-18,2026-09-09T23:34:55.000Z,7.0,2027-02-17,2026-08-18,Enforceable
SCHINMAN PAINTING & CONST INC,2026-08-13T18:48:10.000Z,2026-09-29,a10Ps00000SYSWPIA5,0058b00000GAFCDAA5,2026-09-30T07:00:08.000Z,40.0,2026-09-30,2026-08-13,Closed,Expired,Street Space,SSP-26-04906,012Ps000005citCIAQ,Scaffolding on sidewalk,1547 NOE  ST,2026-08-31,2026-09-30T07:00:09.000Z,3.0,2026-09-29,2026-08-31,Not Enforceable
DO CANTO MANOEL R,2026-08-13T19:51:30.000Z,2026-12-16,a10Ps00000SYhATIA1,0058b00000GAFCDAA5,2026-08-13T20:30:18.000Z,20.0,2026-12-17,2026-08-13,Tow Sign Photo,Awaiting Applicant Info,Street Space,SSP-26-04910,012Ps000005citCIAQ,Building Permit - Construction Staging,381 SAN LEANDRO  WAY,2026-08-17,2026-08-13T20:30:18.000Z,2.0,2026-12-16,2026-08-17,Not Enforceable
PETER CHOUNG,2026-08-13T19:55:49.000Z,2026-09-23,a10Ps00000SYdGYIA1,0058b00000GAFCDAA5,2026-09-24T07:00:20.000Z,20.0,2026-09-24,,Closed,Expired,Street Space,SSP-26-04911,012Ps000005citCIAQ,Reroofing,3 COTTAGE  ROW,2026-08-24,2026-09-24T07:00:23.000Z,2.0,2026-09-23,2026-08-24,Not Enforceable
SASSO CONSTRUCTION INC,2026-08-13T20:11:36.000Z,2026-10-16,a10Ps00000SYlKaIAL,005Ps00000LEF6MIAX,2026-08-17T22:22:29.000Z,20.0,2026-10-17,2026-08-13,Active,Active,Street Space,SSP-26-04912,012Ps000005citCIAQ,Parking,255A HENRY  ST,2026-08-17,2026-08-17T22:22:29.000Z,2.0,2026-10-16,2026-08-17,Enforceable
HAKEWILL CONSTRUCTION CO INC,2026-08-13T20:16:06.000Z,2026-11-16,a10Ps00000SYmQHIA1,005Ps00000LEF6MIAX,2026-08-26T21:53:56.000Z,25.0,2026-11-17,2026-08-13,Active,Active,Street Space,SSP-26-04913,012Ps000005citCIAQ,Loading and unloading debris and materials,1976 CALIFORNIA  ST,2026-08-17,2026-08-26T21:53:56.000Z,3.0,2026-11-16,2026-08-17,Enforceable
STEPHEN A. IVANOFF,2026-08-13T20:41:03.000Z,2026-11-17,a10Ps00000SYrwDIAT,0058b00000GAFCDAA5,2026-08-13T20:44:15.000Z,20.0,2026-11-18,2026-08-13,Tow Sign Photo,Awaiting Applicant Info,Street Space,SSP-26-04916,012Ps000005citCIAQ,parking,2037 BAKER  ST,2026-08-18,2026-08-13T20:44:15.000Z,2.0,2026-11-17,2026-08-18,Not Enforceable
TRUEBECK CONSTRUCTION INC,2026-08-13T21:13:32.000Z,2027-03-07,a10Ps00000SYyZVIA1,005Ps00000IzXSvIAN,2026-09-09T23:40:10.000Z,40.0,2027-03-08,2026-09-04,Final Review,Awaiting Applicant Info,Street Space,SSP-26-04918,012Ps000005citCIAQ,Building Permit - Construction Staging,530 JACKSON  ST,2026-09-08,2026-09-09T23:40:10.000Z,3.0,2027-03-07,2026-09-08,Not Enforceable
TOM LEE ROOFING INC,2026-08-13T21:16:13.000Z,2026-10-20,a10Ps00000SYzKHIA1,005Ps00000LEF6MIAX,2026-09-18T19:45:21.000Z,20.0,2026-10-21,2026-08-13,Active,Active,Street Space,SSP-26-04920,012Ps000005citCIAQ,Reroofing,312 CHERRY  ST,2026-09-21,2026-09-18T19:45:21.000Z,2.0,2026-10-20,2026-09-21,Enforceable
TOM LEE ROOFING INC,2026-08-13T21:18:41.000Z,2026-10-20,a10Ps00000SYzovIAD,005Ps00000IxBTKIA3,2026-08-13T22:05:22.000Z,20.0,2026-10-21,2026-08-13,Tow Sign Photo,Awaiting Applicant Info,Street Space,SSP-26-04921,012Ps000005citCIAQ,Reroofing,281 CHRISTOPHER  DR,2026-09-21,2026-08-13T22:05:22.000Z,2.0,2026-10-20,2026-09-21,Not Enforceable
STANLEY JOHN E,2026-08-13T21:37:11.000Z,2026-11-17,a10Ps00000SZ3HRIA1,0058b00000GAFCDAA5,2026-08-18T19:15:27.000Z,,2026-11-18,2026-08-18,Tow Sign Photo,Awaiting Applicant Info,Street Space,SSP-26-04923,012Ps000005citCIAQ,Will be used for loading and unloading of materials at a worksite,2461 WASHINGTON  ST,2026-08-18,2026-08-18T19:15:27.000Z,2.0,2026-11-17,2026-08-18,Not Enforceable
MAZARIEGOS OVED,2026-08-13T21:47:16.000Z,2026-10-16,a10Ps00000SZ4v3IAD,0058b00000GAFCDAA5,2026-08-14T21:52:51.000Z,20.0,2026-10-17,2026-08-14,Tow Sign Photo,Awaiting Applicant Info,Street Space,SSP-26-04924,012Ps000005citCIAQ,Scaffolding / Painting,2774 FRANKLIN  ST,2026-08-17,2026-08-14T21:53:47.000Z,2.0,2026-10-16,2026-08-17,Not Enforceable
CAI CONSTRUCTION,2026-08-13T22:36:56.000Z,2026-11-17,a10Ps00000SZC1NIAX,0058b00000GAFCDAA5,2026-08-13T22:40:20.000Z,40.0,2026-11-18,2026-08-13,Tow Sign Photo,Awaiting Applicant Info,Street Space,SSP-26-04927,012Ps000005citCIAQ,Parking space,816 25TH  AVE,2026-08-18,2026-08-13T22:40:20.000Z,4.0,2026-11-17,2026-08-18,Not Enforceable
RAUL AMBROCIO CRUZ,2026-08-13T22:47:00.000Z,2026-09-23,a10Ps00000SZEHhIAP,0058b00000GAFCDAA5,2026-09-24T07:00:20.000Z,25.0,2026-09-24,,Closed,Expired,Street Space,SSP-26-04929,012Ps000005citCIAQ,to replace the sidewalk,47 ALPHA  ST,2026-08-24,2026-09-24T07:00:23.000Z,3.0,2026-09-23,2026-08-24,Not Enforceable
ANDALUSIAN BUILDERS INC.,2026-08-13T23:25:39.000Z,2026-10-19,a10Ps00000SZJ65IAH,005Ps00000LEF6MIAX,2026-08-20T22:57:52.000Z,80.0,2026-10-20,2026-08-13,Tow Sign Photo,Awaiting Applicant Info,Street Space,SSP-26-04931,012Ps000005citCIAQ,Continuation of Permit #26-58-298226,2121 WEBSTER  ST,2026-08-20,2026-08-20T22:57:52.000Z,3.0,2026-10-19,2026-08-20,Not Enforceable
R & D CONSTRUCTION CO INC,2026-08-14T01:44:24.000Z,2026-11-16,a10Ps00000SZb6DIAT,0058b00000GAFCDAA5,2026-08-17T02:27:28.000Z,20.0,2026-11-17,2026-08-16,Tow Sign Photo,Awaiting Applicant Info,Street Space,SSP-26-04932,012Ps000005citCIAQ,truck loading and unloading material,156 LIBERTY  ST,2026-08-17,2026-08-17T02:27:46.000Z,2.0,2026-11-16,2026-08-17,Not Enforceable
,2026-08-14T03:42:34.000Z,2026-10-17,a10Ps00000SZjRxIAL,0058b00000GAFCDAA5,2026-08-14T16:20:24.000Z,20.0,2026-10-18,2026-08-14,Tow Sign Photo,Awaiting Applicant Info,Street Space,SSP-26-04934,012Ps000005citCIAQ,Scaffolding and Parking,1220 CHURCH  ST,2026-08-18,2026-08-14T16:20:24.000Z,2.0,2026-10-17,2026-08-18,Not Enforceable
METZLER BROTHERS GENERAL CONTRACTORS INC,2026-08-14T08:24:17.000Z,2026-09-19,a10Ps00000Sa4zRIAR,0058b00000GAFCDAA5,2026-09-20T07:00:08.000Z,20.0,2026-09-20,2026-08-14,Closed,Expired,Street Space,SSP-26-04937,012Ps000005citCIAQ,\reserved parking space for contractor/subcontractor vehicles,824 SHOTWELL  ST,2026-08-20,2026-09-20T07:00:10.000Z,2.0,2026-09-19,2026-08-20,Not Enforceable
DAVIS AARON S,2026-08-14T13:51:47.000Z,2026-09-19,a10Ps00000SbHubIAF,0058b00000GAFCDAA5,2026-09-20T07:00:08.000Z,20.0,2026-09-20,2026-08-14,Closed,Expired,Street Space,SSP-26-04938,012Ps000005citCIAQ,Painting,69 26TH  AVE,2026-08-20,2026-09-20T07:00:10.000Z,2.0,2026-09-19,2026-08-20,Not Enforceable
ENGINEERED SOIL REPAIRS INC,2026-08-14T14:18:31.000Z,2026-10-14,a10Ps00000SaoJBIAZ,0058b00000GAFCDAA5,2026-08-14T21:50:10.000Z,80.0,2026-10-15,2026-08-14,Tow Sign Photo,Awaiting Applicant Info,Street Space,SSP-26-04940,012Ps000005citCIAQ,"Debris bin, tool storage, material storage, material drop off",555 MISSION BAY SOUTH BLVD,2026-08-15,2026-08-14T21:50:10.000Z,5.0,2026-10-14,2026-08-15,Not Enforceable
PARKIN INC,2026-08-14T14:37:23.000Z,2027-02-16,a10Ps00000SbVuLIAV,0058b00000GAFCDAA5,2026-08-14T14:54:42.000Z,15.0,2027-02-17,2026-08-14,Tow Sign Photo,Awaiting Applicant Info,Street Space,SSP-26-04941,012Ps000005citCIAQ,BPA - Construction Parking,248 NAPLES  ST,2026-08-17,2026-08-14T14:54:42.000Z,2.0,2027-02-16,2026-08-17,Not Enforceable
TWE CORPORATION,2026-08-14T15:06:29.000Z,2026-09-19,a10Ps00000SbfIbIAJ,0058b00000GAFCDAA5,2026-09-20T07:00:08.000Z,40.0,2026-09-20,2026-08-14,Closed,Expired,Street Space,SSP-26-04943,012Ps000005citCIAQ,"Dumpster, loading zone",927 VALLEJO  ST,2026-08-20,2026-09-20T07:00:11.000Z,3.0,2026-09-19,2026-08-20,Not Enforceable
MELAUGH SEAMUS,2026-08-14T15:33:06.000Z,2026-10-18,a10Ps00000SbnPpIAJ,0058b00000GAFCDAA5,2026-08-14T15:48:47.000Z,24.0,2026-10-19,2026-08-14,Tow Sign Photo,Awaiting Applicant Info,Street Space,SSP-26-04944,012Ps000005citCIAQ,construction parking,1701 BRODERICK  ST,2026-08-19,2026-08-14T15:48:47.000Z,3.0,2026-10-18,2026-08-19,Not Enforceable
TOUCH DESIGN AND BUILD INC.,2026-08-14T16:06:01.000Z,2026-09-19,a10Ps00000SbwCzIAJ,0058b00000GAFCDAA5,2026-09-20T07:00:08.000Z,20.0,2026-09-20,2026-08-14,Closed,Expired,Street Space,SSP-26-04945,012Ps000005citCIAQ,"VEHICLE PARKING, LOADING/ UNLOADING",50 CAPRA  WAY,2026-08-20,2026-09-20T07:00:11.000Z,2.0,2026-09-19,2026-08-20,Not Enforceable
TOUCH DESIGN AND BUILD INC.,2026-08-14T16:24:14.000Z,2026-09-19,a10Ps00000SbwmUIAR,0058b00000GAFCDAA5,2026-09-20T07:00:08.000Z,20.0,2026-09-20,2026-08-14,Closed,Expired,Street Space,SSP-26-04947,012Ps000005citCIAQ,VEHICHLE PARKING. LOADING/UNLOADING,50 CAPRA  WAY,2026-08-20,2026-09-20T07:00:11.000Z,2.0,2026-09-19,2026-08-20,Not Enforceable
MUELLER NICHOLLS INC,2026-08-14T16:48:57.000Z,2027-03-06,a10Ps00000Sc76nIAB,005Ps00000LEF6MIAX,2026-09-03T21:43:07.000Z,25.0,2027-03-07,2026-08-14,Active,Active,Street Space,SSP-26-04948,012Ps000005citCIAQ,Building Permit - Construction Staging,3718 20TH  ST,2026-09-07,2026-09-03T21:43:07.000Z,3.0,2027-03-06,2026-09-07,Enforceable
TRINITY BUILDING CO LLC,2026-08-14T17:23:29.000Z,2026-10-17,a10Ps00000ScNjRIAV,0058b00000GAFCDAA5,2026-08-17T15:40:13.000Z,20.0,2026-10-18,2026-08-17,Tow Sign Photo,Awaiting Applicant Info,Street Space,SSP-26-04950,012Ps000005citCIAQ,Parking,3351 JACKSON  ST,2026-08-18,2026-08-17T15:40:47.000Z,2.0,2026-10-17,2026-08-18,Not Enforceable
ANTORMEN INC,2026-08-14T17:53:42.000Z,2026-12-17,a10Ps00000ScV5tIAF,0058b00000GAFCDAA5,2026-08-17T22:55:25.000Z,40.0,2026-12-18,2026-08-17,Tow Sign Photo,Awaiting Applicant Info,Street Space,SSP-26-04953,012Ps000005citCIAQ,Building Permit - Construction Staging,555 FULTON  ST,2026-08-18,2026-08-17T22:56:05.000Z,3.0,2026-12-17,2026-08-18,Not Enforceable
THOMAS PRIOR,2026-08-14T18:25:55.000Z,2026-10-18,a10Ps00000SccP7IAJ,0058b00000GAFCDAA5,2026-08-14T18:34:24.000Z,20.0,2026-10-19,2026-08-14,Tow Sign Photo,Awaiting Applicant Info,Street Space,SSP-26-04954,012Ps000005citCIAQ,Parking for Kitchen Remodel,56 CASTRO  ST,2026-08-19,2026-08-14T18:34:24.000Z,2.0,2026-10-18,2026-08-19,Not Enforceable
OVERALL MURALS,2026-08-14T18:58:47.000Z,2026-09-20,a10Ps00000SckWLIAZ,0058b00000GAFCDAA5,2026-09-21T07:00:07.000Z,40.0,2026-09-21,2026-08-21,Closed,Expired,Street Space,SSP-26-04957,012Ps000005citCIAQ,Mural painting.,170 10TH  ST,2026-08-21,2026-09-21T07:00:09.000Z,3.0,2026-09-20,2026-08-21,Not Enforceable
NK CONSTRUCTION AND REAL ESTATE DEVELOPMENT LLC,2026-08-14T19:01:22.000Z,2027-02-18,a10Ps00000SclDtIAJ,0058b00000GAFCDAA5,2026-08-14T19:10:54.000Z,25.0,2027-02-19,2026-08-14,Tow Sign Photo,Awaiting Applicant Info,Street Space,SSP-26-04958,012Ps000005citCIAQ,dumpster,426 VALLEY  ST,2026-08-19,2026-08-14T19:10:54.000Z,3.0,2027-02-18,2026-08-19,Not Enforceable
KROUPA PAINTING AND COLOR DESIGN,2026-08-14T19:42:17.000Z,2026-09-25,a10Ps00000ScteTIAR,0058b00000GAFCDAA5,2026-09-26T07:00:15.000Z,20.0,2026-09-26,2026-08-14,Closed,Expired,Street Space,SSP-26-04960,012Ps000005citCIAQ,Painting and Porta Potty,101 MADRONE  AVE,2026-08-26,2026-09-26T07:00:17.000Z,2.0,2026-09-25,2026-08-26,Not Enforceable
YURIY SKLYAR,2026-08-14T19:59:20.000Z,2026-09-28,a10Ps00000Scx0XIAR,0058b00000GAFCDAA5,2026-09-29T07:00:19.000Z,20.0,2026-09-29,2026-08-14,Closed,Expired,Street Space,SSP-26-04962,012Ps000005citCIAQ,Construction parking,760 06TH  AVE,2026-08-29,2026-09-29T07:00:21.000Z,2.0,2026-09-28,2026-08-29,Not Enforceable
KELLY GERARD,2026-08-14T21:03:06.000Z,2026-10-25,a10Ps00000Sd8jxIAB,0058b00000GAFCDAA5,2026-08-19T02:15:10.000Z,20.0,2026-10-26,2026-08-18,Tow Sign Photo,Awaiting Applicant Info,Street Space,SSP-26-04966,012Ps000005citCIAQ,Parking,512 LOS PALMOS  DR,2026-08-26,2026-08-19T02:15:10.000Z,2.0,2026-10-25,2026-08-26,Not Enforceable
,2026-08-14T21:11:43.000Z,2026-09-29,a10Ps00000ScruTIAR,0058b00000GAFCDAA5,2026-09-30T07:00:08.000Z,23.0,2026-09-30,,Closed,Expired,Street Space,SSP-26-04967,012Ps000005citCIAQ,For dumpsters for furniture and appliances removed from building/apartments,875 HAIGHT  ST,2026-08-31,2026-09-30T07:00:09.000Z,3.0,2026-09-29,2026-08-31,Not Enforceable
BRENDAN WATERS CONSTRUCTION IN,2026-08-14T22:27:31.000Z,2026-11-18,a10Ps00000SdL2rIAF,005Ps00000LEF6MIAX,2026-08-25T23:17:57.000Z,20.0,2026-11-19,2026-08-15,Active,Active,Street Space,SSP-26-04969,012Ps000005citCIAQ,Building Permit - Construction Staging,1379 06TH  AVE,2026-08-19,2026-08-25T23:17:57.000Z,2.0,2026-11-18,2026-08-19,Enforceable
,2026-08-15T02:41:27.000Z,2026-11-30,a10Ps00000Sdyk9IAB,005Ps00000LEF6MIAX,2026-08-31T15:41:57.000Z,25.0,2026-12-01,2026-08-23,Active,Active,Street Space,SSP-26-04970,012Ps000005citCIAQ,loading/unloading of materials to complete construction/remodeling of 212 Elsie Street.,212 ELSIE  ST,2026-09-01,2026-08-31T15:41:57.000Z,3.0,2026-11-30,2026-09-01,Enforceable
HAWTHORNE CONSTRUCTION MANAGEMENT,2026-08-15T20:11:26.000Z,2026-09-19,a10Ps00000Sfzx3IAB,0058b00000GAFCDAA5,2026-09-20T07:00:08.000Z,20.0,2026-09-20,2026-08-17,Closed,Expired,Street Space,SSP-26-04973,012Ps000005citCIAQ,Building Permit - Construction Staging,170 CASELLI  AVE,2026-08-20,2026-09-20T07:00:14.000Z,2.0,2026-09-19,2026-08-20,Not Enforceable
CONOR FORDE PAINTING,2026-08-15T21:04:02.000Z,2026-10-13,a10Ps00000Sg2tJIAR,0058b00000GAFCDAA5,2026-08-17T17:29:19.000Z,15.0,2026-10-14,2026-08-17,Tow Sign Photo,Awaiting Applicant Info,Street Space,SSP-26-04975,012Ps000005citCIAQ,Scaffolding / Painting,1742 SANCHEZ  ST,2026-09-14,2026-08-17T17:29:19.000Z,2.0,2026-10-13,2026-09-14,Not Enforceable
,2026-08-16T07:51:24.000Z,2026-10-19,a10Ps00000SgdXtIAJ,0058b00000GAFCDAA5,2026-08-19T20:59:18.000Z,20.0,2026-10-20,2026-08-19,Tow Sign Photo,Awaiting Applicant Info,Street Space,SSP-26-04976,012Ps000005citCIAQ,for moving,2626 ANZA  ST,2026-08-20,2026-08-19T20:59:47.000Z,2.0,2026-10-19,2026-08-20,Not Enforceable
OCARROLL KIERAN F,2026-08-16T16:59:53.000Z,2027-02-25,a10Ps00000Sh9j3IAB,005Ps00000LEF6MIAX,2026-08-26T15:35:54.000Z,75.0,2027-02-26,2026-08-17,Active,Active,Street Space,SSP-26-04977,012Ps000005citCIAQ,"Debris box, lumber & hardware deliveries.",293 JERSEY  ST,2026-08-26,2026-08-26T15:35:54.000Z,7.0,2027-02-25,2026-08-26,Enforceable
HUERTA JOHN A,2026-08-16T18:17:17.000Z,2026-10-19,a10Ps00000ShEVpIAN,005Ps00000IzXSvIAN,2026-08-20T17:09:32.000Z,20.0,2026-10-20,2026-08-17,Active,Active,Street Space,SSP-26-04978,012Ps000005citCIAQ,Building Permit - Construction Staging,612 HOWARD  ST,2026-08-20,2026-08-20T17:09:32.000Z,2.0,2026-10-19,2026-08-20,Enforceable
,2026-08-16T19:08:21.000Z,2026-11-19,a10Ps00000ShHLdIAN,0058b00000GAFCDAA5,2026-08-17T16:40:28.000Z,20.0,2026-11-20,2026-08-17,Tow Sign Photo,Awaiting Applicant Info,Street Space,SSP-26-04979,012Ps000005citCIAQ,Access to front building during framing construction,4000A 21ST,2026-08-20,2026-08-17T16:40:28.000Z,2.0,2026-11-19,2026-08-20,Not Enforceable
ROBERT BERNHARD COATINGS/RBC,2026-08-16T19:20:41.000Z,2026-09-19,a10Ps00000ShHOuIAN,0058b00000GAFCDAA5,2026-09-20T07:00:08.000Z,20.0,2026-09-20,2026-08-17,Closed,Expired,Street Space,SSP-26-04980,012Ps000005citCIAQ,Parking Space for contractor,335 NORIEGA  ST,2026-08-20,2026-09-20T07:00:14.000Z,2.0,2026-09-19,2026-08-20,Not Enforceable
,2026-08-17T08:42:02.000Z,2026-09-22,a10Ps00000SiR4QIAV,0058b00000GAFCDAA5,2026-09-23T07:00:08.000Z,25.0,2026-09-23,2026-08-21,Closed,Expired,Street Space,SSP-26-04981,012Ps000005citCIAQ,"2  temporary SOS toilet on the street in front of 141 Caselli Ave-1 for the workers, 1 for the owners for 1 to 2 months",141 CASELLI  AVE,2026-08-23,2026-09-23T07:00:09.000Z,3.0,2026-09-22,2026-08-23,Not Enforceable
EXCELSIOR ROOFING INC,2026-08-17T14:04:07.000Z,2026-10-07,a10Ps00000Sj7lDIAR,0058b00000GAFCDAA5,2026-08-17T16:16:10.000Z,20.0,2026-10-08,2026-08-17,Tow Sign Photo,Awaiting Applicant Info,Street Space,SSP-26-04982,012Ps000005citCIAQ,Loading/unloading of materials.,252 ANDOVER  ST,2026-09-08,2026-10-02T07:30:03.000Z,2.0,2026-10-07,2026-09-08,Not Enforceable
PLANT CONSTRUCTION COMPANY LP,2026-08-17T14:08:53.000Z,2026-12-22,a10Ps00000SjC1jIAF,0058b00000GAFCDAA5,2026-08-26T15:38:52.000Z,180.0,2026-12-23,2026-08-26,Tow Sign Photo,Awaiting Applicant Info,Street Space,SSP-26-04983,012Ps000005citCIAQ,Renewal of Street Space Permit 25-50-280089 for Japantown Peace Plaza Renovation Project for trailers and laydown yard.,1610 GEARY  BLVD,2026-08-23,2026-08-26T15:40:03.000Z,10.0,2026-12-22,2026-08-23,Not Enforceable
THREE KINGS CONSTRUCTION LLC,2026-08-17T14:11:17.000Z,2026-09-19,a10Ps00000SjdZlIAJ,0058b00000GAFCDAA5,2026-09-20T07:00:08.000Z,25.0,2026-09-20,2026-08-19,Closed,Expired,Street Space,SSP-26-04984,012Ps000005citCIAQ,DBI BPA - Construction Staging,2208 SUTTER  ST,2026-08-20,2026-09-20T07:00:14.000Z,3.0,2026-09-19,2026-08-20,Not Enforceable
DARC VENTURES INC,2026-08-17T15:42:19.000Z,2026-09-23,a10Ps00000Sk8aLIAR,0058b00000GAFCDAA5,2026-09-24T07:00:20.000Z,20.0,2026-09-24,2026-08-17,Closed,Expired,Street Space,SSP-26-04985,012Ps000005citCIAQ,Construction parking and loading,1358 FELL  ST,2026-08-24,2026-09-24T07:00:24.000Z,2.0,2026-09-23,2026-08-24,Not Enforceable
SOURDOUGH PAINTING LLC,2026-08-17T15:46:29.000Z,2026-09-20,a10Ps00000Sk9xpIAB,0058b00000GAFCDAA5,2026-09-21T07:00:07.000Z,135.0,2026-09-21,2026-08-20,Closed,Expired,Street Space,SSP-26-04986,012Ps000005citCIAQ,Scaffold for painting,290 DOLORES  ST,2026-08-21,2026-09-21T07:00:10.000Z,6.0,2026-09-20,2026-08-21,Not Enforceable
SOURDOUGH PAINTING LLC,2026-08-17T15:57:42.000Z,2026-09-20,a10Ps00000Sk88wIAB,0058b00000GAFCDAA5,2026-09-29T07:00:20.000Z,50.0,2026-09-21,,Closed,Expired,Street Space,SSP-26-04987,012Ps000005citCIAQ,Scaffold for painting,290 DOLORES  ST,2026-08-21,2026-09-29T07:00:21.000Z,4.0,2026-09-20,2026-08-21,Not Enforceable
MULLAN ENTERPRISES INC,2026-08-17T15:58:33.000Z,2026-10-31,a10Ps00000SkCqrIAF,005Ps00000LEF6MIAX,2026-08-25T19:44:58.000Z,20.0,2026-11-01,2026-08-19,Active,Active,Street Space,SSP-26-04988,012Ps000005citCIAQ,DBI BPA - Construction Staging,1245 WILLARD  ST,2026-09-01,2026-08-25T19:44:58.000Z,2.0,2026-10-31,2026-09-01,Enforceable
ANDREW CHEKENE ENTERPRISES INC,2026-08-17T16:28:26.000Z,2026-10-20,a10Ps00000SkMWrIAN,005Ps00000IzXSvIAN,2026-08-19T21:47:25.000Z,80.0,2026-10-21,2026-08-18,Active,Active,Street Space,SSP-26-04989,012Ps000005citCIAQ,workers trucks/material,1150 LOMBARD  ST,2026-08-21,2026-08-19T21:47:25.000Z,6.0,2026-10-20,2026-08-21,Enforceable
,2026-08-17T16:36:29.000Z,2026-10-20,a10Ps00000SkP4vIAF,0058b00000GAFCDAA5,2026-08-17T17:24:45.000Z,20.0,2026-10-21,2026-08-17,Tow Sign Photo,Awaiting Applicant Info,Street Space,SSP-26-04990,012Ps000005citCIAQ,worker parking,2035 LAGUNA  ST,2026-08-21,2026-08-17T17:24:45.000Z,2.0,2026-10-20,2026-08-21,Not Enforceable
KENNY JINGYI LI,2026-08-17T16:43:06.000Z,2026-09-20,a10Ps00000SkRbNIAV,0058b00000GAFCDAA5,2026-09-21T07:00:07.000Z,25.0,2026-09-21,2026-08-20,Closed,Expired,Street Space,SSP-26-04991,012Ps000005citCIAQ,Scaffolding,1821 BAKER  ST,2026-08-21,2026-09-21T07:00:10.000Z,8.0,2026-09-20,2026-08-21,Not Enforceable
VAN ACKER CONSTRUCTION ASSOC,2026-08-17T17:02:29.000Z,2027-02-22,a10Ps00000SkQH9IAN,005Ps00000IzXSvIAN,2026-08-25T03:20:46.000Z,42.0,2027-02-23,2026-08-17,Active,Active,Street Space,SSP-26-04992,012Ps000005citCIAQ,Construction parking for loading/unloading of materials and staging of equipment,3090 PACIFIC  AVE,2026-08-23,2026-08-25T03:20:46.000Z,4.0,2027-02-22,2026-08-23,Enforceable
DEEP ELM CONSTRUCTION LLC,2026-08-17T17:03:41.000Z,2026-10-20,a10Ps00000SkYhhIAF,0058b00000GAFCDAA5,2026-08-17T17:17:36.000Z,20.0,2026-10-21,2026-08-17,Tow Sign Photo,Awaiting Applicant Info,Street Space,SSP-26-04993,012Ps000005citCIAQ,"loading/unloading of materials and staging of equipment,parking",3819 17TH  ST,2026-08-21,2026-08-17T17:17:36.000Z,2.0,2026-10-20,2026-08-21,Not Enforceable
TRUEBECK CONSTRUCTION INC,2026-08-17T17:48:54.000Z,2026-09-20,a10Ps00000Sk1PCIAZ,0058b00000GAFCDAA5,2026-09-21T07:00:07.000Z,100.0,2026-09-21,,Closed,Expired,Street Space,SSP-26-04994,012Ps000005citCIAQ,Parking for exterior maintenance,550 CLAY  ST,2026-08-21,2026-09-21T07:00:09.000Z,8.0,2026-09-20,2026-08-21,Not Enforceable
GARY HEAD AND PARTNERS PAINTING CORPORATION,2026-08-17T17:49:05.000Z,2026-09-20,a10Ps00000SkmCnIAJ,0058b00000GAFCDAA5,2026-09-21T07:00:07.000Z,110.0,2026-09-21,2026-08-17,Closed,Expired,Street Space,SSP-26-04995,012Ps000005citCIAQ,Scaffolding / Painting,1001 PAGE  ST,2026-08-21,2026-09-21T07:00:11.000Z,5.0,2026-09-20,2026-08-21,Not Enforceable
CENTONI GINA M,2026-08-17T18:00:26.000Z,2027-03-17,a10Ps00000SkpgvIAB,005Ps00000IzXSvIAN,2026-09-16T23:53:41.000Z,40.0,2027-03-18,2026-08-17,Active,Active,Street Space,SSP-26-04996,012Ps000005citCIAQ,Debris bin and parking,3956 WASHINGTON  ST,2026-09-18,2026-09-16T23:53:41.000Z,3.0,2027-03-17,2026-09-18,Enforceable
YK MASON & SONS INC,2026-08-17T18:28:28.000Z,2026-09-20,a10Ps00000SkzGTIAZ,0058b00000GAFCDAA5,2026-09-21T07:00:07.000Z,80.0,2026-09-21,2026-08-17,Closed,Expired,Street Space,SSP-26-05001,012Ps000005citCIAQ,Scaffolding,3904 17TH  ST,2026-08-21,2026-09-21T07:00:11.000Z,4.0,2026-09-20,2026-08-21,Not Enforceable
YEFA CONSTRUCTION INC,2026-08-17T18:39:00.000Z,2027-02-23,a10Ps00000Sl33xIAB,0058b00000GAFCDAA5,2026-08-24T23:16:35.000Z,20.0,2027-02-24,2026-08-24,Tow Sign Photo,Awaiting Applicant Info,Street Space,SSP-26-05002,012Ps000005citCIAQ,Loading/unloading of materials,224 29TH  ST,2026-08-24,2026-08-24T23:16:47.000Z,2.0,2027-02-23,2026-08-24,Not Enforceable
EMPIRE PAINTING & CONSTRUCTION,2026-08-17T18:40:26.000Z,2026-10-23,a10Ps00000Sl3TlIAJ,0058b00000GAFCDAA5,2026-08-17T21:32:42.000Z,160.0,2026-10-24,2026-08-17,Tow Sign Photo,Awaiting Applicant Info,Street Space,SSP-26-05003,012Ps000005citCIAQ,Scaffolding,100 PARKER  AVE,2026-08-24,2026-08-17T21:32:42.000Z,10.0,2026-10-23,2026-08-24,Not Enforceable
NORTH GATE BUILDERS INC,2026-08-17T18:48:57.000Z,2026-09-20,a10Ps00000Sl6D7IAJ,0058b00000GAFCDAA5,2026-09-21T07:00:07.000Z,20.0,2026-09-21,,Closed,Expired,Street Space,SSP-26-05004,012Ps000005citCIAQ,Construction parking,1253 MASONIC  AVE,2026-08-21,2026-09-21T07:00:11.000Z,2.0,2026-09-20,2026-08-21,Not Enforceable
ART GARDEN DESIGN INC.,2026-08-17T19:03:33.000Z,2026-10-20,a10Ps00000Sl97mIAB,0058b00000GAFCDAA5,2026-08-17T22:48:25.000Z,20.0,2026-10-21,2026-08-17,Tow Sign Photo,Awaiting Applicant Info,Street Space,SSP-26-05005,012Ps000005citCIAQ,"We are doing a landscaping project in the backyard. , we need a space to have for our truck to load and unload materials and tools.",165 GIRARD  ST,2026-08-21,2026-08-17T22:48:25.000Z,2.0,2026-10-20,2026-08-21,Not Enforceable
CITIDEV INC,2026-08-17T19:05:34.000Z,2026-09-19,a10Ps00000SlAF8IAN,0058b00000GAFCDAA5,2026-09-20T07:00:08.000Z,20.0,2026-09-20,2026-08-17,Closed,Expired,Street Space,SSP-26-05006,012Ps000005citCIAQ,Building Permit - Construction Staging,2615 DIVISADERO  ST,2026-08-20,2026-09-20T07:00:14.000Z,2.0,2026-09-19,2026-08-20,Not Enforceable
LEMUS CONSTRUCTION CO,2026-08-17T19:07:22.000Z,2026-10-23,a10Ps00000SlAi9IAF,0058b00000GAFCDAA5,2026-08-17T21:16:19.000Z,20.0,2026-10-24,2026-08-17,Tow Sign Photo,Awaiting Applicant Info,Street Space,SSP-26-05008,012Ps000005citCIAQ,Painting,62 MIDCREST  WAY,2026-08-24,2026-08-17T21:16:19.000Z,2.0,2026-10-23,2026-08-24,Not Enforceable
A2Z CONSTRUCTION COMPANY INC.,2026-08-17T19:31:38.000Z,2026-11-20,a10Ps00000SlJn3IAF,0058b00000GAFCDAA5,2026-08-17T19:44:42.000Z,25.0,2026-11-21,2026-08-17,Tow Sign Photo,Awaiting Applicant Info,Street Space,SSP-26-05010,012Ps000005citCIAQ,Parking work trucks and equipments,271 09TH  AVE,2026-09-21,2026-08-17T19:44:42.000Z,3.0,2026-11-20,2026-09-21,Not Enforceable
"FARACI PAINTING, LLC",2026-08-17T19:47:04.000Z,2026-09-20,a10Ps00000SlO8PIAV,0058b00000GAFCDAA5,2026-09-21T07:00:07.000Z,20.0,2026-09-21,2026-08-17,Closed,Expired,Street Space,SSP-26-05011,012Ps000005citCIAQ,Painting,194 SUSSEX  ST,2026-08-21,2026-09-21T07:00:12.000Z,2.0,2026-09-20,2026-08-21,Not Enforceable
KENNY JINGYI LI,2026-08-17T19:50:01.000Z,2026-09-20,a10Ps00000SlIuGIAV,0058b00000GAFCDAA5,2026-09-21T07:00:07.000Z,20.0,2026-09-21,2026-08-17,Closed,Expired,Street Space,SSP-26-05012,012Ps000005citCIAQ,Scaffoling,338 12TH  AVE,2026-08-21,2026-09-21T07:00:11.000Z,2.0,2026-09-20,2026-08-21,Not Enforceable
IDEAL BUILDERS,2026-08-17T19:53:12.000Z,2026-09-20,a10Ps00000SlPKbIAN,0058b00000GAFCDAA5,2026-09-21T07:00:07.000Z,20.0,2026-09-21,2026-08-17,Closed,Expired,Street Space,SSP-26-05013,012Ps000005citCIAQ,Parking and porta potty,1485 CHURCH  ST,2026-08-21,2026-09-21T07:00:12.000Z,2.0,2026-09-20,2026-08-21,Not Enforceable
KENNY JINGYI LI,2026-08-17T19:54:27.000Z,2026-09-20,a10Ps00000SlPajIAF,0058b00000GAFCDAA5,2026-09-21T07:00:07.000Z,20.0,2026-09-21,2026-08-17,Closed,Expired,Street Space,SSP-26-05014,012Ps000005citCIAQ,Scaffolding,57 KAREN  CT,2026-08-21,2026-09-21T07:00:12.000Z,2.0,2026-09-20,2026-08-21,Not Enforceable
GOLDEN COLORS PAINTING,2026-08-17T20:04:32.000Z,2026-09-20,a10Ps00000SlRmDIAV,0058b00000GAFCDAA5,2026-09-21T07:00:07.000Z,40.0,2026-09-21,2026-08-17,Closed,Expired,Street Space,SSP-26-05015,012Ps000005citCIAQ,Scaffolding and porta-potty,1421 HAYES  ST,2026-08-21,2026-09-21T07:00:13.000Z,3.0,2026-09-20,2026-08-21,Not Enforceable
,2026-08-17T20:06:01.000Z,2026-10-25,a10Ps00000SkwvKIAR,0058b00000GAFCDAA5,2026-08-18T21:27:50.000Z,40.0,2026-10-26,2026-08-18,Tow Sign Photo,Awaiting Applicant Info,Street Space,SSP-26-05016,012Ps000005citCIAQ,Scaffolding,1137 GREEN  ST,2026-08-26,2026-08-18T21:28:03.000Z,3.0,2026-10-25,2026-08-26,Not Enforceable
GARY HEAD AND PARTNERS PAINTING CORPORATION,2026-08-17T20:25:30.000Z,2026-09-20,a10Ps00000SlWSXIA3,0058b00000GAFCDAA5,2026-09-21T07:00:07.000Z,50.0,2026-09-21,2026-08-17,Closed,Expired,Street Space,SSP-26-05017,012Ps000005citCIAQ,Scaffold for Exterior Painting,58 02ND  ST,2026-08-21,2026-09-21T07:00:13.000Z,4.0,2026-09-20,2026-08-21,Not Enforceable
KENNY JINGYI LI,2026-08-17T20:40:18.000Z,2026-10-03,a10Ps00000SlZwfIAF,0058b00000GAFCDAA5,2026-10-04T07:00:10.000Z,40.0,2026-10-04,2026-08-17,Closed,Expired,Street Space,SSP-26-05018,012Ps000005citCIAQ,Scaffolding,2222 LEAVENWORTH  ST,2026-09-04,2026-10-04T07:00:12.000Z,3.0,2026-10-03,2026-09-04,Not Enforceable
WOLFE MICHAEL S,2026-08-17T21:29:50.000Z,2026-09-20,a10Ps00000SljcfIAB,0058b00000GAFCDAA5,2026-09-21T07:00:07.000Z,20.0,2026-09-21,2026-08-17,Closed,Expired,Street Space,SSP-26-05019,012Ps000005citCIAQ,Painting   Correct  housing complaint,2130 23RD  ST,2026-08-21,2026-09-21T07:00:13.000Z,2.0,2026-09-20,2026-08-21,Not Enforceable
BUILDABLE LLC,2026-08-17T21:36:04.000Z,2027-02-23,a10Ps00000SlkiPIAR,005Ps00000LEF6MIAX,2026-08-21T22:50:17.000Z,20.0,2027-02-24,2026-08-17,Active,Active,Street Space,SSP-26-05020,012Ps000005citCIAQ,Remodel.,2610 PACIFIC  AVE,2026-08-24,2026-08-21T22:50:17.000Z,2.0,2027-02-23,2026-08-24,Enforceable
2190 LOMBARD ASSOCIATES  R,2026-08-17T21:55:38.000Z,2026-09-20,a10Ps00000SlnmjIAB,0058b00000GAFCDAA5,2026-09-21T07:00:07.000Z,88.0,2026-09-21,2026-08-17,Closed,Expired,Street Space,SSP-26-05021,012Ps000005citCIAQ,Scaffolding / Painting,1901 LOMBARD  ST,2026-08-21,2026-09-21T07:00:13.000Z,6.0,2026-09-20,2026-08-21,Not Enforceable
WENCESLAO MUNOZ JR,2026-08-17T21:59:57.000Z,2027-02-20,a10Ps00000Sli3uIAB,0058b00000GAFCDAA5,2026-08-17T22:26:14.000Z,20.0,2027-02-21,2026-08-17,Tow Sign Photo,Awaiting Applicant Info,Street Space,SSP-26-05022,012Ps000005citCIAQ,I need the space to park work trucks,265 08TH  AVE,2026-08-21,2026-08-17T22:26:14.000Z,2.0,2027-02-20,2026-08-21,Not Enforceable
"IMPLICIT CONSTRUCTION, JONATHAN GOMEZ",2026-08-17T22:22:09.000Z,2026-10-20,a10Ps00000SlsG9IAJ,0058b00000GAFCDAA5,2026-08-17T23:03:26.000Z,20.0,2026-10-21,2026-08-17,Tow Sign Photo,Awaiting Applicant Info,Street Space,SSP-26-05023,012Ps000005citCIAQ,Construction,461 PACIFIC  AVE,2026-08-21,2026-08-17T23:03:26.000Z,2.0,2026-10-20,2026-08-21,Not Enforceable
HOUSEWORKS ENTERPRISES INC,2026-08-17T22:39:47.000Z,2026-11-20,a10Ps00000SlsUiIAJ,005Ps00000IzXSvIAN,2026-08-19T21:33:22.000Z,40.0,2026-11-21,2026-08-17,Active,Active,Street Space,SSP-26-05024,012Ps000005citCIAQ,"Vehicle loading/unloading, portable toilet",1 NEWBURG  ST,2026-08-21,2026-08-19T21:33:22.000Z,3.0,2026-11-20,2026-08-21,Enforceable
YK MASON & SONS INC,2026-08-17T22:59:48.000Z,2026-09-20,a10Ps00000SlprnIAB,0058b00000GAFCDAA5,2026-09-21T07:00:07.000Z,20.0,2026-09-21,2026-08-18,Closed,Expired,Street Space,SSP-26-05025,012Ps000005citCIAQ,Scaffolding,470 MADRID  ST,2026-08-21,2026-09-21T07:00:14.000Z,2.0,2026-09-20,2026-08-21,Not Enforceable
"APOLLO BUILDING AND ROOFING GROUP, INC.",2026-08-17T23:06:22.000Z,2026-09-20,a10Ps00000Sly3pIAB,0058b00000GAFCDAA5,2026-09-21T07:00:07.000Z,40.0,2026-09-21,2026-08-20,Closed,Expired,Street Space,SSP-26-05027,012Ps000005citCIAQ,Reroofing,140 JONES  ST,2026-08-21,2026-09-21T07:00:14.000Z,3.0,2026-09-20,2026-08-21,Not Enforceable
YK MASON & SONS INC,2026-08-17T23:10:03.000Z,2026-10-03,a10Ps00000SlyTdIAJ,0058b00000GAFCDAA5,2026-10-04T07:00:10.000Z,20.0,2026-10-04,2026-08-18,Closed,Expired,Street Space,SSP-26-05028,012Ps000005citCIAQ,Scaffolding,620 LAKE  ST,2026-09-04,2026-10-04T07:00:12.000Z,2.0,2026-10-03,2026-09-04,Not Enforceable
TOM LEE ROOFING INC,2026-08-17T23:29:24.000Z,2026-10-13,a10Ps00000Sm1ZZIAZ,005Ps00000IxBTKIA3,2026-08-18T00:05:29.000Z,20.0,2026-10-14,2026-08-17,Tow Sign Photo,Pending,Street Space,SSP-26-05029,012Ps000005citCIAQ,Reroofing,2217 28TH  AVE,2026-09-14,2026-08-18T00:05:29.000Z,2.0,2026-10-13,2026-09-14,Not Enforceable
YONG HONG CONSTRUCTION INC,2026-08-18T00:06:27.000Z,2027-02-23,a10Ps00000Sm2cAIAR,0058b00000GAFCDAA5,2026-08-18T18:48:21.000Z,20.0,2027-02-24,2026-08-18,Tow Sign Photo,Awaiting Applicant Info,Street Space,SSP-26-05030,012Ps000005citCIAQ,"Loading and unloading of building materials during construction, Loading and unloading staging of equipment after construction",2922 IRVING  ST,2026-08-24,2026-08-18T18:48:21.000Z,2.0,2027-02-23,2026-08-24,Not Enforceable
AIDAN COLLINS & SONS INC,2026-08-18T00:54:37.000Z,2026-09-21,a10Ps00000Sly74IAB,0058b00000GAFCDAA5,2026-09-22T07:00:11.000Z,40.0,2026-09-22,2026-08-21,Closed,Expired,Street Space,SSP-26-05031,012Ps000005citCIAQ,"Parking for Construction at 1360 Montgomery, Unit 10",1360 MONTGOMERY  ST,2026-08-22,2026-09-22T07:00:13.000Z,3.0,2026-09-21,2026-08-22,Not Enforceable
HARRY RUSSELL MURPHY,2026-08-18T01:41:30.000Z,2026-09-23,a10Ps00000SmEDRIA3,0058b00000GAFCDAA5,2026-09-24T07:00:11.000Z,20.0,2026-09-24,2026-08-18,Closed,Expired,Street Space,SSP-26-05032,012Ps000005citCIAQ,Loading and un;loading materials,237 GRATTAN  ST,2026-08-24,2026-09-24T07:00:13.000Z,2.0,2026-09-23,2026-08-24,Not Enforceable
RAIN DEFENSE,2026-08-18T13:28:07.000Z,2026-09-23,a10Ps00000SnzBtIAJ,0058b00000GAFCDAA5,2026-09-24T07:00:11.000Z,20.0,2026-09-24,2026-08-19,Closed,Expired,Street Space,SSP-26-05033,012Ps000005citCIAQ,Tow Away signs for our vehicles while crew work,1408 CALIFORNIA  ST,2026-08-24,2026-09-24T07:00:14.000Z,2.0,2026-09-23,2026-08-24,Not Enforceable
RAIN DEFENSE,2026-08-18T13:34:23.000Z,2026-10-03,a10Ps00000So1DhIAJ,0058b00000GAFCDAA5,2026-10-04T07:00:10.000Z,20.0,2026-10-04,2026-08-19,Closed,Expired,Street Space,SSP-26-05034,012Ps000005citCIAQ,Tow away signs for vehicles while crew work,104 GUERRERO  ST,2026-09-04,2026-10-04T07:00:12.000Z,2.0,2026-10-03,2026-09-04,Not Enforceable
RAIN DEFENSE,2026-08-18T13:39:02.000Z,2026-10-17,a10Ps00000Snm8EIAR,005Ps00000LEF6MIAX,2026-09-03T21:41:11.000Z,20.0,2026-10-18,2026-08-19,Active,Active,Street Space,SSP-26-05035,012Ps000005citCIAQ,Tow away signs for our vehicles while crew work,720 JONES  ST,2026-09-18,2026-09-03T21:41:11.000Z,2.0,2026-10-17,2026-09-18,Enforceable
DE BRUS MAOLCHOLM,2026-08-18T15:01:46.000Z,2026-09-21,a10Ps00000SoWEHIA3,0058b00000GAFCDAA5,2026-09-22T07:00:11.000Z,20.0,2026-09-22,2026-08-26,Closed,Expired,Street Space,SSP-26-05036,012Ps000005citCIAQ,loading and unloading construction equipment and material to and from job site,1551 VALLEJO  ST,2026-08-22,2026-09-22T07:00:13.000Z,2.0,2026-09-21,2026-08-22,Not Enforceable
,2026-08-18T16:40:51.000Z,2026-09-23,a10Ps00000Sp1RlIAJ,0058b00000GAFCDAA5,2026-09-24T07:00:11.000Z,40.0,2026-09-24,2026-08-18,Closed,Expired,Street Space,SSP-26-05037,012Ps000005citCIAQ,Construction crew parking,2384 FULTON  ST,2026-08-24,2026-09-24T07:00:14.000Z,4.0,2026-09-23,2026-08-24,Not Enforceable
MISSION HOME REMODELING,2026-08-18T16:54:05.000Z,2026-09-21,a10Ps00000SolTTIAZ,0058b00000GAFCDAA5,2026-09-22T07:00:11.000Z,20.0,2026-09-22,2026-08-18,Closed,Expired,Street Space,SSP-26-05038,012Ps000005citCIAQ,20,828 YORK  ST,2026-08-22,2026-09-22T07:00:13.000Z,2.0,2026-09-21,2026-08-22,Not Enforceable
MENDEZ PROFESSIONAL PAINTING INC,2026-08-18T17:10:38.000Z,2026-09-23,a10Ps00000Sp9cDIAR,0058b00000GAFCDAA5,2026-09-24T07:00:11.000Z,80.0,2026-09-24,2026-08-20,Closed,Expired,Street Space,SSP-26-05039,012Ps000005citCIAQ,Scaffolding,98 HILL  ST,2026-08-24,2026-09-24T07:00:14.000Z,8.0,2026-09-23,2026-08-24,Not Enforceable
UPTIC CONSTRUCTION LLC,2026-08-18T17:12:43.000Z,2026-09-21,a10Ps00000SpAQDIA3,0058b00000GAFCDAA5,2026-09-22T07:00:11.000Z,20.0,2026-09-22,,Closed,Expired,Street Space,SSP-26-05040,012Ps000005citCIAQ,Parking for painting team,1372 JACKSON  ST,2026-08-22,2026-09-22T07:00:14.000Z,2.0,2026-09-21,2026-08-22,Not Enforceable
INTERNATIONAL CADD SERVICES INC.,2026-08-18T18:18:51.000Z,2026-09-21,a10Ps00000SpTCjIAN,0058b00000GAFCDAA5,2026-09-22T07:00:11.000Z,20.0,2026-09-22,2026-08-18,Closed,Expired,Street Space,SSP-26-05042,012Ps000005citCIAQ,"Street space required to support re-roofing operations, including loading/unloading roofing materials and equipment associated with DBI permit BLDG-26-2064",2002 PACIFIC  AVE,2026-08-22,2026-09-22T07:00:14.000Z,2.0,2026-09-21,2026-08-22,Not Enforceable
McMahon Construction LLC,2026-08-18T19:04:18.000Z,2026-11-23,a10Ps00000SpYPKIA3,005Ps00000LEF6MIAX,2026-08-28T23:56:03.000Z,60.0,2026-11-24,,Active,Active,Street Space,SSP-26-05044,012Ps000005citCIAQ,Dropping off of materials and placement of the portable toilet,2221 SCOTT  ST,2026-08-24,2026-08-28T23:56:03.000Z,4.0,2026-11-23,2026-08-24,Enforceable
415 REMODELING INC,2026-08-18T19:21:14.000Z,2026-09-21,a10Ps00000Spi6wIAB,0058b00000GAFCDAA5,2026-09-22T07:00:11.000Z,20.0,2026-09-22,,Closed,Expired,Street Space,SSP-26-05045,012Ps000005citCIAQ,Portapotty,1415 KANSAS  ST,2026-08-22,2026-09-22T07:00:14.000Z,2.0,2026-09-21,2026-08-22,Not Enforceable
,2026-08-18T19:28:52.000Z,2026-09-21,a10Ps00000SpmDlIAJ,0058b00000GAFCDAA5,2026-09-22T07:00:11.000Z,35.0,2026-09-22,2026-08-18,Closed,Expired,Street Space,SSP-26-05046,012Ps000005citCIAQ,No parking available on street segment due to SFMTA red curb and bus lane. Permit is for work related activitys on the sidewalk area minus 4 feet of pedestrian clearance.,1412 JACKSON  ST,2026-08-22,2026-09-22T07:00:14.000Z,3.0,2026-09-21,2026-08-22,Not Enforceable
JACKOVICS ENTERPRISES INC.,2026-08-18T19:32:01.000Z,2026-09-22,a10Ps00000SpmthIAB,0058b00000GAFCDAA5,2026-09-23T07:00:08.000Z,120.0,2026-09-23,2026-08-19,Closed,Expired,Street Space,SSP-26-05047,012Ps000005citCIAQ,Construction Zone,1600 JACKSON  ST,2026-08-23,2026-09-23T07:00:10.000Z,7.0,2026-09-22,2026-08-23,Not Enforceable
GBU CONSTRUCTION DEVELOPMENT,2026-08-18T19:32:36.000Z,2026-09-21,a10Ps00000Spn3NIAR,0058b00000GAFCDAA5,2026-09-22T07:00:11.000Z,20.0,2026-09-22,2026-08-18,Closed,Expired,Street Space,SSP-26-05048,012Ps000005citCIAQ,Stucco and scaffolding,1260 SACRAMENTO  ST,2026-08-22,2026-09-22T07:00:14.000Z,2.0,2026-09-21,2026-08-22,Not Enforceable
AVELAR RICHARD & ASSOCS REC SV,2026-08-18T19:54:03.000Z,2026-11-24,a10Ps00000SpssfIAB,0058b00000GAFCDAA5,2026-08-19T16:52:21.000Z,20.0,2026-11-25,2026-08-19,Tow Sign Photo,Awaiting Applicant Info,Street Space,SSP-26-05049,012Ps000005citCIAQ,loading/unloading,4721 17TH  ST,2026-08-25,2026-08-19T16:52:59.000Z,2.0,2026-11-24,2026-08-25,Not Enforceable
WE DO CONSTRUCTION INC,2026-08-18T20:28:42.000Z,2026-10-23,a10Ps00000Sq0LZIAZ,0058b00000GAFCDAA5,2026-08-18T22:48:20.000Z,20.0,2026-10-24,2026-08-18,Tow Sign Photo,Awaiting Applicant Info,Street Space,SSP-26-05050,012Ps000005citCIAQ,park a car,457 OAK  ST,2026-08-24,2026-08-18T22:48:20.000Z,2.0,2026-10-23,2026-08-24,Not Enforceable
MN CONSTRUCTION INC,2026-08-18T20:41:10.000Z,2026-10-21,a10Ps00000Sq33JIAR,005Ps00000LEF6MIAX,2026-10-02T22:47:15.000Z,40.0,2026-10-22,2026-08-20,Active,Active,Street Space,SSP-26-05051,012Ps000005citCIAQ,Construction Staging/ Portable Toilet/ Debris Box,155 NOE  ST,2026-08-22,2026-10-02T22:47:15.000Z,3.0,2026-10-21,2026-08-22,Not Enforceable
FORMA CONSTRUCTION INC,2026-08-18T21:06:04.000Z,2027-02-23,a10Ps00000Sq2jyIAB,005Ps00000Iz73wIAB,2026-08-27T20:18:21.000Z,27.0,2027-02-24,,Final Review,Awaiting Applicant Info,Street Space,SSP-26-05053,012Ps000005citCIAQ,DBI BPA - Construction Staging,2707 LARKIN  ST,2026-08-24,2026-08-27T20:18:21.000Z,3.0,2027-02-23,2026-08-24,Not Enforceable
DJY GENERAL BUILDING,2026-08-18T21:07:40.000Z,2027-02-23,a10Ps00000Sq7DQIAZ,005Ps00000IzXSvIAN,2026-08-24T20:56:40.000Z,20.0,2027-02-24,2026-08-19,Active,Active,Street Space,SSP-26-05054,012Ps000005citCIAQ,DBI BPA - Construction Staging,460 42ND  AVE,2026-08-24,2026-08-24T20:56:40.000Z,2.0,2027-02-23,2026-08-24,Enforceable
KERLEY CONSTRUCTION INC,2026-08-18T21:11:13.000Z,2026-09-23,a10Ps00000Sq9dNIAR,0058b00000GAFCDAA5,2026-09-24T07:00:11.000Z,20.0,2026-09-24,2026-08-18,Closed,Expired,Street Space,SSP-26-05055,012Ps000005citCIAQ,parking,2848 WASHINGTON  ST,2026-08-24,2026-09-24T07:00:15.000Z,2.0,2026-09-23,2026-08-24,Not Enforceable
MACHU PICCHU ROOFING INC,2026-08-18T21:19:24.000Z,2026-09-23,a10Ps00000SpodmIAB,0058b00000GAFCDAA5,2026-09-24T07:00:11.000Z,40.0,2026-09-24,2026-09-03,Closed,Expired,Street Space,SSP-26-05057,012Ps000005citCIAQ,Reroofing,1720 IRVING  ST,2026-08-24,2026-09-24T07:00:15.000Z,3.0,2026-09-23,2026-08-24,Not Enforceable
CLEVER DESIGN & REMODELING,2026-08-18T21:38:25.000Z,2026-10-19,a10Ps00000SqEd3IAF,005Ps00000IzXSvIAN,2026-08-27T16:48:08.000Z,40.0,2026-10-20,2026-08-18,Active,Active,Street Space,SSP-26-05058,012Ps000005citCIAQ,loading/unloading of materials and equipment,1702 VALLEJO  ST,2026-08-20,2026-08-27T16:48:08.000Z,4.0,2026-10-19,2026-08-20,Enforceable
D.M. RAVANO CONSTRUCTION,2026-08-18T21:57:29.000Z,2026-10-24,a10Ps00000SqIdRIAV,0058b00000GAFCDAA5,2026-08-20T20:42:49.000Z,25.0,2026-10-25,2026-08-20,Tow Sign Photo,Awaiting Applicant Info,Street Space,SSP-26-05059,012Ps000005citCIAQ,DBI BPA - Construction Staging,235 CHENERY  ST,2026-08-25,2026-08-20T20:43:47.000Z,3.0,2026-10-24,2026-08-25,Not Enforceable
BLACKLINE CONSTRUCTION INC.,2026-08-18T22:10:03.000Z,2026-11-30,a10Ps00000SqKTxIAN,0058b00000GAFCDAA5,2026-09-07T02:03:50.000Z,20.0,2026-12-01,2026-09-06,Tow Sign Photo,Awaiting Applicant Info,Street Space,SSP-26-05060,012Ps000005citCIAQ,"Trucks, loading",68 WHITNEY  ST,2026-09-01,2026-09-07T02:04:09.000Z,2.0,2026-11-30,2026-09-01,Not Enforceable
CERVANTES ARCHITECTURAL CORP,2026-08-18T23:04:53.000Z,2026-09-23,a10Ps00000SqRyTIAV,0058b00000GAFCDAA5,2026-09-24T07:00:11.000Z,20.0,2026-09-24,2026-08-18,Closed,Expired,Street Space,SSP-26-05061,012Ps000005citCIAQ,Scaffolding,2929 19TH  ST,2026-08-24,2026-09-24T07:00:15.000Z,2.0,2026-09-23,2026-08-24,Not Enforceable
WE DO CONSTRUCTION INC,2026-08-18T23:23:32.000Z,2026-10-23,a10Ps00000SqT7TIAV,0058b00000GAFCDAA5,2026-08-19T15:48:08.000Z,20.0,2026-10-24,2026-08-19,Tow Sign Photo,Awaiting Applicant Info,Street Space,SSP-26-05062,012Ps000005citCIAQ,DBI BPA - Construction Staging,2567 BRYANT  ST,2026-08-24,2026-08-19T15:48:48.000Z,2.0,2026-10-23,2026-08-24,Not Enforceable
RED WHITE & BLUE CONSTRUCTION INC,2026-08-18T23:43:28.000Z,2026-12-23,a10Ps00000SqXNxIAN,0058b00000GAFCDAA5,2026-08-24T02:17:53.000Z,25.0,2026-12-24,2026-08-23,Tow Sign Photo,Awaiting Applicant Info,Street Space,SSP-26-05063,012Ps000005citCIAQ,DBI BPA - Construction Staging,88 MUSEUM  WAY,2026-08-24,2026-08-24T02:18:14.000Z,3.0,2026-12-23,2026-08-24,Not Enforceable
SF PERMITTING INC,2026-08-18T23:52:14.000Z,2026-09-23,a10Ps00000SqYIPIA3,0058b00000GAFCDAA5,2026-09-24T07:00:11.000Z,20.0,2026-09-24,2026-08-20,Closed,Expired,Street Space,SSP-26-05064,012Ps000005citCIAQ,Work Vehicle,226 06TH  ST,2026-08-24,2026-09-24T07:00:16.000Z,2.0,2026-09-23,2026-08-24,Not Enforceable
SF PERMITTING INC,2026-08-18T23:56:21.000Z,2026-10-26,a10Ps00000SqYwjIAF,005Ps00000IzXSvIAN,2026-09-01T23:40:49.000Z,20.0,2026-10-27,2026-08-20,Active,Active,Street Space,SSP-26-05065,012Ps000005citCIAQ,Work Vehicle,380A UNION  ST,2026-08-27,2026-09-01T23:40:49.000Z,2.0,2026-10-26,2026-08-27,Enforceable
CAMERON BUILDERS SF,2026-08-19T14:44:46.000Z,2026-11-24,a10Ps00000SsfPSIAZ,005Ps00000IzXSvIAN,2026-09-03T21:01:16.000Z,25.0,2026-11-25,2026-08-19,Active,Active,Street Space,SSP-26-05067,012Ps000005citCIAQ,Construction street space needed,614 ELIZABETH  ST,2026-08-25,2026-09-03T21:01:16.000Z,3.0,2026-11-24,2026-08-25,Enforceable
ANVIL BUILDERS INC,2026-08-19T14:51:12.000Z,2026-11-21,a10Ps00000St6HZIAZ,0058b00000GAFCDAA5,2026-09-02T21:42:12.000Z,36.0,2026-11-22,2026-09-02,Tow Sign Photo,Awaiting Applicant Info,Street Space,SSP-26-05068,012Ps000005citCIAQ,Staging Area adjacent to work site for construction materials as well as two parking spaces for tool trucks,299 EDGEWOOD  AVE,2026-08-22,2026-09-02T21:42:51.000Z,3.0,2026-11-21,2026-08-22,Not Enforceable
BROWN WILLIAM R,2026-08-19T15:43:03.000Z,2026-09-23,a10Ps00000StNzxIAF,0058b00000GAFCDAA5,2026-09-24T07:00:11.000Z,20.0,2026-09-24,2026-08-19,Closed,Expired,Street Space,SSP-26-05070,012Ps000005citCIAQ,Roofing work,4078 25TH  ST,2026-08-24,2026-09-24T07:00:16.000Z,2.0,2026-09-23,2026-08-24,Not Enforceable
ECO LOGIC CONSTR & DESIGN INC,2026-08-19T15:54:25.000Z,2026-11-24,a10Ps00000StRCLIA3,005Ps00000LEF6MIAX,2026-08-25T16:01:38.000Z,20.0,2026-11-25,2026-08-19,Active,Active,Street Space,SSP-26-05071,012Ps000005citCIAQ,DBI BPA – Construction Staging,3067 SACRAMENTO  ST,2026-08-25,2026-08-25T16:01:38.000Z,2.0,2026-11-24,2026-08-25,Enforceable
A&F ALL BAY PAINTING INC.,2026-08-19T16:21:22.000Z,2026-09-23,a10Ps00000StZmbIAF,0058b00000GAFCDAA5,2026-09-24T07:00:11.000Z,20.0,2026-09-24,2026-08-19,Closed,Expired,Street Space,SSP-26-05072,012Ps000005citCIAQ,Scaffolding,1684 FULTON  ST,2026-08-24,2026-09-24T07:00:16.000Z,2.0,2026-09-23,2026-08-24,Not Enforceable
,2026-08-19T16:36:05.000Z,2026-10-23,a10Ps00000SteKrIAJ,005Ps00000LEF6MIAX,2026-10-01T17:52:45.000Z,20.0,2026-10-24,2026-08-19,Active,Active,Street Space,SSP-26-05073,012Ps000005citCIAQ,Building maintenance,390 FAIR OAKS  ST,2026-08-24,2026-10-01T17:52:45.000Z,2.0,2026-10-23,2026-08-24,Enforceable
ALONSO SALAZAR MANUEL ANIBAL,2026-08-19T16:37:22.000Z,2027-02-23,a10Ps00000StekfIAB,005Ps00000LEF6MIAX,2026-09-08T16:02:58.000Z,25.0,2027-02-24,2026-08-19,Active,Active,Street Space,SSP-26-05074,012Ps000005citCIAQ,Street Space for loading and unloading material,2461 FRANCISCO  ST,2026-08-24,2026-09-08T16:02:58.000Z,3.0,2027-02-23,2026-08-24,Enforceable
TRUBIN MIKHAIL,2026-08-19T16:49:50.000Z,2026-09-23,a10Ps00000StiOTIAZ,0058b00000GAFCDAA5,2026-09-24T07:00:11.000Z,20.0,2026-09-24,2026-08-20,Closed,Expired,Street Space,SSP-26-05075,012Ps000005citCIAQ,DBI BPA - Construction Staging,843 14TH  ST,2026-08-24,2026-09-24T07:00:17.000Z,2.0,2026-09-23,2026-08-24,Not Enforceable
AMBER-TRU CONSTRUCTION INC,2026-08-19T17:11:45.000Z,2026-09-20,a10Ps00000StognIAB,0058b00000GAFCDAA5,2026-09-21T07:00:07.000Z,20.0,2026-09-21,2026-08-19,Closed,Expired,Street Space,SSP-26-05076,012Ps000005citCIAQ,DBI BPA - Construction Staging,244 16TH  AVE,2026-08-21,2026-09-21T07:00:15.000Z,2.0,2026-09-20,2026-08-21,Not Enforceable
LOCKARY JOSEPH,2026-08-19T17:41:57.000Z,2026-10-23,a10Ps00000StxP7IAJ,005Ps00000LEF6MIAX,2026-08-27T21:07:50.000Z,20.0,2026-10-24,2026-08-19,Active,Active,Street Space,SSP-26-05077,012Ps000005citCIAQ,DBI BPA - Construction Staging,734 10TH  AVE,2026-08-24,2026-08-27T21:07:50.000Z,2.0,2026-10-23,2026-08-24,Enforceable
NORCAL PAINTERS INCORPORATED,2026-08-19T18:12:31.000Z,2026-09-29,a10Ps00000Su6NZIAZ,0058b00000GAFCDAA5,2026-09-30T07:00:08.000Z,20.0,2026-09-30,2026-08-25,Closed,Expired,Street Space,SSP-26-05078,012Ps000005citCIAQ,Painting,223 DOLORES  ST,2026-08-31,2026-09-30T07:00:10.000Z,2.0,2026-09-29,2026-08-31,Not Enforceable
FOG CITY ROOFING LLC,2026-08-19T18:17:24.000Z,2026-09-23,a10Ps00000Su7Y9IAJ,0058b00000GAFCDAA5,2026-09-24T07:00:11.000Z,20.0,2026-09-24,,Closed,Expired,Street Space,SSP-26-05079,012Ps000005citCIAQ,Reroofing,2656 VAN NESS  AVE,2026-08-24,2026-09-24T07:00:17.000Z,2.0,2026-09-23,2026-08-24,Not Enforceable
NORCAL PAINTERS INCORPORATED,2026-08-19T18:19:12.000Z,2026-09-29,a10Ps00000Su7xxIAB,0058b00000GAFCDAA5,2026-09-30T07:00:08.000Z,20.0,2026-09-30,2026-08-25,Closed,Expired,Street Space,SSP-26-05080,012Ps000005citCIAQ,Painting,61 PROSPECT  AVE,2026-08-31,2026-09-30T07:00:10.000Z,2.0,2026-09-29,2026-08-31,Not Enforceable
OCONAIRE CONSTRUCTION INC,2026-08-19T18:19:47.000Z,2026-09-24,a10Ps00000StlmDIAR,0058b00000GAFCDAA5,2026-09-25T07:00:05.000Z,20.0,2026-09-25,2026-08-19,Closed,Expired,Street Space,SSP-26-05081,012Ps000005citCIAQ,DBI BPA - Construction Staging,4026 ULLOA  ST,2026-08-25,2026-09-25T07:00:06.000Z,2.0,2026-09-24,2026-08-25,Not Enforceable
CONOR FORDE PAINTING,2026-08-19T18:21:25.000Z,2026-09-29,a10Ps00000Su8XRIAZ,0058b00000GAFCDAA5,2026-09-30T07:00:08.000Z,15.0,2026-09-30,2026-08-19,Closed,Expired,Street Space,SSP-26-05082,012Ps000005citCIAQ,Painting / Scaffolding,461 CHENERY  ST,2026-08-31,2026-09-30T07:00:10.000Z,2.0,2026-09-29,2026-08-31,Not Enforceable
FORMA CONSTRUCTION INC,2026-08-19T18:27:20.000Z,2026-11-24,a10Ps00000Su9lFIAR,005Ps00000IzXSvIAN,2026-08-27T23:16:33.000Z,40.0,2026-11-25,2026-08-19,Active,Active,Street Space,SSP-26-05083,012Ps000005citCIAQ,Painting,30 PRESIDIO  AVE,2026-08-25,2026-08-27T23:16:33.000Z,3.0,2026-11-24,2026-08-25,Enforceable
NORCAL PAINTERS INCORPORATED,2026-08-19T18:28:16.000Z,2026-09-29,a10Ps00000SuA4bIAF,0058b00000GAFCDAA5,2026-09-30T07:00:08.000Z,20.0,2026-09-30,2026-08-25,Closed,Expired,Street Space,SSP-26-05084,012Ps000005citCIAQ,Scaffolding / Painting,286 LIBERTY  ST,2026-08-31,2026-09-30T07:00:10.000Z,2.0,2026-09-29,2026-08-31,Not Enforceable
S F A-1 ROOFING & MAINT CO INC,2026-08-19T18:28:24.000Z,2026-09-23,a10Ps00000SuA7pIAF,0058b00000GAFCDAA5,2026-09-24T07:00:11.000Z,20.0,2026-09-24,2026-08-19,Closed,Expired,Street Space,SSP-26-05085,012Ps000005citCIAQ,Reroofing,1490 SACRAMENTO  ST,2026-08-24,2026-09-24T07:00:17.000Z,2.0,2026-09-23,2026-08-24,Not Enforceable
PEREZ CONSTRUCTION LLC,2026-08-19T18:28:58.000Z,2027-02-24,a10Ps00000SuAJ7IAN,005Ps00000IzXSvIAN,2026-08-31T16:30:36.000Z,20.0,2027-02-25,2026-08-19,Active,Active,Street Space,SSP-26-05086,012Ps000005citCIAQ,parking,282 EUREKA  ST,2026-08-25,2026-08-31T16:30:36.000Z,2.0,2027-02-24,2026-08-25,Enforceable
EHJ CONSTRUCTION INC,2026-08-19T18:37:12.000Z,2026-09-24,a10Ps00000SuC4nIAF,0058b00000GAFCDAA5,2026-09-25T07:00:05.000Z,20.0,2026-09-25,2026-08-19,Closed,Expired,Street Space,SSP-26-05087,012Ps000005citCIAQ,Parking,1963 TAYLOR  ST,2026-08-25,2026-09-25T07:00:06.000Z,2.0,2026-09-24,2026-08-25,Not Enforceable
NORCAL PAINTERS INCORPORATED,2026-08-19T18:39:25.000Z,2026-09-29,a10Ps00000SuCftIAF,0058b00000GAFCDAA5,2026-09-30T07:00:08.000Z,20.0,2026-09-30,2026-08-25,Closed,Expired,Street Space,SSP-26-05088,012Ps000005citCIAQ,Painting,118 WELSH  ST,2026-08-31,2026-09-30T07:00:10.000Z,2.0,2026-09-29,2026-08-31,Not Enforceable
HILLHOUSE CONSTRUCTION CO INC,2026-08-19T18:42:15.000Z,2026-12-15,a10Ps00000SuDKDIA3,005Ps00000IzXSvIAN,2026-09-16T22:43:06.000Z,60.0,2026-12-16,2026-08-31,Final Review,Awaiting Applicant Info,Street Space,SSP-26-05089,012Ps000005citCIAQ,"Parking, loading and unloading of business materials and tools/equipment.",149 NEW MONTGOMERY  ST,2026-09-16,2026-09-16T22:43:06.000Z,4.0,2026-12-15,2026-09-16,Not Enforceable
NORCAL PAINTERS INCORPORATED,2026-08-19T18:47:08.000Z,2026-10-01,a10Ps00000SuEeTIAV,0058b00000GAFCDAA5,2026-10-02T07:00:14.000Z,20.0,2026-10-02,2026-08-25,Closed,Expired,Street Space,SSP-26-05090,012Ps000005citCIAQ,Painting,850 CORBETT  AVE,2026-09-02,2026-10-02T07:00:15.000Z,2.0,2026-10-01,2026-09-02,Not Enforceable
NORCAL PAINTERS INCORPORATED,2026-08-19T18:54:14.000Z,2026-09-29,a10Ps00000SuGbRIAV,0058b00000GAFCDAA5,2026-09-30T07:00:08.000Z,20.0,2026-09-30,2026-08-25,Closed,Expired,Street Space,SSP-26-05091,012Ps000005citCIAQ,Scaffolding,109 28TH  AVE,2026-08-31,2026-09-30T07:00:10.000Z,2.0,2026-09-29,2026-08-31,Not Enforceable
JON K TAKATA CORPORATION,2026-08-19T19:21:05.000Z,2026-09-23,a10Ps00000SuMvOIAV,0058b00000GAFCDAA5,2026-09-24T07:00:11.000Z,40.0,2026-09-24,2026-08-19,Closed,Expired,Street Space,SSP-26-05093,012Ps000005citCIAQ,Parking,535 STOCKTON  ST,2026-08-24,2026-09-24T07:00:17.000Z,3.0,2026-09-23,2026-08-24,Not Enforceable
BBC CONSTRUCTION INC,2026-08-19T19:25:55.000Z,2026-10-23,a10Ps00000SuHpIIAV,005Ps00000IzXSvIAN,2026-08-20T18:51:42.000Z,20.0,2026-10-24,2026-08-19,Active,Active,Street Space,SSP-26-05094,012Ps000005citCIAQ,Park truck to remove debris,1832 BRODERICK  ST,2026-08-24,2026-08-20T18:51:42.000Z,2.0,2026-10-23,2026-08-24,Enforceable
BARRETT KARBER BUILTLLC,2026-08-19T19:40:47.000Z,2027-01-22,a10Ps00000SuQyzIAF,0058b00000GAFCDAA5,2026-08-24T19:26:50.000Z,34.0,2027-01-23,2026-08-24,Tow Sign Photo,Awaiting Applicant Info,Street Space,SSP-26-05095,012Ps000005citCIAQ,Debris Box and Porta-potty,85 05TH  AVE,2026-08-23,2026-08-24T19:27:50.000Z,3.0,2027-01-22,2026-08-23,Not Enforceable
FOG CITY ROOFING LLC,2026-08-19T20:19:35.000Z,2026-09-23,a10Ps00000SuaDZIAZ,0058b00000GAFCDAA5,2026-09-24T07:00:11.000Z,20.0,2026-09-24,2026-08-19,Closed,Expired,Street Space,SSP-26-05096,012Ps000005citCIAQ,Provide parking for company vehicles throughout the duration of the work.,2656 VAN NESS  AVE,2026-08-24,2026-09-24T07:00:17.000Z,2.0,2026-09-23,2026-08-24,Not Enforceable
KEYVAN MEHRABADI,2026-08-19T20:38:27.000Z,2026-10-07,a10Ps00000Sudg5IAB,0058b00000GAFCDAA5,2026-09-01T19:29:00.000Z,20.0,2026-10-08,2026-09-01,Tow Sign Photo,Pending,Street Space,SSP-26-05097,012Ps000005citCIAQ,construction truck parking,978 UNION  ST,2026-09-08,2026-10-02T07:30:03.000Z,2.0,2026-10-07,2026-09-08,Not Enforceable
"CLEARY PLASTERING, INC",2026-08-19T21:09:52.000Z,2026-09-23,a10Ps00000SujGrIAJ,0058b00000GAFCDAA5,2026-09-24T07:00:11.000Z,25.0,2026-09-24,2026-08-20,Closed,Expired,Street Space,SSP-26-05098,012Ps000005citCIAQ,DBI BPA - Construction Staging,1453 06TH  AVE,2026-08-24,2026-09-24T07:00:18.000Z,3.0,2026-09-23,2026-08-24,Not Enforceable
BUILDING EFFICIENCY INC,2026-08-19T22:04:28.000Z,2026-09-23,a10Ps00000Sut9lIAB,0058b00000GAFCDAA5,2026-09-24T07:00:11.000Z,20.0,2026-09-24,2026-08-20,Closed,Expired,Street Space,SSP-26-05102,012Ps000005citCIAQ,HVAC installation van to occupy space during permit hours,2035 LYON  ST,2026-08-24,2026-09-24T07:00:18.000Z,2.0,2026-09-23,2026-08-24,Not Enforceable
MR ROOFING INC,2026-08-19T22:23:21.000Z,2026-09-25,a10Ps00000SuwXRIAZ,0058b00000GAFCDAA5,2026-09-26T07:00:09.000Z,20.0,2026-09-26,2026-08-19,Closed,Expired,Street Space,SSP-26-05104,012Ps000005citCIAQ,Reroofing,231 NEY  ST,2026-08-26,2026-09-26T07:00:11.000Z,2.0,2026-09-25,2026-08-26,Not Enforceable
YK MASON & SONS INC,2026-08-19T22:53:55.000Z,2026-09-24,a10Ps00000Sv1KGIAZ,0058b00000GAFCDAA5,2026-09-25T07:00:05.000Z,40.0,2026-09-25,2026-08-20,Closed,Expired,Street Space,SSP-26-05106,012Ps000005citCIAQ,Scaffolding in front and parking spaces in front.  40' feet.  Need both no-parking signs and placard.,66 CORWIN  ST,2026-08-25,2026-09-25T07:00:06.000Z,3.0,2026-09-24,2026-08-25,Not Enforceable
LAPJE ROOFING INC,2026-08-19T23:37:45.000Z,2026-09-23,a10Ps00000Sv6lJIAR,0058b00000GAFCDAA5,2026-09-24T07:00:11.000Z,20.0,2026-09-24,2026-08-20,Closed,Expired,Street Space,SSP-26-05107,012Ps000005citCIAQ,Unloading of roofing materials,1296 29TH  AVE,2026-08-24,2026-09-24T07:00:19.000Z,2.0,2026-09-23,2026-08-24,Not Enforceable
K&H CONSTRUCTION DEVELOPMENT INC,2026-08-20T00:01:13.000Z,2026-09-23,a10Ps00000Sv9KzIAJ,0058b00000GAFCDAA5,2026-09-24T07:00:11.000Z,20.0,2026-09-24,2026-08-20,Closed,Expired,Street Space,SSP-26-05108,012Ps000005citCIAQ,Debris Box & Parking,2510 36TH  AVE,2026-08-24,2026-09-24T07:00:20.000Z,2.0,2026-09-23,2026-08-24,Not Enforceable
ABNER DANIEL GUTIERREZ MUNOZ,2026-08-20T00:04:02.000Z,2026-09-23,a10Ps00000Sv9b7IAB,0058b00000GAFCDAA5,2026-09-24T07:00:11.000Z,20.0,2026-09-24,2026-08-20,Closed,Expired,Street Space,SSP-26-05109,012Ps000005citCIAQ,loading/unloading of materials and staging of equipment,1531 41ST  AVE,2026-08-24,2026-09-24T07:00:20.000Z,2.0,2026-09-23,2026-08-24,Not Enforceable
KENNY JINGYI LI,2026-08-20T00:12:46.000Z,2026-09-24,a10Ps00000Sv1iRIAR,0058b00000GAFCDAA5,2026-09-25T07:00:05.000Z,20.0,2026-09-25,2026-08-20,Closed,Expired,Street Space,SSP-26-05110,012Ps000005citCIAQ,Scaffolding,112 LOS PALMOS  DR,2026-08-25,2026-09-25T07:00:07.000Z,2.0,2026-09-24,2026-08-25,Not Enforceable
MANUEL RIVERA GARDUNO,2026-08-20T00:42:51.000Z,2026-09-23,a10Ps00000SvDDJIA3,0058b00000GAFCDAA5,2026-09-24T07:00:11.000Z,30.0,2026-09-24,2026-08-20,Closed,Expired,Street Space,SSP-26-05111,012Ps000005citCIAQ,Erecting scaffolding to paint front of the building,2325 WASHINGTON  ST,2026-08-24,2026-09-24T07:00:20.000Z,3.0,2026-09-23,2026-08-24,Not Enforceable
SANTA FE SCAFFOLD,2026-08-20T01:17:56.000Z,2026-09-23,a10Ps00000SvG6LIAV,0058b00000GAFCDAA5,2026-09-24T07:00:11.000Z,20.0,2026-09-24,2026-08-20,Closed,Expired,Street Space,SSP-26-05112,012Ps000005citCIAQ,scaffold,2715 SCOTT  ST,2026-08-24,2026-09-24T07:00:20.000Z,2.0,2026-09-23,2026-08-24,Not Enforceable
ESCOBAR PRO PAINTING CORP,2026-08-20T03:38:13.000Z,2026-09-24,a10Ps00000SvQs5IAF,0058b00000GAFCDAA5,2026-09-29T07:00:20.000Z,75.0,2026-09-25,,Closed,Expired,Street Space,SSP-26-05113,012Ps000005citCIAQ,70,154 SANCHEZ  ST,2026-08-25,2026-09-29T07:00:22.000Z,7.0,2026-09-24,2026-08-25,Not Enforceable
PANTAZELOS PETER,2026-08-20T15:53:02.000Z,2026-09-24,a10Ps00000SxaowIAB,0058b00000GAFCDAA5,2026-09-25T07:00:05.000Z,77.0,2026-09-25,2026-08-24,Closed,Expired,Street Space,SSP-26-05114,012Ps000005citCIAQ,scaffold,2794 CALIFORNIA  ST,2026-08-25,2026-09-25T07:00:07.000Z,3.0,2026-09-24,2026-08-25,Not Enforceable
ESCOBAR PRO PAINTING CORP,2026-08-20T16:02:07.000Z,2026-10-24,a10Ps00000Sy6YfIAJ,005Ps00000Ix5nhIAB,2026-09-18T17:55:46.000Z,60.0,2026-10-25,2026-08-20,Tow Sign Photo,Awaiting Applicant Info,Street Space,SSP-26-05115,012Ps000005citCIAQ,scaffolding,154 SANCHEZ  ST,2026-09-25,2026-09-18T17:55:46.000Z,3.0,2026-10-24,2026-09-25,Not Enforceable
CCI COMMERCIAL CONTRUCTION & IMPROVEMENT INC,2026-08-20T16:05:10.000Z,2026-10-25,a10Ps00000Sy7cnIAB,0058b00000GAFCDAA5,2026-08-20T18:08:36.000Z,36.0,2026-10-26,2026-08-20,Tow Sign Photo,Awaiting Applicant Info,Street Space,SSP-26-05116,012Ps000005citCIAQ,To remove debris from Demo,50 GOLDEN GATE  AVE,2026-08-26,2026-08-20T18:08:36.000Z,3.0,2026-10-25,2026-08-26,Not Enforceable
MISSION HOME REMODELING,2026-08-20T16:33:04.000Z,2026-11-30,a10Ps00000SyGD3IAN,005Ps00000LEF6MIAX,2026-08-27T15:04:25.000Z,20.0,2026-12-01,2026-08-20,Active,Active,Street Space,SSP-26-05117,012Ps000005citCIAQ,parking and portapotty,1187 HAYES  ST,2026-09-01,2026-08-27T15:04:25.000Z,2.0,2026-11-30,2026-09-01,Enforceable
"PRIME CONSTRUCTION & RENOVATION, INC.",2026-08-20T16:52:44.000Z,2026-09-28,a10Ps00000SyJJ0IAN,0058b00000GAFCDAA5,2026-09-29T07:00:20.000Z,20.0,2026-09-29,2026-08-20,Closed,Expired,Street Space,SSP-26-05118,012Ps000005citCIAQ,Parking,2920 LYON  ST,2026-08-29,2026-09-29T07:00:22.000Z,2.0,2026-09-28,2026-08-29,Not Enforceable
PEACOCK CONSTRUCTION INC,2026-08-20T17:14:34.000Z,2027-02-28,a10Ps00000SyGhiIAF,005Ps00000IzXSvIAN,2026-09-02T19:38:03.000Z,100.0,2027-03-01,2026-08-27,Active,Active,Street Space,SSP-26-05119,012Ps000005citCIAQ,"Parking, loading and unloading of equipment",155 05TH  ST,2026-09-01,2026-09-02T19:38:03.000Z,6.0,2027-02-28,2026-09-01,Enforceable
ATLAS TR INC dba ATLAS GENERAL CONSTRUCTION,2026-08-20T17:29:03.000Z,2027-02-25,a10Ps00000SyWGDIA3,0058b00000GNxprAAD,2026-09-10T21:10:02.000Z,40.0,2027-02-26,2026-08-20,Tow Sign Photo,Awaiting Applicant Info,Street Space,SSP-26-05120,012Ps000005citCIAQ,Parking,101 NEW MONTGOMERY  ST,2026-08-26,2026-09-10T21:10:02.000Z,3.0,2027-02-25,2026-08-26,Not Enforceable
CHRISTOPHER'S CONSTRUCTION INC,2026-08-20T17:34:21.000Z,2026-10-31,a10Ps00000SyXaTIAV,0058b00000GAFCDAA5,2026-08-20T20:53:37.000Z,20.0,2026-11-01,2026-08-20,Tow Sign Photo,Awaiting Applicant Info,Street Space,SSP-26-05121,012Ps000005citCIAQ,"Placement of debris box, temporary construction materials staging, and contractor parking in support of renovation. No excavation within public right-of-way. Pedestrian access to remain clear and compliant.",8 HILL POINT  AVE,2026-09-01,2026-08-20T20:53:37.000Z,2.0,2026-10-31,2026-09-01,Not Enforceable
JEFF KING AND COMPANY INC,2026-08-20T18:14:18.000Z,2026-10-25,a10Ps00000SykhNIAR,005Ps00000LEF6MIAX,2026-09-15T15:10:17.000Z,20.0,2026-10-26,2026-08-20,Active,Active,Street Space,SSP-26-05122,012Ps000005citCIAQ,Portable Toilet/Hand Washing Station,2740 BRODERICK  ST,2026-08-26,2026-09-15T15:10:17.000Z,2.0,2026-10-25,2026-08-26,Enforceable
PAGANINI ELECTRIC CORP,2026-08-20T18:40:51.000Z,2026-09-27,a10Ps00000SyrkTIAR,0058b00000GAFCDAA5,2026-09-28T07:00:14.000Z,66.0,2026-09-28,2026-08-20,Closed,Expired,Street Space,SSP-26-05123,012Ps000005citCIAQ,A trailer containing a temporary generator staged at 30 Fremont Street to provide power to 50 Fremont Street due to an arc flash incident.,30 FREMONT  ST,2026-08-28,2026-09-28T07:00:14.000Z,4.0,2026-09-27,2026-08-28,Not Enforceable
MAGNITUDE BUILDERS INC,2026-08-20T18:55:46.000Z,2027-02-23,a10Ps00000Syph5IAB,0058b00000GAFCDAA5,2026-08-21T14:55:17.000Z,34.0,2027-02-24,2026-08-21,Tow Sign Photo,Awaiting Applicant Info,Street Space,SSP-26-05124,012Ps000005citCIAQ,Loading / unloading,2685 PACIFIC  AVE,2026-08-24,2026-08-21T14:55:17.000Z,3.0,2027-02-23,2026-08-24,Not Enforceable
GIL CONSTRUCTION & ASSOC INC,2026-08-20T18:58:34.000Z,2026-10-31,a10Ps00000SywLxIAJ,0058b00000GAFCDAA5,2026-08-20T19:02:04.000Z,40.0,2026-11-01,2026-08-20,Tow Sign Photo,Awaiting Applicant Info,Street Space,SSP-26-05125,012Ps000005citCIAQ,Company Vehicle Parking,1250 MONTGOMERY  ST,2026-09-01,2026-08-20T19:02:04.000Z,3.0,2026-10-31,2026-09-01,Not Enforceable
"ELITE PRECISION CONSTRUCTION, LLC",2026-08-20T19:19:27.000Z,2026-10-06,a10Ps00000Sz2PlIAJ,0058b00000GAFCDAA5,2026-09-02T22:41:50.000Z,25.0,2026-10-07,2026-09-02,Tow Sign Photo,Awaiting Applicant Info,Street Space,SSP-26-05126,012Ps000005citCIAQ,"Loading / Unloading Material, Staging Equipment, and two 40-yard dumpsters",3145 GEARY  BLVD,2026-09-07,2026-10-01T07:30:03.000Z,3.0,2026-10-06,2026-09-07,Not Enforceable
OZKR COMPANY,2026-08-20T19:34:03.000Z,2027-02-23,a10Ps00000Sz5fNIAR,005Ps00000IzXSvIAN,2026-08-21T18:12:44.000Z,27.0,2027-02-24,2026-08-20,Active,Active,Street Space,SSP-26-05127,012Ps000005citCIAQ,contractor parking,2231 TURK  BLVD,2026-08-24,2026-08-21T18:12:44.000Z,3.0,2027-02-23,2026-08-24,Enforceable
BAILEY GENERAL CONTRACTING CO INC,2026-08-20T19:35:29.000Z,2026-09-23,a10Ps00000Sz63ZIAR,0058b00000GAFCDAA5,2026-09-24T07:00:11.000Z,20.0,2026-09-24,2026-08-20,Closed,Expired,Street Space,SSP-26-05128,012Ps000005citCIAQ,Scaffolding,915 CENTRAL  AVE,2026-08-24,2026-09-24T07:00:21.000Z,2.0,2026-09-23,2026-08-24,Not Enforceable
MUELLER NICHOLLS INC,2026-08-20T20:28:01.000Z,2027-02-27,a10Ps00000SzIKrIAN,005Ps00000IzXSvIAN,2026-09-23T18:43:26.000Z,30.0,2027-02-28,2026-09-18,Active,Active,Street Space,SSP-26-05129,012Ps000005citCIAQ,DBI BPA - Construction Staging,2672 UNION  ST,2026-08-31,2026-09-23T18:43:26.000Z,3.0,2027-02-27,2026-08-31,Enforceable
TISELL BERIT,2026-08-20T20:30:26.000Z,2026-11-23,a10Ps00000SzIntIAF,005Ps00000LEF6MIAX,2026-08-26T23:36:22.000Z,40.0,2026-11-24,2026-08-21,Final Review,Awaiting Applicant Info,Street Space,SSP-26-05130,012Ps000005citCIAQ,DBI BPA - Construction Staging,1335 CLAY  ST,2026-08-24,2026-08-26T23:36:22.000Z,3.0,2026-11-23,2026-08-24,Not Enforceable
INSPIRED BUILDERS INC,2026-08-20T20:39:02.000Z,2026-10-23,a10Ps00000SzKRVIA3,0058b00000GAFCDAA5,2026-08-21T16:56:38.000Z,20.0,2026-10-24,2026-08-21,Tow Sign Photo,Awaiting Applicant Info,Street Space,SSP-26-05131,012Ps000005citCIAQ,DBI BPA - Construction Staging,1521 ANZA  ST,2026-08-24,2026-08-21T16:56:47.000Z,2.0,2026-10-23,2026-08-24,Not Enforceable
VIZCON CONSTRUCTION COMPANY INC,2026-08-20T21:10:25.000Z,2026-10-20,a10Ps00000SzQOrIAN,0058b00000GAFCDAA5,2026-08-20T21:25:29.000Z,20.0,2026-10-21,2026-08-20,Tow Sign Photo,Awaiting Applicant Info,Street Space,SSP-26-05133,012Ps000005citCIAQ,Painting,952 YORK  ST,2026-08-21,2026-08-20T21:25:29.000Z,2.0,2026-10-20,2026-08-21,Not Enforceable
PEAK GENERAL CONTRACTORS INC,2026-08-20T21:14:12.000Z,2026-09-25,a10Ps00000SzQyLIAV,0058b00000GAFCDAA5,2026-09-26T07:00:09.000Z,30.0,2026-09-26,2026-08-25,Closed,Expired,Street Space,SSP-26-05134,012Ps000005citCIAQ,Scaffolding for minor siding repair and pressure wash,735 UNION  ST,2026-08-26,2026-09-26T07:00:11.000Z,3.0,2026-09-25,2026-08-26,Not Enforceable
MENDEZ PROFESSIONAL PAINTING INC,2026-08-20T21:26:11.000Z,2026-09-23,a10Ps00000SzT6bIAF,0058b00000GAFCDAA5,2026-09-24T07:00:11.000Z,25.0,2026-09-24,2026-08-20,Closed,Expired,Street Space,SSP-26-05135,012Ps000005citCIAQ,painting,4165 CESAR CHAVEZ  ST,2026-08-24,2026-09-24T07:00:21.000Z,3.0,2026-09-23,2026-08-24,Not Enforceable
LEGEND DERRY PAINTING LLC.,2026-08-20T21:33:41.000Z,2026-10-30,a10Ps00000SzUFZIA3,005Ps00000LEF6MIAX,2026-09-01T18:09:03.000Z,20.0,2026-10-31,2026-08-28,Active,Active,Street Space,SSP-26-05136,012Ps000005citCIAQ,Scaffolding,2515 STEINER  ST,2026-08-31,2026-09-01T18:09:03.000Z,2.0,2026-10-30,2026-08-31,Enforceable
MATTHEW KELLY,2026-08-20T21:45:32.000Z,2026-09-30,a10Ps00000SzVwPIAV,0058b00000GAFCDAA5,2026-10-01T07:00:10.000Z,20.0,2026-10-01,2026-08-21,Closed,Expired,Street Space,SSP-26-05137,012Ps000005citCIAQ,DBI BPA - Construction Staging,1455 FILBERT  ST,2026-09-01,2026-10-01T07:00:12.000Z,2.0,2026-09-30,2026-09-01,Not Enforceable
MASTERFUL CONSTRUCTION INC,2026-08-20T21:52:57.000Z,2027-02-26,a10Ps00000SzXDRIA3,0058b00000GAFCDAA5,2026-08-20T22:54:56.000Z,25.0,2027-02-27,2026-08-20,Tow Sign Photo,Awaiting Applicant Info,Street Space,SSP-26-05138,012Ps000005citCIAQ,2,2262 PINE  ST,2026-08-27,2026-08-20T22:54:56.000Z,3.0,2027-02-26,2026-08-27,Not Enforceable
GELBER RAMIREZ,2026-08-20T21:58:15.000Z,2026-09-23,a10Ps00000SzRBGIA3,0058b00000GAFCDAA5,2026-09-24T07:00:11.000Z,20.0,2026-09-24,2026-08-21,Closed,Expired,Street Space,SSP-26-05139,012Ps000005citCIAQ,Vehicle parking,1535 CHESTNUT  ST,2026-08-24,2026-09-24T07:00:21.000Z,2.0,2026-09-23,2026-08-24,Not Enforceable
DOHERTY RESTORATION INC,2026-08-20T21:59:35.000Z,2026-10-25,a10Ps00000SzSosIAF,005Ps00000LEF6MIAX,2026-08-25T16:00:54.000Z,40.0,2026-10-26,2026-08-21,Active,Active,Street Space,SSP-26-05140,012Ps000005citCIAQ,DBI BPA – Construction Staging,1455 UNDERWOOD  AVE,2026-08-26,2026-08-25T16:00:54.000Z,3.0,2026-10-25,2026-08-26,Enforceable
,2026-08-20T22:03:02.000Z,2027-03-07,a10Ps00000SzYsfIAF,0058b00000GAFCDAA5,2026-08-20T22:42:42.000Z,20.0,2027-03-08,2026-08-20,Tow Sign Photo,Awaiting Applicant Info,Street Space,SSP-26-05141,012Ps000005citCIAQ,construction related use,2080 MCALLISTER  ST,2026-09-08,2026-08-20T22:42:42.000Z,2.0,2027-03-07,2026-09-08,Not Enforceable
"ARRIS BUILD GROUP, INC.",2026-08-20T22:15:11.000Z,2026-10-27,a10Ps00000SzaJNIAZ,005Ps00000IzXSvIAN,2026-08-24T20:10:31.000Z,20.0,2026-10-28,2026-08-21,Active,Active,Street Space,SSP-26-05142,012Ps000005citCIAQ,Parking,2230 MISSION  ST,2026-08-28,2026-08-24T20:10:31.000Z,2.0,2026-10-27,2026-08-28,Enforceable
TOM LEE ROOFING INC,2026-08-20T22:40:33.000Z,2026-10-20,a10Ps00000SzdFdIAJ,005Ps00000LEF6MIAX,2026-09-16T18:55:22.000Z,20.0,2026-10-21,2026-08-21,Active,Active,Street Space,SSP-26-05143,012Ps000005citCIAQ,reroofing,500 JEFFERSON  ST,2026-09-21,2026-09-16T18:55:22.000Z,2.0,2026-10-20,2026-09-21,Enforceable
"ARRIS BUILD GROUP, INC.",2026-08-20T22:56:39.000Z,2026-10-27,a10Ps00000Szf2vIAB,0058b00000GAFCDAA5,2026-08-21T19:01:47.000Z,20.0,2026-10-28,2026-08-21,Tow Sign Photo,Awaiting Applicant Info,Street Space,SSP-26-05144,012Ps000005citCIAQ,Parking,1120 JACKSON  ST,2026-08-28,2026-08-21T19:01:47.000Z,2.0,2026-10-27,2026-08-28,Not Enforceable
YK MASON & SONS INC,2026-08-20T23:05:06.000Z,2026-09-29,a10Ps00000SzfqvIAB,0058b00000GAFCDAA5,2026-09-30T07:00:08.000Z,68.0,2026-09-30,2026-08-21,Closed,Expired,Street Space,SSP-26-05145,012Ps000005citCIAQ,Scaffolding in front and parking spaces in front also.  Need no-parking signs and placard.,1715 WEBSTER  ST,2026-08-31,2026-09-30T07:00:11.000Z,5.0,2026-09-29,2026-08-31,Not Enforceable
MODAMAS PAINTING AND RESTORATION INC,2026-08-20T23:33:17.000Z,2026-09-24,a10Ps00000SzjHpIAJ,0058b00000GAFCDAA5,2026-09-25T07:00:05.000Z,20.0,2026-09-25,2026-08-21,Closed,Expired,Street Space,SSP-26-05146,012Ps000005citCIAQ,Repainting building,280 FREDERICK  ST,2026-08-25,2026-09-25T07:00:07.000Z,2.0,2026-09-24,2026-08-25,Not Enforceable
YK MASON & SONS INC,2026-08-21T00:12:34.000Z,2026-09-30,a10Ps00000Szo6DIAR,0058b00000GAFCDAA5,2026-10-01T07:00:10.000Z,20.0,2026-10-01,2026-08-21,Closed,Expired,Street Space,SSP-26-05147,012Ps000005citCIAQ,Scaffolding and parking space in front.  Need no-parking signs and placard.,2740 GOLDEN GATE  AVE,2026-09-01,2026-10-01T07:00:12.000Z,2.0,2026-09-30,2026-09-01,Not Enforceable
PIONEER CONSTRUCTION REMODELING,2026-08-21T05:29:48.000Z,2026-11-23,a10Ps00000T0BCTIA3,0058b00000GAFCDAA5,2026-08-26T17:28:52.000Z,20.0,2026-11-24,2026-08-26,Tow Sign Photo,Awaiting Applicant Info,Street Space,SSP-26-05148,012Ps000005citCIAQ,loading/unloading of materials and staging of equipment. Park my car during work hours,2507 42ND  AVE,2026-08-24,2026-08-26T17:30:04.000Z,2.0,2026-11-23,2026-08-24,Not Enforceable
EXCELSIOR ROOFING INC,2026-08-21T12:59:03.000Z,2026-09-25,a10Ps00000T2V2DIAV,0058b00000GAFCDAA5,2026-09-26T07:00:09.000Z,20.0,2026-09-26,2026-08-21,Closed,Expired,Street Space,SSP-26-05149,012Ps000005citCIAQ,Loading/unloading of materials.,2706 40TH  AVE,2026-08-26,2026-09-26T07:00:11.000Z,2.0,2026-09-25,2026-08-26,Not Enforceable
CURRENT CONSTRUCTION,2026-08-21T15:56:39.000Z,2026-10-24,a10Ps00000T3INuIAN,005Ps00000LEF6MIAX,2026-09-01T18:12:54.000Z,26.0,2026-10-25,2026-08-21,Active,Active,Street Space,SSP-26-05150,012Ps000005citCIAQ,"Staging of equipment, loading / unloading of materials",466 ELIZABETH  ST,2026-08-25,2026-09-01T18:12:54.000Z,3.0,2026-10-24,2026-08-25,Enforceable
RESCOM REALTY AND DEVELOPMENT LLC,2026-08-21T16:14:06.000Z,2026-09-24,a10Ps00000T3DWIIA3,0058b00000GAFCDAA5,2026-09-25T07:00:05.000Z,20.0,2026-09-25,2026-08-24,Closed,Expired,Street Space,SSP-26-05151,012Ps000005citCIAQ,scaffolding,1160 HOWARD  ST,2026-08-25,2026-09-25T07:00:08.000Z,2.0,2026-09-24,2026-08-25,Not Enforceable
IDAN COHEN,2026-08-21T16:50:10.000Z,2026-10-24,a10Ps00000T3XtBIAV,0058b00000GAFCDAA5,2026-08-21T18:25:18.000Z,20.0,2026-10-25,2026-08-21,Tow Sign Photo,Awaiting Applicant Info,Street Space,SSP-26-05152,012Ps000005citCIAQ,Parking,1463 PACIFIC  AVE,2026-08-25,2026-08-21T18:25:18.000Z,2.0,2026-10-24,2026-08-25,Not Enforceable
HOUSEWORKS ENTERPRISES INC,2026-08-21T17:20:08.000Z,2026-10-23,a10Ps00000T3fE1IAJ,005Ps00000LEF6MIAX,2026-09-22T18:31:51.000Z,20.0,2026-10-24,2026-08-21,Active,Active,Street Space,SSP-26-05153,012Ps000005citCIAQ,Portable toilet and vehicle loading/unloading,3107 WASHINGTON  ST,2026-08-24,2026-09-22T18:31:51.000Z,2.0,2026-10-23,2026-08-24,Enforceable
TAYLOR FORD DESIGN INC,2026-08-21T17:21:14.000Z,2026-09-24,a10Ps00000T3fYzIAJ,0058b00000GAFCDAA5,2026-09-25T07:00:05.000Z,40.0,2026-09-25,2026-08-21,Closed,Expired,Street Space,SSP-26-05154,012Ps000005citCIAQ,Workers & Debris removal parking,737 LAKE  ST,2026-08-25,2026-09-25T07:00:08.000Z,3.0,2026-09-24,2026-08-25,Not Enforceable
O'SHEA CO. HOME GROWN CONSTRUCTION LLC,2026-08-21T17:46:14.000Z,2026-10-24,a10Ps00000T3lg1IAB,0058b00000GAFCDAA5,2026-08-21T18:33:32.000Z,20.0,2026-10-25,2026-08-21,Tow Sign Photo,Awaiting Applicant Info,Street Space,SSP-26-05155,012Ps000005citCIAQ,Building Permit - Construction Staging,2143 26TH  AVE,2026-08-25,2026-08-21T18:33:32.000Z,2.0,2026-10-24,2026-08-25,Not Enforceable
CLAYTON TIMBRELL & CO,2026-08-21T17:54:58.000Z,2026-11-08,a10Ps00000T3noHIAR,0058b00000GAFCDAA5,2026-08-28T19:22:21.000Z,30.0,2026-11-09,2026-08-28,Tow Sign Photo,Awaiting Applicant Info,Street Space,SSP-26-05156,012Ps000005citCIAQ,loading/unloading of materials and staging of equipment,1060 FRANCISCO  ST,2026-09-09,2026-08-28T19:22:32.000Z,3.0,2026-11-08,2026-09-09,Not Enforceable
MR LI SCAFFOLD CO INC,2026-08-21T17:59:27.000Z,2026-09-26,a10Ps00000T3oXRIAZ,0058b00000GAFCDAA5,2026-09-27T07:00:10.000Z,20.0,2026-09-27,2026-08-21,Closed,Expired,Street Space,SSP-26-05157,012Ps000005citCIAQ,Scaffolding and parking,1129 JUDAH  ST,2026-08-27,2026-09-27T07:00:12.000Z,2.0,2026-09-26,2026-08-27,Not Enforceable
MR LI SCAFFOLD CO INC,2026-08-21T18:10:59.000Z,2026-09-26,a10Ps00000T3r77IAB,0058b00000GAFCDAA5,2026-09-27T07:00:10.000Z,40.0,2026-09-27,2026-08-21,Closed,Expired,Street Space,SSP-26-05158,012Ps000005citCIAQ,Scaffolding and parking,3155 GEARY  BLVD,2026-08-27,2026-09-27T07:00:12.000Z,4.0,2026-09-26,2026-08-27,Not Enforceable
MR ROOFING INC,2026-08-21T18:30:07.000Z,2026-09-24,a10Ps00000T3ZqAIAV,0058b00000GAFCDAA5,2026-09-25T07:00:05.000Z,20.0,2026-09-25,2026-08-21,Closed,Expired,Street Space,SSP-26-05159,012Ps000005citCIAQ,park work trucks and dump for garbage,86 CRAGMONT  AVE,2026-08-25,2026-09-25T07:00:08.000Z,2.0,2026-09-24,2026-08-25,Not Enforceable
MR ROOFING INC,2026-08-21T19:12:29.000Z,2026-09-24,a10Ps00000T45V3IAJ,0058b00000GAFCDAA5,2026-09-25T07:00:05.000Z,20.0,2026-09-25,2026-08-24,Closed,Expired,Street Space,SSP-26-05160,012Ps000005citCIAQ,park work trucks with work tools,1772 CHURCH  ST,2026-08-25,2026-09-25T07:00:08.000Z,2.0,2026-09-24,2026-08-25,Not Enforceable
,2026-08-21T19:19:34.000Z,2026-09-26,a10Ps00000T46kTIAR,0058b00000GAFCDAA5,2026-09-27T07:00:10.000Z,20.0,2026-09-27,,Closed,Expired,Street Space,SSP-26-05161,012Ps000005citCIAQ,"Parking for trucks, space for loading and unloading equipment and tools",543 18TH  AVE,2026-08-27,2026-09-27T07:00:12.000Z,2.0,2026-09-26,2026-08-27,Not Enforceable
ELEMENTO BUILDERS INC.,2026-08-21T19:20:09.000Z,2026-11-24,a10Ps00000T46sXIAR,0058b00000GAFCDAA5,2026-08-21T19:53:25.000Z,20.0,2026-11-25,2026-08-21,Tow Sign Photo,Awaiting Applicant Info,Street Space,SSP-26-05162,012Ps000005citCIAQ,"Construction equipment access, waste bin and vehicles",441 BAKER  ST,2026-08-25,2026-08-21T19:53:25.000Z,2.0,2026-11-24,2026-08-25,Not Enforceable
D CONSTRUCTION INC,2026-08-21T20:05:06.000Z,2027-02-28,a10Ps00000T4GIPIA3,005Ps00000LEF6MIAX,2026-09-02T15:28:12.000Z,20.0,2027-03-01,2026-08-25,Active,Active,Street Space,SSP-26-05163,012Ps000005citCIAQ,Loading/Unloading of Material,212 TEXAS  ST,2026-09-01,2026-09-02T15:28:12.000Z,2.0,2027-02-28,2026-09-01,Enforceable
GRAND ROOFING INC,2026-08-21T20:27:28.000Z,2026-09-26,a10Ps00000T4LGTIA3,0058b00000GAFCDAA5,2026-09-27T07:00:10.000Z,20.0,2026-09-27,2026-08-21,Closed,Expired,Street Space,SSP-26-05164,012Ps000005citCIAQ,Construction Truck,3010 OCTAVIA  ST,2026-08-27,2026-09-27T07:00:12.000Z,2.0,2026-09-26,2026-08-27,Not Enforceable
TOM LEE ROOFING INC,2026-08-21T20:41:06.000Z,2026-10-20,a10Ps00000T4Na1IAF,0058b00000GAFCDAA5,2026-08-21T21:06:33.000Z,20.0,2026-10-21,2026-08-21,Tow Sign Photo,Awaiting Applicant Info,Street Space,SSP-26-05165,012Ps000005citCIAQ,reroofing,4384 24TH  ST,2026-09-21,2026-08-21T21:06:33.000Z,2.0,2026-10-20,2026-09-21,Not Enforceable
"ALL BAY SOLAR CONSTRUCTION, INC.",2026-08-21T20:51:54.000Z,2026-09-24,a10Ps00000T4Q01IAF,0058b00000GAFCDAA5,2026-09-25T07:00:05.000Z,20.0,2026-09-25,2026-08-21,Closed,Expired,Street Space,SSP-26-05166,012Ps000005citCIAQ,Park for our dump truck and construction trucks,2 GUERRERO  ST,2026-08-25,2026-09-25T07:00:09.000Z,2.0,2026-09-24,2026-08-25,Not Enforceable
GRIZZLY BUILDERS INC,2026-08-21T20:55:31.000Z,2026-10-22,a10Ps00000T4QhZIAV,0058b00000GAFCDAA5,2026-08-21T21:55:45.000Z,20.0,2026-10-23,2026-08-21,Tow Sign Photo,Awaiting Applicant Info,Street Space,SSP-26-05167,012Ps000005citCIAQ,Construction,258 CENTRAL  AVE,2026-08-23,2026-08-21T21:55:45.000Z,2.0,2026-10-22,2026-08-23,Not Enforceable
GRIZZLY BUILDERS INC,2026-08-21T21:02:15.000Z,2026-10-25,a10Ps00000T4Rs9IAF,0058b00000GAFCDAA5,2026-08-21T21:59:18.000Z,20.0,2026-10-26,2026-08-21,Tow Sign Photo,Awaiting Applicant Info,Street Space,SSP-26-05168,012Ps000005citCIAQ,Parking,248 CENTRAL  AVE,2026-08-26,2026-08-21T21:59:18.000Z,2.0,2026-10-25,2026-08-26,Not Enforceable
"SPNR BUILT, INC",2026-08-21T21:24:38.000Z,2027-02-24,a10Ps00000T4VcPIAV,0058b00000GAFCDAA5,2026-08-21T21:39:25.000Z,20.0,2027-02-25,2026-08-21,Tow Sign Photo,Awaiting Applicant Info,Street Space,SSP-26-05169,012Ps000005citCIAQ,"Pouring concrete, delivery of materials, scaffolding, etc.",2859 22ND  ST,2026-08-25,2026-08-21T21:39:25.000Z,2.0,2027-02-24,2026-08-25,Not Enforceable
WILLIAMS-SONOMA INC,2026-08-21T21:26:30.000Z,2026-10-25,a10Ps00000T4VnhIAF,0058b00000GAFCDAA5,2026-08-24T17:46:10.000Z,20.0,2026-10-26,2026-08-24,Tow Sign Photo,Awaiting Applicant Info,Street Space,SSP-26-05170,012Ps000005citCIAQ,20 yard debris container to be provided by Recology.,151 UNION  ST,2026-08-26,2026-08-24T17:46:50.000Z,2.0,2026-10-25,2026-08-26,Not Enforceable
O'SHEA CO. HOME GROWN CONSTRUCTION LLC,2026-08-21T21:55:09.000Z,2026-11-29,a10Ps00000T4ZJRIA3,005Ps00000LEF6MIAX,2026-09-01T18:09:53.000Z,20.0,2026-11-30,2026-08-24,Active,Active,Street Space,SSP-26-05171,012Ps000005citCIAQ,"Loading and unloading materials, staging equipment, pickups and dropoffs at jobsite.",1635 GROVE  ST,2026-08-31,2026-09-01T18:09:53.000Z,2.0,2026-11-29,2026-08-31,Enforceable
GREEN GROUP REMODELING,2026-08-21T22:23:53.000Z,2026-09-21,a10Ps00000T4cu1IAB,0058b00000GAFCDAA5,2026-09-22T07:00:10.000Z,20.0,2026-09-22,2026-08-21,Closed,Expired,Street Space,SSP-26-05172,012Ps000005citCIAQ,Reserved parking for construction crew,1915 21ST  AVE,2026-08-22,2026-09-22T07:00:11.000Z,2.0,2026-09-21,2026-08-22,Not Enforceable
TSANTES PAINTING A PARTNERSHIP,2026-08-21T22:58:47.000Z,2026-09-30,a10Ps00000T4iD3IAJ,0058b00000GAFCDAA5,2026-10-01T07:00:10.000Z,60.0,2026-10-01,2026-08-25,Closed,Expired,Street Space,SSP-26-05173,012Ps000005citCIAQ,Temporary placement of scaffolding to provide safe access for exterior painting of the building.,2150 BALBOA  ST,2026-09-01,2026-10-01T07:00:12.000Z,4.0,2026-09-30,2026-09-01,Not Enforceable
DAVID BUZZELL,2026-08-21T23:04:58.000Z,2026-09-30,a10Ps00000T4iszIAB,0058b00000GAFCDAA5,2026-10-01T07:00:10.000Z,20.0,2026-10-01,2026-08-21,Closed,Expired,Street Space,SSP-26-05174,012Ps000005citCIAQ,porta poty and parking,22 HILLWAY  AVE,2026-09-01,2026-10-01T07:00:12.000Z,2.0,2026-09-30,2026-09-01,Not Enforceable
YK MASON & SONS INC,2026-08-21T23:23:12.000Z,2026-09-25,a10Ps00000T4kbRIAR,0058b00000GAFCDAA5,2026-09-26T07:00:09.000Z,20.0,2026-09-26,2026-08-24,Closed,Expired,Street Space,SSP-26-05175,012Ps000005citCIAQ,Scaffolding,1661 BUSH  ST,2026-08-26,2026-09-26T07:00:11.000Z,2.0,2026-09-25,2026-08-26,Not Enforceable
"ALL BAY SOLAR CONSTRUCTION, INC.",2026-08-21T23:34:38.000Z,2026-09-24,a10Ps00000T4lm1IAB,0058b00000GAFCDAA5,2026-09-25T07:00:05.000Z,80.0,2026-09-25,2026-08-26,Closed,Expired,Street Space,SSP-26-05178,012Ps000005citCIAQ,Reroofing,2 GUERRERO  ST,2026-08-25,2026-09-25T07:00:09.000Z,5.0,2026-09-24,2026-08-25,Not Enforceable
DESIGN LINE CONSTRUCTION INC,2026-08-21T23:43:14.000Z,2026-09-25,a10Ps00000T4ma1IAB,0058b00000GAFCDAA5,2026-09-26T07:00:09.000Z,40.0,2026-09-26,2026-08-24,Closed,Expired,Street Space,SSP-26-05179,012Ps000005citCIAQ,Weatherproofing,81 05TH  AVE,2026-08-26,2026-09-26T07:00:12.000Z,3.0,2026-09-25,2026-08-26,Not Enforceable
RSB CONSTRUCTION GROUP INC,2026-08-22T18:20:36.000Z,2026-09-24,a10Ps00000T6RZVIA3,0058b00000GAFCDAA5,2026-09-25T07:00:05.000Z,60.0,2026-09-25,2026-08-24,Closed,Expired,Street Space,SSP-26-05180,012Ps000005citCIAQ,parking cars,500 BALBOA  ST,2026-08-25,2026-09-25T07:00:09.000Z,4.0,2026-09-24,2026-08-25,Not Enforceable
TABUDLO MELO,2026-08-23T02:49:17.000Z,2026-09-25,a10Ps00000T6xMTIAZ,0058b00000GAFCDAA5,2026-09-26T07:00:09.000Z,40.0,2026-09-26,2026-08-24,Closed,Expired,Street Space,SSP-26-05181,012Ps000005citCIAQ,Parking During Course of Construction,3690 18TH  ST,2026-08-26,2026-09-26T07:00:12.000Z,3.0,2026-09-25,2026-08-26,Not Enforceable
ORTIZ ARELLANO CESAR,2026-08-23T19:26:40.000Z,2027-01-03,a10Ps00000T7vP3IAJ,0058b00000GAFCDAA5,2026-08-24T21:59:27.000Z,27.0,2027-01-04,2026-08-24,Tow Sign Photo,Awaiting Applicant Info,Street Space,SSP-26-05182,012Ps000005citCIAQ,Parking and porta potty,1625 MCALLISTER  ST,2026-09-04,2026-08-24T22:00:07.000Z,3.0,2027-01-03,2026-09-04,Not Enforceable
CONOR FORDE PAINTING,2026-08-24T00:17:06.000Z,2026-09-30,a10Ps00000T89VHIAZ,0058b00000GAFCDAA5,2026-10-01T07:00:10.000Z,15.0,2026-10-01,2026-08-24,Closed,Expired,Street Space,SSP-26-05184,012Ps000005citCIAQ,Scaffolding / Painting,461 CHENERY  ST,2026-09-01,2026-10-01T07:00:12.000Z,2.0,2026-09-30,2026-09-01,Not Enforceable
WORSFOLD TODD A,2026-08-24T01:15:09.000Z,2026-09-26,a10Ps00000T8EczIAF,0058b00000GAFCDAA5,2026-09-27T07:00:10.000Z,20.0,2026-09-27,2026-08-24,Closed,Expired,Street Space,SSP-26-05185,012Ps000005citCIAQ,Painting,1526 REVERE  AVE,2026-08-27,2026-09-27T07:00:13.000Z,2.0,2026-09-26,2026-08-27,Not Enforceable
JAMES M STEERE,2026-08-24T01:29:22.000Z,2026-10-26,a10Ps00000T8FfVIAV,005Ps00000IzXSvIAN,2026-08-25T02:55:03.000Z,40.0,2026-10-27,2026-08-24,Active,Active,Street Space,SSP-26-05186,012Ps000005citCIAQ,Scaffolding,228 DUNCAN  ST,2026-08-27,2026-08-25T02:55:03.000Z,3.0,2026-10-26,2026-08-27,Enforceable
CRAVEN MICHAEL D,2026-08-24T01:38:41.000Z,2026-10-01,a10Ps00000T8AL4IAN,0058b00000GAFCDAA5,2026-10-02T07:00:14.000Z,25.0,2026-10-02,2026-08-24,Closed,Expired,Street Space,SSP-26-05187,012Ps000005citCIAQ,Scaffolding / Painting,656 FUNSTON  AVE,2026-09-02,2026-10-02T07:00:15.000Z,3.0,2026-10-01,2026-09-02,Not Enforceable
,2026-08-24T07:30:58.000Z,2026-09-27,a10Ps00000T8hLgIAJ,0058b00000GAFCDAA5,2026-09-28T07:00:16.000Z,20.0,2026-09-28,2026-08-26,Closed,Expired,Street Space,SSP-26-05190,012Ps000005citCIAQ,Landscaping,977 OAK  ST,2026-08-28,2026-09-28T07:00:17.000Z,2.0,2026-09-27,2026-08-28,Not Enforceable
"SF BUILDERS, INC",2026-08-24T14:10:47.000Z,2027-02-27,a10Ps00000TALldIAH,005Ps00000LEF6MIAX,2026-08-26T19:40:25.000Z,20.0,2027-02-28,2026-08-24,Active,Active,Street Space,SSP-26-05191,012Ps000005citCIAQ,Building Permit - Construction Staging,459 27TH  AVE,2026-08-28,2026-08-26T19:40:25.000Z,2.0,2027-02-27,2026-08-28,Enforceable
NORCAL PAINTERS INCORPORATED,2026-08-24T14:31:27.000Z,2026-09-29,a10Ps00000TA57OIAT,0058b00000GAFCDAA5,2026-09-30T07:00:08.000Z,20.0,2026-09-30,2026-08-25,Closed,Expired,Street Space,SSP-26-05192,012Ps000005citCIAQ,Painting,55 SANCHEZ  ST,2026-08-31,2026-09-30T07:00:12.000Z,2.0,2026-09-29,2026-08-31,Not Enforceable
A.V CONSTRUCTION SERVICES INC.,2026-08-24T15:57:41.000Z,2026-10-27,a10Ps00000TAwrdIAD,005Ps00000IzXSvIAN,2026-09-14T17:32:01.000Z,20.0,2026-10-28,2026-08-24,Active,Active,Street Space,SSP-26-05193,012Ps000005citCIAQ,Parking,476 LOMBARD  ST,2026-08-28,2026-09-14T17:32:01.000Z,2.0,2026-10-27,2026-08-28,Enforceable
EXCELSIOR ROOFING INC,2026-08-24T16:16:32.000Z,2026-09-27,a10Ps00000TB2XFIA1,0058b00000GAFCDAA5,2026-09-28T07:00:16.000Z,20.0,2026-09-28,2026-08-24,Closed,Expired,Street Space,SSP-26-05194,012Ps000005citCIAQ,Reroofing,213 CLIPPER  ST,2026-08-28,2026-09-28T07:00:17.000Z,2.0,2026-09-27,2026-08-28,Not Enforceable
"CHRISTOPHER GATE CONSTRUCTION, INC",2026-08-24T16:23:16.000Z,2026-09-26,a10Ps00000TB0DiIAL,0058b00000GAFCDAA5,2026-09-27T07:00:10.000Z,20.0,2026-09-27,2026-08-24,Closed,Expired,Street Space,SSP-26-05195,012Ps000005citCIAQ,Contractor parking and debris box,1326 05TH  AVE,2026-08-27,2026-09-27T07:00:13.000Z,2.0,2026-09-26,2026-08-27,Not Enforceable
HOLLAND BROOKS BUILDERS INC,2026-08-24T16:34:22.000Z,2026-10-27,a10Ps00000TB7zxIAD,005Ps00000IzXSvIAN,2026-09-15T21:42:27.000Z,60.0,2026-10-28,2026-08-24,Active,Active,Street Space,SSP-26-05196,012Ps000005citCIAQ,Building Permit - Construction Staging,3649 18TH  ST,2026-08-28,2026-09-15T21:42:27.000Z,4.0,2026-10-27,2026-08-28,Enforceable
MISSION HOME REMODELING,2026-08-24T16:55:59.000Z,2026-10-27,a10Ps00000TBGGrIAP,0058b00000GAFCDAA5,2026-08-24T17:04:09.000Z,20.0,2026-10-28,2026-08-24,Tow Sign Photo,Awaiting Applicant Info,Street Space,SSP-26-05197,012Ps000005citCIAQ,20,2930 LAGUNA  ST,2026-08-28,2026-08-24T17:04:09.000Z,2.0,2026-10-27,2026-08-28,Not Enforceable
NOR-CAL SCAFFOLDING INC,2026-08-24T16:58:32.000Z,2026-09-25,a10Ps00000TBGtZIAX,0058b00000GAFCDAA5,2026-09-26T07:00:09.000Z,130.0,2026-09-26,2026-08-26,Closed,Expired,Street Space,SSP-26-05198,012Ps000005citCIAQ,Scaffolding,800 CHESTNUT  ST,2026-08-26,2026-09-26T07:00:12.000Z,9.0,2026-09-25,2026-08-26,Not Enforceable
DE BRUS MAOLCHOLM,2026-08-24T17:13:04.000Z,2026-10-28,a10Ps00000TBKvZIAX,0058b00000GAFCDAA5,2026-08-24T17:18:13.000Z,25.0,2026-10-29,2026-08-24,Tow Sign Photo,Awaiting Applicant Info,Street Space,SSP-26-05199,012Ps000005citCIAQ,loading and unloading equipment and material to job site,711 HAMPSHIRE  ST,2026-08-29,2026-08-24T17:18:13.000Z,3.0,2026-10-28,2026-08-29,Not Enforceable
"MARRIOTT OWNERSHIP RESORTS, INC",2026-08-24T17:22:29.000Z,2026-09-30,a10Ps00000TBNLZIA5,0058b00000GAFCDAA5,2026-10-01T07:00:10.000Z,50.0,2026-10-01,2026-08-28,Closed,Expired,Street Space,SSP-26-05200,012Ps000005citCIAQ,Debris Box,590 BAY  ST,2026-09-01,2026-10-01T07:00:12.000Z,4.0,2026-09-30,2026-09-01,Not Enforceable
JRG ROOFING INC,2026-08-24T17:34:06.000Z,2026-09-27,a10Ps00000TBVxRIAX,0058b00000GAFCDAA5,2026-09-28T07:00:16.000Z,20.0,2026-09-28,2026-08-24,Closed,Expired,Street Space,SSP-26-05201,012Ps000005citCIAQ,Reroofing,2620 CLEMENT  ST,2026-08-28,2026-09-28T07:00:18.000Z,2.0,2026-09-27,2026-08-28,Not Enforceable
JRG ROOFING INC,2026-08-24T17:38:18.000Z,2026-09-27,a10Ps00000TBX6PIAX,0058b00000GAFCDAA5,2026-09-28T07:00:16.000Z,20.0,2026-09-28,2026-08-24,Closed,Expired,Street Space,SSP-26-05202,012Ps000005citCIAQ,Reroofing,1859 44TH  AVE,2026-08-28,2026-09-28T07:00:18.000Z,2.0,2026-09-27,2026-08-28,Not Enforceable
FAHERTY CONSTRUCTION INC,2026-08-24T17:52:46.000Z,2026-12-27,a10Ps00000TBb1xIAD,005Ps00000IzXSvIAN,2026-09-16T16:38:12.000Z,52.0,2026-12-28,2026-08-24,Active,Active,Street Space,SSP-26-05203,012Ps000005citCIAQ,construction parking,1960 VALLEJO  ST,2026-08-28,2026-09-16T16:38:12.000Z,4.0,2026-12-27,2026-08-28,Enforceable
STROUB CONSTRUCTION INC.,2026-08-24T17:55:19.000Z,2027-02-27,a10Ps00000TBbpxIAD,005Ps00000IxBTKIA3,2026-10-02T18:13:50.000Z,30.0,2027-02-28,2026-08-24,Active,Active,Street Space,SSP-26-05204,012Ps000005citCIAQ,Building Permit - Construction Staging,250 LAUREL  ST,2026-08-31,2026-10-02T18:13:50.000Z,3.0,2027-02-27,2026-08-31,Enforceable
GUZMAN CONSTRUCTION GROUP,2026-08-24T18:03:32.000Z,2027-03-12,a10Ps00000TBe9VIAT,005Ps00000LEF6MIAX,2026-09-14T21:38:05.000Z,80.0,2027-03-13,2026-08-31,Active,Active,Street Space,SSP-26-05205,012Ps000005citCIAQ,BPA- Construction Staging,1501 SUNNYDALE  AVE,2026-09-13,2026-09-14T21:38:05.000Z,5.0,2027-03-12,2026-09-13,Enforceable
IMPERIA CORP,2026-08-24T18:07:56.000Z,2026-09-27,a10Ps00000TBfITIA1,0058b00000GAFCDAA5,2026-09-28T07:00:16.000Z,20.0,2026-09-28,2026-08-24,Closed,Expired,Street Space,SSP-26-05206,012Ps000005citCIAQ,Reroofing,3943 19TH  ST,2026-08-28,2026-09-28T07:00:18.000Z,2.0,2026-09-27,2026-08-28,Not Enforceable
"LEVEL 8 CONSTRUCTION, INC.",2026-08-24T18:46:00.000Z,2026-09-29,a10Ps00000TBpOHIA1,0058b00000GAFCDAA5,2026-09-30T07:00:08.000Z,20.0,2026-09-30,2026-08-24,Closed,Expired,Street Space,SSP-26-05207,012Ps000005citCIAQ,Building Permit - Construction Staging,3678 18TH  ST,2026-08-30,2026-09-30T07:00:10.000Z,2.0,2026-09-29,2026-08-30,Not Enforceable
TERRY CARPENTER,2026-08-24T18:50:30.000Z,2026-09-24,a10Ps00000TBRp2IAH,0058b00000GAFCDAA5,2026-09-25T07:00:05.000Z,30.0,2026-09-25,2026-08-24,Closed,Expired,Street Space,SSP-26-05208,012Ps000005citCIAQ,Construction parking,251 SAN JOSE  AVE,2026-08-25,2026-09-25T07:00:10.000Z,3.0,2026-09-24,2026-08-25,Not Enforceable
NORTH BAY CONSTRUCTION,2026-08-24T19:44:03.000Z,2026-12-27,a10Ps00000TCAEDIA5,005Ps00000LEF6MIAX,2026-09-15T15:05:25.000Z,20.0,2026-12-28,2026-08-27,Final Review,Awaiting Applicant Info,Street Space,SSP-26-05209,012Ps000005citCIAQ,Building Permit - Construction Staging,460 BUSH  ST,2026-08-28,2026-09-15T15:05:25.000Z,2.0,2026-12-27,2026-08-28,Not Enforceable
THE TOBONI GROUP LLC,2026-08-24T19:46:54.000Z,2026-09-29,a10Ps00000TBehQIAT,0058b00000GAFCDAA5,2026-09-30T07:00:08.000Z,25.0,2026-09-30,2026-08-24,Closed,Expired,Street Space,SSP-26-05211,012Ps000005citCIAQ,Building Maintenance,3385 JACKSON  ST,2026-08-31,2026-09-30T07:00:10.000Z,3.0,2026-09-29,2026-08-31,Not Enforceable
O'DONOGHUE CONSTRUCTION INC,2026-08-24T20:27:22.000Z,2027-02-27,a10Ps00000TCKWvIAP,0058b00000GAFCDAA5,2026-08-24T22:03:18.000Z,20.0,2027-02-28,2026-08-24,Tow Sign Photo,Awaiting Applicant Info,Street Space,SSP-26-05212,012Ps000005citCIAQ,Building Permit - Construction Staging,4441 25TH  ST,2026-08-31,2026-08-24T22:03:18.000Z,2.0,2027-02-27,2026-08-31,Not Enforceable
TOM LEWIS RESTORATION & CONSUL,2026-08-24T20:29:20.000Z,2026-09-27,a10Ps00000TCKzxIAH,0058b00000GAFCDAA5,2026-09-28T07:00:16.000Z,250.0,2026-09-28,2026-08-24,Closed,Expired,Street Space,SSP-26-05213,012Ps000005citCIAQ,scaffolding,701 MONTGOMERY  ST,2026-08-28,2026-09-28T07:00:18.000Z,7.0,2026-09-27,2026-08-28,Not Enforceable
C & A PAINTING LLC,2026-08-24T20:39:40.000Z,2026-09-27,a10Ps00000TCMvJIAX,0058b00000GAFCDAA5,2026-09-28T07:00:16.000Z,25.0,2026-09-28,2026-08-25,Closed,Expired,Street Space,SSP-26-05214,012Ps000005citCIAQ,Building Permit - Construction Staging,1068A CLAY  ST,2026-08-28,2026-09-28T07:00:18.000Z,3.0,2026-09-27,2026-08-28,Not Enforceable
MICHELSEN BRYAN R,2026-08-24T20:41:30.000Z,2026-12-31,a10Ps00000TCNL7IAP,0058b00000GAFCDAA5,2026-08-24T21:30:57.000Z,30.0,2027-01-01,2026-08-24,Tow Sign Photo,Awaiting Applicant Info,Street Space,SSP-26-05215,012Ps000005citCIAQ,Building Permit - Construction Staging,2320 BROADWAY,2026-09-01,2026-08-24T21:30:57.000Z,3.0,2026-12-31,2026-09-01,Not Enforceable
BLEYLE ELEVATOR INC,2026-08-24T20:57:15.000Z,2026-11-29,a10Ps00000TCQajIAH,005Ps00000LEF6MIAX,2026-09-28T16:27:31.000Z,20.0,2026-11-30,2026-09-04,Active,Active,Street Space,SSP-26-05216,012Ps000005citCIAQ,Building Maintenance,1405 VAN NESS  AVE,2026-08-31,2026-09-28T16:27:31.000Z,4.0,2026-11-29,2026-08-31,Enforceable
HUNTER DALE BUILDERS INC.,2026-08-24T21:13:43.000Z,2027-03-18,a10Ps00000TCFgwIAH,0058b00000GAFCDAA5,2026-08-24T21:21:15.000Z,25.0,2027-03-19,2026-08-24,Tow Sign Photo,Awaiting Applicant Info,Street Space,SSP-26-05217,012Ps000005citCIAQ,Contractor parking,249 TEXAS  ST,2026-09-19,2026-08-24T21:21:15.000Z,3.0,2027-03-18,2026-09-19,Not Enforceable
,2026-08-24T21:25:03.000Z,2026-12-27,a10Ps00000TCW8HIAX,005Ps00000LEF6MIAX,2026-08-27T15:03:21.000Z,20.0,2026-12-28,2026-08-25,Active,Active,Street Space,SSP-26-05218,012Ps000005citCIAQ,DBI BPA - Construction Staging,28 ALLEN  ST,2026-08-28,2026-08-27T15:03:21.000Z,2.0,2026-12-27,2026-08-28,Enforceable
"PENINSULA IMPROVEMENTS, INC.",2026-08-24T21:38:54.000Z,2026-09-29,a10Ps00000TCcGvIAL,0058b00000GAFCDAA5,2026-09-30T07:00:08.000Z,20.0,2026-09-30,2026-08-24,Closed,Expired,Street Space,SSP-26-05219,012Ps000005citCIAQ,scaffolding for painting property,1490 JACKSON  ST,2026-08-31,2026-09-30T07:00:10.000Z,2.0,2026-09-29,2026-08-31,Not Enforceable
TOM LEE ROOFING INC,2026-08-24T21:58:07.000Z,2026-11-04,a10Ps00000TCiNxIAL,005Ps00000IxBTKIA3,2026-08-24T22:48:59.000Z,20.0,2026-11-05,2026-08-24,Tow Sign Photo,Awaiting Applicant Info,Street Space,SSP-26-05220,012Ps000005citCIAQ,reroofing,2207 CABRILLO  ST,2026-10-05,2026-08-24T22:48:59.000Z,2.0,2026-11-04,2026-10-05,Not Enforceable
BARRETT KARBER BUILTLLC,2026-08-24T22:11:18.000Z,2027-02-27,a10Ps00000TCkJJIA1,0058b00000GAFCDAA5,2026-08-24T22:58:10.000Z,20.0,2027-02-28,2026-08-24,Tow Sign Photo,Awaiting Applicant Info,Street Space,SSP-26-05222,012Ps000005citCIAQ,Building Permit - Construction Staging,2001 PACIFIC  AVE,2026-08-28,2026-08-24T22:58:10.000Z,2.0,2027-02-27,2026-08-28,Not Enforceable
GOLDEN HEIGHTS REMODELING INC,2026-08-24T22:15:58.000Z,2026-09-26,a10Ps00000TCfGQIA1,0058b00000GAFCDAA5,2026-09-27T07:00:10.000Z,20.0,2026-09-27,2026-08-24,Closed,Expired,Street Space,SSP-26-05223,012Ps000005citCIAQ,Reroofing,829 MOULTRIE  ST,2026-08-27,2026-09-27T07:00:13.000Z,2.0,2026-09-26,2026-08-27,Not Enforceable
"A2Z REMODELING, INC.",2026-08-24T22:28:17.000Z,2026-11-06,a10Ps00000TCmY1IAL,005Ps00000LEF6MIAX,2026-09-22T18:29:37.000Z,20.0,2026-11-07,2026-08-25,Active,Active,Street Space,SSP-26-05224,012Ps000005citCIAQ,Building Permit - Construction Staging,367 COLLINGWOOD  ST,2026-09-07,2026-09-22T18:29:37.000Z,2.0,2026-11-06,2026-09-07,Enforceable
ML GENERAL CONSTRUCTION,2026-08-24T22:39:55.000Z,2026-10-30,a10Ps00000TCjbmIAD,005Ps00000IzXSvIAN,2026-08-28T18:47:06.000Z,25.0,2026-10-31,2026-08-25,Active,Active,Street Space,SSP-26-05225,012Ps000005citCIAQ,Building Permit - Construction Staging,365 FREDERICK  ST,2026-08-31,2026-08-28T18:47:06.000Z,3.0,2026-10-30,2026-08-31,Enforceable
EVEREST WATERPROOFING,2026-08-24T22:44:41.000Z,2026-09-27,a10Ps00000TCotBIAT,0058b00000GAFCDAA5,2026-09-28T07:00:16.000Z,20.0,2026-09-28,2026-08-25,Closed,Expired,Street Space,SSP-26-05226,012Ps000005citCIAQ,Weatherproofing,1940 VALLEJO  ST,2026-08-28,2026-09-28T07:00:19.000Z,2.0,2026-09-27,2026-08-28,Not Enforceable
,2026-08-24T23:12:23.000Z,2026-09-26,a10Ps00000TCtBJIA1,0058b00000GAFCDAA5,2026-09-27T07:00:10.000Z,18.0,2026-09-27,2026-08-24,Closed,Expired,Street Space,SSP-26-05228,012Ps000005citCIAQ,reserve the parking space curb in front of my building so my licensed trades have guaranteed access to load tools and materials during active work days,1570 WALLER  ST,2026-08-27,2026-09-27T07:00:13.000Z,2.0,2026-09-26,2026-08-27,Not Enforceable
SAINT BRIDGET CONSTRUCTION,2026-08-24T23:16:07.000Z,2026-09-29,a10Ps00000TCtfxIAD,0058b00000GAFCDAA5,2026-09-30T07:00:08.000Z,20.0,2026-09-30,2026-08-24,Closed,Expired,Street Space,SSP-26-05229,012Ps000005citCIAQ,Landscaping,1727 25TH  AVE,2026-08-31,2026-09-30T07:00:10.000Z,2.0,2026-09-29,2026-08-31,Not Enforceable
DAMAR CONSTRN & REMODELG INC,2026-08-24T23:26:56.000Z,2027-02-27,a10Ps00000TCv53IAD,005Ps00000IzXSvIAN,2026-08-28T17:28:57.000Z,20.0,2027-02-28,2026-08-25,Active,Active,Street Space,SSP-26-05230,012Ps000005citCIAQ,construction parking,1522 11TH  AVE,2026-08-28,2026-08-28T17:28:57.000Z,2.0,2027-02-27,2026-08-28,Enforceable
YK MASON & SONS INC,2026-08-24T23:46:18.000Z,2026-10-20,a10Ps00000TCzYTIA1,0058b00000GAFCDAA5,2026-08-25T22:58:08.000Z,20.0,2026-10-21,2026-08-25,Tow Sign Photo,Awaiting Applicant Info,Street Space,SSP-26-05231,012Ps000005citCIAQ,Scaffolding and parking space in front.  Need no-parking signs and placard.,1840 SCOTT  ST,2026-09-21,2026-08-25T22:58:08.000Z,2.0,2026-10-20,2026-09-21,Not Enforceable
"REEB DESIGN & BUILD, INC",2026-08-25T14:21:19.000Z,2027-03-03,a10Ps00000TF5mfIAD,0058b00000GAFCDAA5,2026-08-25T15:41:00.000Z,20.0,2027-03-04,2026-08-25,Tow Sign Photo,Awaiting Applicant Info,Street Space,SSP-26-05232,012Ps000005citCIAQ,Construction Parking,49 HARTFORD  ST,2026-09-04,2026-08-25T15:41:00.000Z,2.0,2027-03-03,2026-09-04,Not Enforceable
"LEVEL 8 CONSTRUCTION, INC.",2026-08-25T15:05:27.000Z,2026-09-29,a10Ps00000TFLY5IAP,0058b00000GAFCDAA5,2026-09-30T07:00:08.000Z,20.0,2026-09-30,2026-08-25,Closed,Expired,Street Space,SSP-26-05233,012Ps000005citCIAQ,Building Permit - Construction Staging,24 JOHN  ST,2026-08-31,2026-09-30T07:00:10.000Z,2.0,2026-09-29,2026-08-31,Not Enforceable
SAINT BRIDGET CONSTRUCTION,2026-08-25T15:08:25.000Z,2026-09-28,a10Ps00000TFMYzIAP,0058b00000GAFCDAA5,2026-09-29T07:00:20.000Z,20.0,2026-09-29,2026-08-25,Closed,Expired,Street Space,SSP-26-05234,012Ps000005citCIAQ,Parking for trucks during landscaping,426 VICTORIA  ST,2026-08-29,2026-09-29T07:00:22.000Z,2.0,2026-09-28,2026-08-29,Not Enforceable
,2026-08-25T15:20:06.000Z,2026-10-30,a10Ps00000TFR0nIAH,0058b00000GAFCDAA5,2026-08-25T15:31:33.000Z,25.0,2026-10-31,2026-08-25,Tow Sign Photo,Awaiting Applicant Info,Street Space,SSP-26-05235,012Ps000005citCIAQ,Parking spot for contractor and subcontractors during interior remodel,568 05TH  AVE,2026-08-31,2026-08-25T15:31:33.000Z,3.0,2026-10-30,2026-08-31,Not Enforceable
CLIPPER CONSTRUCTION INC,2026-08-25T15:58:23.000Z,2026-10-07,a10Ps00000TFe1FIAT,005Ps00000IzXSvIAN,2026-09-04T16:06:09.000Z,20.0,2026-10-08,2026-08-26,Active,Active,Street Space,SSP-26-05236,012Ps000005citCIAQ,Loading/unloading materials/equipment. Removing debris.,3918 MISSION  ST,2026-09-08,2026-10-02T07:30:09.000Z,2.0,2026-10-07,2026-09-08,Enforceable
MAKE READY MAINTENANCE SERVICES INC,2026-08-25T16:00:39.000Z,2026-10-27,a10Ps00000TFexJIAT,0058b00000GAFCDAA5,2026-08-25T23:05:01.000Z,60.0,2026-10-28,2026-08-25,Tow Sign Photo,Awaiting Applicant Info,Street Space,SSP-26-05237,012Ps000005citCIAQ,street space,1060 BUSH  ST,2026-08-28,2026-08-25T23:05:01.000Z,4.0,2026-10-27,2026-08-28,Not Enforceable
EUGENE MURPHY,2026-08-25T16:14:34.000Z,2026-09-29,a10Ps00000TFjc1IAD,0058b00000GAFCDAA5,2026-09-30T07:00:08.000Z,20.0,2026-09-30,2026-08-25,Closed,Expired,Street Space,SSP-26-05238,012Ps000005citCIAQ,parking,1471 05TH  AVE,2026-08-31,2026-09-30T07:00:11.000Z,2.0,2026-09-29,2026-08-31,Not Enforceable
FORCE DEVELOPMENT COMPANY INC,2026-08-25T16:24:21.000Z,2026-11-29,a10Ps00000TFm8TIAT,0058b00000GAFCDAA5,2026-08-25T16:27:05.000Z,30.0,2026-11-30,2026-08-25,Tow Sign Photo,Awaiting Applicant Info,Street Space,SSP-26-05239,012Ps000005citCIAQ,Construction Site,326 27TH  ST,2026-08-31,2026-08-25T16:27:05.000Z,3.0,2026-11-29,2026-08-31,Not Enforceable
,2026-08-25T16:34:18.000Z,2026-09-26,a10Ps00000TFp37IAD,0058b00000GAFCDAA5,2026-09-27T07:00:10.000Z,20.0,2026-09-27,2026-08-26,Closed,Expired,Street Space,SSP-26-05240,012Ps000005citCIAQ,DBI BPA – Construction Staging,647 24TH  AVE,2026-08-27,2026-09-27T07:00:14.000Z,2.0,2026-09-26,2026-08-27,Not Enforceable
LOVE PAINTING PC,2026-08-25T16:38:21.000Z,2026-10-28,a10Ps00000TFq8rIAD,0058b00000GAFCDAA5,2026-09-01T18:11:31.000Z,75.0,2026-10-29,2026-09-01,Tow Sign Photo,Awaiting Applicant Info,Street Space,SSP-26-05241,012Ps000005citCIAQ,Scaffolding and exterior painting,2395 BRYANT  ST,2026-09-29,2026-09-01T18:14:58.000Z,7.0,2026-10-28,2026-09-29,Not Enforceable
CABRAL EVERARDO,2026-08-25T16:48:11.000Z,2026-09-29,a10Ps00000TFt9xIAD,0058b00000GAFCDAA5,2026-09-30T07:00:08.000Z,20.0,2026-09-30,2026-08-25,Closed,Expired,Street Space,SSP-26-05243,012Ps000005citCIAQ,Construction parking,44 MACONDRAY  LN,2026-08-31,2026-09-30T07:00:11.000Z,2.0,2026-09-29,2026-08-31,Not Enforceable
WE DO CONSTRUCTION INC,2026-08-25T16:51:40.000Z,2026-11-29,a10Ps00000TFpZQIA1,0058b00000GAFCDAA5,2026-08-25T18:10:50.000Z,20.0,2026-11-30,2026-08-25,Tow Sign Photo,Awaiting Applicant Info,Street Space,SSP-26-05244,012Ps000005citCIAQ,1 parking space.  ADS Permit required for any additional parking LF required.,53 HILL  ST,2026-08-31,2026-08-25T18:10:50.000Z,2.0,2026-11-29,2026-08-31,Not Enforceable
SF UNDERGROUND INC,2026-08-25T16:53:52.000Z,2026-09-27,a10Ps00000TFv25IAD,0058b00000GAFCDAA5,2026-09-28T07:00:16.000Z,120.0,2026-09-28,2026-08-25,Closed,Expired,Street Space,SSP-26-05245,012Ps000005citCIAQ,Street Improvements,2920 BROADWAY,2026-08-28,2026-09-28T07:00:19.000Z,8.0,2026-09-27,2026-08-28,Not Enforceable
RUDD MICHAEL D,2026-08-25T17:00:29.000Z,2026-11-01,a10Ps00000TFx0fIAD,005Ps00000IzXSvIAN,2026-08-27T23:15:33.000Z,10.0,2026-11-02,2026-08-25,Active,Active,Street Space,SSP-26-05246,012Ps000005citCIAQ,parking for construction vehicle,1256 LOMBARD  ST,2026-09-02,2026-08-27T23:15:33.000Z,2.0,2026-11-01,2026-09-02,Enforceable
LEMUS CONSTRUCTION CO,2026-08-25T17:00:43.000Z,2026-10-30,a10Ps00000TFx5VIAT,0058b00000GAFCDAA5,2026-08-25T18:13:28.000Z,20.0,2026-10-31,2026-08-25,Tow Sign Photo,Awaiting Applicant Info,Street Space,SSP-26-05247,012Ps000005citCIAQ,Parking,439 MYRA  WAY,2026-08-31,2026-08-25T18:13:28.000Z,2.0,2026-10-30,2026-08-31,Not Enforceable
NIMA CONSTRUCTION COMPANY,2026-08-25T17:11:05.000Z,2027-02-27,a10Ps00000TG01lIAD,0058b00000GAFCDAA5,2026-08-25T17:56:17.000Z,20.0,2027-02-28,2026-08-25,Tow Sign Photo,Awaiting Applicant Info,Street Space,SSP-26-05248,012Ps000005citCIAQ,Jobsite parking space occupancy,744 RHODE ISLAND  ST,2026-08-31,2026-08-25T17:56:17.000Z,2.0,2027-02-27,2026-08-31,Not Enforceable
WALKER ROBERT A,2026-08-25T17:23:47.000Z,2027-03-04,a10Ps00000TFrRYIA1,0058b00000GAFCDAA5,2026-08-25T17:28:49.000Z,40.0,2027-03-05,2026-08-25,Tow Sign Photo,Awaiting Applicant Info,Street Space,SSP-26-05249,012Ps000005citCIAQ,Parking for workers,2911 JACKSON  ST,2026-09-05,2026-08-25T17:28:49.000Z,3.0,2027-03-04,2026-09-05,Not Enforceable
ANDREW CHEKENE ENTERPRISES INC,2026-08-25T17:41:39.000Z,2026-10-02,a10Ps00000TG8k5IAD,0058b00000GAFCDAA5,2026-10-03T07:00:22.000Z,40.0,2026-10-03,2026-08-25,Closed,Expired,Street Space,SSP-26-05250,012Ps000005citCIAQ,Porta potty & debri box,2711 18TH  ST,2026-09-03,2026-10-03T07:00:27.000Z,3.0,2026-10-02,2026-09-03,Not Enforceable
CENTRAL ROOFING INC,2026-08-25T17:43:32.000Z,2026-09-30,a10Ps00000TG99tIAD,0058b00000GAFCDAA5,2026-10-01T07:00:11.000Z,20.0,2026-10-01,2026-08-25,Closed,Expired,Street Space,SSP-26-05251,012Ps000005citCIAQ,PARKING,462 HEARST  AVE,2026-09-01,2026-10-01T07:00:13.000Z,2.0,2026-09-30,2026-09-01,Not Enforceable
BAY BEST CONSTRUCTION,2026-08-25T17:55:02.000Z,2026-09-30,a10Ps00000TFiBKIA1,0058b00000GAFCDAA5,2026-10-01T07:00:10.000Z,20.0,2026-10-01,2026-08-25,Closed,Expired,Street Space,SSP-26-05252,012Ps000005citCIAQ,Park company truck to haul material and tools,1441 TAYLOR  ST,2026-09-01,2026-10-01T07:00:13.000Z,2.0,2026-09-30,2026-09-01,Not Enforceable
AMERICAN HOME RENEWAL INC,2026-08-25T18:16:22.000Z,2026-10-06,a10Ps00000TGS1FIAX,0058b00000GAFCDAA5,2026-08-25T20:37:10.000Z,20.0,2026-10-07,2026-08-25,Tow Sign Photo,Awaiting Applicant Info,Street Space,SSP-26-05253,012Ps000005citCIAQ,"Work truck, staging and delivery of materials",370G CHURCH  ST,2026-09-07,2026-10-01T07:30:14.000Z,2.0,2026-10-06,2026-09-07,Not Enforceable
,2026-08-25T18:36:52.000Z,2026-09-29,a10Ps00000TGf1hIAD,0058b00000GAFCDAA5,2026-09-30T07:00:08.000Z,20.0,2026-09-30,2026-08-25,Closed,Expired,Street Space,SSP-26-05254,012Ps000005citCIAQ,loading and unloading construction,462 HAIGHT  ST,2026-08-31,2026-09-30T07:00:11.000Z,2.0,2026-09-29,2026-08-31,Not Enforceable
KOBBAN BUILDERS,2026-08-25T19:12:50.000Z,2026-12-26,a10Ps00000TGsTZIA1,0058b00000GAFCDAA5,2026-08-25T19:17:47.000Z,20.0,2026-12-27,2026-08-25,Tow Sign Photo,Awaiting Applicant Info,Street Space,SSP-26-05256,012Ps000005citCIAQ,DBI BPA - Construction Staging,3976 25TH  ST,2026-08-27,2026-08-25T19:17:47.000Z,2.0,2026-12-26,2026-08-27,Not Enforceable
"A2Z REMODELING, INC.",2026-08-25T19:30:37.000Z,2026-12-04,a10Ps00000TGkpOIAT,005Ps00000LEF6MIAX,2026-09-09T16:44:43.000Z,25.0,2026-12-05,2026-08-25,Active,Active,Street Space,SSP-26-05257,012Ps000005citCIAQ,434 11th Ave only,434 11TH  AVE,2026-09-05,2026-09-09T16:44:43.000Z,3.0,2026-12-04,2026-09-05,Enforceable
JEFF KING AND COMPANY INC,2026-08-25T19:49:21.000Z,2027-02-27,a10Ps00000TH173IAD,005Ps00000LEF6MIAX,2026-09-15T21:06:07.000Z,40.0,2027-02-28,2026-09-04,Active,Active,Street Space,SSP-26-05258,012Ps000005citCIAQ,"portable toilet, hand washing station, loading/unloading",60 MCLAREN  AVE,2026-08-31,2026-09-15T21:06:07.000Z,3.0,2027-02-27,2026-08-31,Enforceable
JEFF KING AND COMPANY INC,2026-08-25T19:59:31.000Z,2026-10-31,a10Ps00000TH3f7IAD,005Ps00000IzXSvIAN,2026-08-28T17:33:51.000Z,20.0,2026-11-01,2026-08-25,Active,Active,Street Space,SSP-26-05259,012Ps000005citCIAQ,Portable toilet and hand washing station,150 24TH  AVE,2026-09-01,2026-08-28T17:33:51.000Z,2.0,2026-10-31,2026-09-01,Enforceable
NF CONSULTANT & DESIGN DBA TOGETHER HOME REMODELING,2026-08-25T20:15:17.000Z,2026-10-06,a10Ps00000TH7vdIAD,005Ps00000LEF6MIAX,2026-09-22T18:28:35.000Z,20.0,2026-10-07,2026-08-25,Active,Active,Street Space,SSP-26-05260,012Ps000005citCIAQ,Loading/unloading of materials and staging of equipment,4048 23RD  ST,2026-09-07,2026-10-01T07:30:15.000Z,2.0,2026-10-06,2026-09-07,Enforceable
1598 BAY CONDOMINIUM ASSOCIATION,2026-08-25T20:23:03.000Z,2026-09-29,a10Ps00000TGIEpIAP,0058b00000GAFCDAA5,2026-09-30T07:00:08.000Z,120.0,2026-09-30,2026-08-28,Closed,Expired,Street Space,SSP-26-05262,012Ps000005citCIAQ,Building Maintenance,1598 BAY  ST,2026-08-31,2026-09-30T07:00:11.000Z,7.0,2026-09-29,2026-08-31,Not Enforceable
KENNY JINGYI LI,2026-08-25T20:51:20.000Z,2026-09-28,a10Ps00000THGAvIAP,0058b00000GAFCDAA5,2026-09-29T07:00:20.000Z,20.0,2026-09-29,2026-08-25,Closed,Expired,Street Space,SSP-26-05263,012Ps000005citCIAQ,Scaffolding,275 23RD  AVE,2026-08-29,2026-09-29T07:00:24.000Z,2.0,2026-09-28,2026-08-29,Not Enforceable
KENNY JINGYI LI,2026-08-25T20:53:23.000Z,2026-09-28,a10Ps00000THGZ7IAP,0058b00000GAFCDAA5,2026-09-29T07:00:20.000Z,20.0,2026-09-29,2026-08-25,Closed,Expired,Street Space,SSP-26-05264,012Ps000005citCIAQ,Scaffolding,300 FELTON  ST,2026-08-29,2026-09-29T07:00:24.000Z,2.0,2026-09-28,2026-08-29,Not Enforceable
SURE ROOFING SYSTEMS INC,2026-08-25T21:17:33.000Z,2026-09-29,a10Ps00000THL49IAH,0058b00000GAFCDAA5,2026-09-30T07:00:08.000Z,20.0,2026-09-30,2026-08-25,Closed,Expired,Street Space,SSP-26-05265,012Ps000005citCIAQ,Parking for company vehicles,237 GRATTAN  ST,2026-08-31,2026-09-30T07:00:12.000Z,2.0,2026-09-29,2026-08-31,Not Enforceable
NEAL'S PAINTING COMPANY INC,2026-08-25T21:20:17.000Z,2026-09-29,a10Ps00000TH8OjIAL,0058b00000GAFCDAA5,2026-09-30T07:00:08.000Z,20.0,2026-09-30,2026-08-26,Closed,Expired,Street Space,SSP-26-05266,012Ps000005citCIAQ,Interior building maintenance,2847 UNION  ST,2026-08-31,2026-09-30T07:00:11.000Z,2.0,2026-09-29,2026-08-31,Not Enforceable
,2026-08-25T21:24:12.000Z,2026-10-01,a10Ps00000THM1pIAH,0058b00000GAFCDAA5,2026-10-02T07:00:14.000Z,20.0,2026-10-02,2026-08-25,Closed,Expired,Street Space,SSP-26-05267,012Ps000005citCIAQ,"debris boxes, worker's parking, staging",810 POTRERO  AVE,2026-09-02,2026-10-02T07:00:15.000Z,2.0,2026-10-01,2026-09-02,Not Enforceable
NF CONSULTANT & DESIGN DBA TOGETHER HOME REMODELING,2026-08-25T21:45:38.000Z,2026-09-29,a10Ps00000THQQPIA5,0058b00000GAFCDAA5,2026-09-30T07:00:08.000Z,20.0,2026-09-30,2026-08-25,Closed,Expired,Street Space,SSP-26-05268,012Ps000005citCIAQ,Loading/unloading of materials and staging of equipment,570 30TH  ST,2026-08-31,2026-09-30T07:00:12.000Z,2.0,2026-09-29,2026-08-31,Not Enforceable
EVEREST WATERPROOFING,2026-08-25T21:58:13.000Z,2026-09-30,a10Ps00000THUIjIAP,0058b00000GAFCDAA5,2026-10-01T07:00:11.000Z,20.0,2026-10-01,2026-08-25,Closed,Expired,Street Space,SSP-26-05269,012Ps000005citCIAQ,parking,1811 PIERCE  ST,2026-09-01,2026-10-01T07:00:13.000Z,2.0,2026-09-30,2026-09-01,Not Enforceable
EVEREST WATERPROOFING,2026-08-25T21:58:45.000Z,2026-09-30,a10Ps00000THUYrIAP,0058b00000GAFCDAA5,2026-10-01T07:00:11.000Z,60.0,2026-10-01,,Closed,Expired,Street Space,SSP-26-05270,012Ps000005citCIAQ,Weatherproofing,44 PAGE  ST,2026-09-01,2026-10-01T07:00:13.000Z,4.0,2026-09-30,2026-09-01,Not Enforceable
EVEREST WATERPROOFING,2026-08-25T21:59:34.000Z,2026-11-03,a10Ps00000THUiXIAX,0058b00000GAFCDAA5,2026-08-25T22:39:19.000Z,20.0,2026-11-04,2026-08-25,Tow Sign Photo,Awaiting Applicant Info,Street Space,SSP-26-05271,012Ps000005citCIAQ,Scaffolding / Weatherproofing,1020 UNION  ST,2026-09-04,2026-08-25T22:39:19.000Z,2.0,2026-11-03,2026-09-04,Not Enforceable
MISSION HOME REMODELING,2026-08-25T22:11:56.000Z,2026-10-28,a10Ps00000THWZ3IAP,0058b00000GAFCDAA5,2026-08-25T22:25:23.000Z,20.0,2026-10-29,2026-08-25,Tow Sign Photo,Awaiting Applicant Info,Street Space,SSP-26-05272,012Ps000005citCIAQ,20,2627 16TH  AVE,2026-08-29,2026-08-25T22:25:23.000Z,2.0,2026-10-28,2026-08-29,Not Enforceable
,2026-08-25T22:15:25.000Z,2027-03-05,a10Ps00000THXJpIAP,005Ps00000LEF6MIAX,2026-09-08T15:52:08.000Z,25.0,2027-03-06,2026-08-28,Active,Active,Street Space,SSP-26-05273,012Ps000005citCIAQ,Contractor/construction worker parking.,1350 06TH  AVE,2026-09-06,2026-09-08T15:52:08.000Z,3.0,2027-03-05,2026-09-06,Enforceable
MISSION HOME REMODELING,2026-08-25T22:18:17.000Z,2026-10-28,a10Ps00000THXlFIAX,0058b00000GAFCDAA5,2026-08-25T22:27:24.000Z,20.0,2026-10-29,2026-08-25,Tow Sign Photo,Awaiting Applicant Info,Street Space,SSP-26-05274,012Ps000005citCIAQ,parking,276 GRAND VIEW  AVE,2026-08-29,2026-08-25T22:27:24.000Z,2.0,2026-10-28,2026-08-29,Not Enforceable
EVEREST WATERPROOFING,2026-08-25T22:33:07.000Z,2026-09-30,a10Ps00000THa81IAD,0058b00000GAFCDAA5,2026-10-01T07:00:11.000Z,20.0,2026-10-01,2026-08-26,Closed,Expired,Street Space,SSP-26-05275,012Ps000005citCIAQ,Weatherproofing,44 PAGE  ST,2026-09-01,2026-10-01T07:00:14.000Z,2.0,2026-09-30,2026-09-01,Not Enforceable
EMPIRE PAINTING & CONSTRUCTION,2026-08-25T23:09:06.000Z,2026-09-29,a10Ps00000THfVtIAL,0058b00000GAFCDAA5,2026-09-30T07:00:08.000Z,120.0,2026-09-30,2026-08-26,Closed,Expired,Street Space,SSP-26-05276,012Ps000005citCIAQ,Construction parking,2075 SUTTER  ST,2026-08-31,2026-09-30T07:00:12.000Z,8.0,2026-09-29,2026-08-31,Not Enforceable
FAITHFUL FOOLS STREET MINISTRY,2026-08-25T23:37:00.000Z,2026-09-26,a10Ps00000THvyrIAD,0058b00000GAFCDAA5,2026-09-27T07:00:10.000Z,20.0,2026-09-27,2026-08-25,Closed,Expired,Street Space,SSP-26-05277,012Ps000005citCIAQ,Contractor's truck,222 HYDE  ST,2026-08-27,2026-09-27T07:00:14.000Z,2.0,2026-09-26,2026-08-27,Not Enforceable
TETELESTAI PAINTING CORPORATION,2026-08-26T02:02:52.000Z,2026-09-30,a10Ps00000TI7vBIAT,0058b00000GAFCDAA5,2026-10-01T07:00:11.000Z,34.0,2026-10-01,2026-08-27,Closed,Expired,Street Space,SSP-26-05279,012Ps000005citCIAQ,Painting,2031 POWELL  ST,2026-09-01,2026-10-01T07:00:14.000Z,3.0,2026-09-30,2026-09-01,Not Enforceable
"THE KDS GROUP II, INC.",2026-08-26T04:11:56.000Z,2026-09-30,a10Ps00000TIFmHIAX,0058b00000GAFCDAA5,2026-10-01T07:00:11.000Z,15.0,2026-10-01,2026-08-26,Closed,Expired,Street Space,SSP-26-05281,012Ps000005citCIAQ,Reroofing,484 CHENERY  ST,2026-09-01,2026-10-01T07:00:14.000Z,2.0,2026-09-30,2026-09-01,Not Enforceable
TSANTES PAINTING A PARTNERSHIP,2026-08-26T05:32:41.000Z,2026-10-05,a10Ps00000TIM7pIAH,005Ps00000IzXSvIAN,2026-09-09T23:33:46.000Z,50.0,2026-10-06,2026-09-08,Active,Active,Street Space,SSP-26-05282,012Ps000005citCIAQ,The scaffolding will be used to provide safe access for painting the exterior of the building.,2208 BAKER  ST,2026-09-06,2026-09-30T07:30:02.000Z,5.0,2026-10-05,2026-09-06,Enforceable
GH CONSTRUCTION INC,2026-08-26T06:19:19.000Z,2026-10-30,a10Ps00000TILACIA5,005Ps00000LEF6MIAX,2026-09-02T23:32:11.000Z,30.0,2026-10-31,2026-08-26,Active,Active,Street Space,SSP-26-05283,012Ps000005citCIAQ,DBI BPA - Construction Staging,488 CORBETT  AVE,2026-08-31,2026-09-02T23:32:11.000Z,3.0,2026-10-30,2026-08-31,Enforceable
,2026-08-26T14:50:28.000Z,2026-10-31,a10Ps00000TKCcDIAX,0058b00000GAFCDAA5,2026-08-26T14:58:51.000Z,60.0,2026-11-01,2026-08-26,Tow Sign Photo,Awaiting Applicant Info,Street Space,SSP-26-05285,012Ps000005citCIAQ,Trucks parking,3642 17TH  ST,2026-09-01,2026-08-26T14:58:51.000Z,5.0,2026-10-31,2026-09-01,Not Enforceable
CENTRAL ROOFING INC,2026-08-26T16:05:46.000Z,2026-09-29,a10Ps00000TKZKHIA5,0058b00000GAFCDAA5,2026-09-30T07:00:08.000Z,20.0,2026-09-30,2026-08-27,Closed,Expired,Street Space,SSP-26-05286,012Ps000005citCIAQ,Reroofing,414 VALLEJO  ST,2026-08-31,2026-09-30T07:00:12.000Z,2.0,2026-09-29,2026-08-31,Not Enforceable
URBAN WATERPROOFING INC,2026-08-26T16:16:13.000Z,2026-10-30,a10Ps00000TKScAIAX,005Ps00000LEF6MIAX,2026-08-31T23:47:08.000Z,225.0,2026-10-31,2026-08-31,Active,Active,Street Space,SSP-26-05287,012Ps000005citCIAQ,Scaffolding / Weatherproofing,375 BEALE  ST,2026-08-31,2026-08-31T23:47:08.000Z,11.0,2026-10-30,2026-08-31,Enforceable
GIL CONSTRUCTION & ASSOC INC,2026-08-26T16:52:20.000Z,2026-11-29,a10Ps00000TKlrhIAD,005Ps00000IzXSvIAN,2026-08-31T16:23:25.000Z,20.0,2026-11-30,2026-08-26,Active,Active,Street Space,SSP-26-05288,012Ps000005citCIAQ,DBI BPA - Construction Staging,3541 WASHINGTON  ST,2026-08-31,2026-08-31T16:23:25.000Z,2.0,2026-11-29,2026-08-31,Enforceable
ROBERTO VALDEZ,2026-08-26T16:55:13.000Z,2026-09-29,a10Ps00000TKme5IAD,0058b00000GAFCDAA5,2026-09-30T07:00:08.000Z,40.0,2026-09-30,2026-08-26,Closed,Expired,Street Space,SSP-26-05289,012Ps000005citCIAQ,sidewalk repair,10 OLYMPIA  WAY,2026-08-31,2026-09-30T07:00:12.000Z,3.0,2026-09-29,2026-08-31,Not Enforceable
,2026-08-26T17:01:00.000Z,2026-09-29,a10Ps00000TKo81IAD,0058b00000GAFCDAA5,2026-09-30T07:00:08.000Z,20.0,2026-09-30,2026-08-27,Closed,Expired,Street Space,SSP-26-05290,012Ps000005citCIAQ,DBI BPA - Construction Staging,945 MINNESOTA  ST,2026-08-31,2026-09-30T07:00:13.000Z,2.0,2026-09-29,2026-08-31,Not Enforceable
HOUSEWORKS ENTERPRISES INC,2026-08-26T17:08:21.000Z,2026-09-30,a10Ps00000TKq9pIAD,0058b00000GAFCDAA5,2026-10-01T07:00:11.000Z,20.0,2026-10-01,2026-08-26,Closed,Expired,Street Space,SSP-26-05291,012Ps000005citCIAQ,BPA - Construction Staging,428 GOLD MINE  DR,2026-09-01,2026-10-01T07:00:14.000Z,2.0,2026-09-30,2026-09-01,Not Enforceable
MCDONOUGH PATRICK,2026-08-26T17:31:12.000Z,2026-09-29,a10Ps00000TKw3xIAD,0058b00000GAFCDAA5,2026-09-30T07:00:08.000Z,80.0,2026-09-30,2026-08-26,Closed,Expired,Street Space,SSP-26-05292,012Ps000005citCIAQ,construction parking,3501 CLAY  ST,2026-08-31,2026-09-30T07:00:13.000Z,6.0,2026-09-29,2026-08-31,Not Enforceable
IGREENBUILDERS INC,2026-08-26T17:37:16.000Z,2027-02-27,a10Ps00000TKxXtIAL,0058b00000GAFCDAA5,2026-08-26T21:35:40.000Z,25.0,2027-02-28,2026-08-26,Tow Sign Photo,Awaiting Applicant Info,Street Space,SSP-26-05293,012Ps000005citCIAQ,DBI BPA - Construction Staging,1660 NORTH POINT  ST,2026-08-30,2026-08-26T21:35:40.000Z,3.0,2027-02-27,2026-08-30,Not Enforceable
MCGUINNESS MCCANN GROUP,2026-08-26T17:48:19.000Z,2026-10-31,a10Ps00000TKL62IAH,0058b00000GAFCDAA5,2026-08-26T17:52:30.000Z,20.0,2026-11-01,2026-08-26,Tow Sign Photo,Awaiting Applicant Info,Street Space,SSP-26-05294,012Ps000005citCIAQ,loading and unloading materials and staging of equipment,2030 FELL  ST,2026-09-01,2026-08-26T17:52:30.000Z,2.0,2026-10-31,2026-09-01,Not Enforceable
TAILWIND CONSTRUCTION INC,2026-08-26T18:03:48.000Z,2026-09-29,a10Ps00000TL4O5IAL,0058b00000GAFCDAA5,2026-09-30T07:00:08.000Z,20.0,2026-09-30,2026-08-26,Closed,Expired,Street Space,SSP-26-05295,012Ps000005citCIAQ,DBI BPA - Construction Staging,2945 25TH  AVE,2026-08-31,2026-09-30T07:00:13.000Z,2.0,2026-09-29,2026-08-31,Not Enforceable
,2026-08-26T19:16:15.000Z,2026-10-29,a10Ps00000TLSOnIAP,0058b00000GAFCDAA5,2026-08-26T21:59:10.000Z,25.0,2026-10-30,2026-08-26,Tow Sign Photo,Awaiting Applicant Info,Street Space,SSP-26-05296,012Ps000005citCIAQ,DBI BPA - Construction Staging,682 24TH  AVE,2026-08-30,2026-08-26T21:59:10.000Z,3.0,2026-10-29,2026-08-30,Not Enforceable
"DAARON BUILDERS, INC.",2026-08-26T19:20:54.000Z,2026-11-29,a10Ps00000TLTKrIAP,005Ps00000LEF6MIAX,2026-08-27T21:26:40.000Z,15.0,2026-11-30,2026-08-26,Active,Active,Street Space,SSP-26-05297,012Ps000005citCIAQ,DBI BPA - Construction Staging,619 CAYUGA  AVE,2026-08-31,2026-08-27T21:26:40.000Z,2.0,2026-11-29,2026-08-31,Enforceable
"MATAROZZI PELSINGER BUILDERS,  LLC",2026-08-26T19:36:09.000Z,2026-09-27,a10Ps00000TLWCHIA5,0058b00000GAFCDAA5,2026-09-28T07:00:16.000Z,40.0,2026-09-28,2026-08-26,Closed,Expired,Street Space,SSP-26-05298,012Ps000005citCIAQ,parking for construction,801 SANCHEZ  ST,2026-08-28,2026-09-28T07:00:19.000Z,3.0,2026-09-27,2026-08-28,Not Enforceable
BARTLEY NOEL P,2026-08-26T19:42:22.000Z,2026-09-30,a10Ps00000TLNliIAH,0058b00000GAFCDAA5,2026-10-01T07:00:11.000Z,20.0,2026-10-01,2026-08-26,Closed,Expired,Street Space,SSP-26-05299,012Ps000005citCIAQ,staging equipment,1480 10TH  AVE,2026-09-01,2026-10-01T07:00:15.000Z,2.0,2026-09-30,2026-09-01,Not Enforceable
CABRAL EVERARDO,2026-08-26T19:42:46.000Z,2026-09-30,a10Ps00000TLMOFIA5,0058b00000GAFCDAA5,2026-10-01T07:00:11.000Z,20.0,2026-10-01,2026-08-26,Closed,Expired,Street Space,SSP-26-05300,012Ps000005citCIAQ,scaffold and portable toilet,137 LUNDYS  LN,2026-09-01,2026-10-01T07:00:14.000Z,2.0,2026-09-30,2026-09-01,Not Enforceable
WILFRED HALL,2026-08-26T19:45:22.000Z,2026-12-31,a10Ps00000TLY1BIAX,0058b00000GAFCDAA5,2026-08-26T20:19:59.000Z,20.0,2027-01-01,2026-08-26,Tow Sign Photo,Awaiting Applicant Info,Street Space,SSP-26-05301,012Ps000005citCIAQ,contractor parking & Debris Box,3809 CESAR CHAVEZ  ST,2026-09-01,2026-08-26T20:19:59.000Z,2.0,2026-12-31,2026-09-01,Not Enforceable
NIMA CONSTRUCTION COMPANY,2026-08-26T19:49:17.000Z,2026-10-30,a10Ps00000TLZ25IAH,0058b00000GAFCDAA5,2026-08-31T17:30:25.000Z,20.0,2026-10-31,2026-08-31,Tow Sign Photo,Awaiting Applicant Info,Street Space,SSP-26-05302,012Ps000005citCIAQ,DBI BPA - Construction Staging,600 WISCONSIN  ST,2026-08-31,2026-08-31T17:30:51.000Z,2.0,2026-10-30,2026-08-31,Not Enforceable
HELEN Y CHEN,2026-08-26T19:58:00.000Z,2026-12-01,a10Ps00000TLaxRIAT,0058b00000GAFCDAA5,2026-08-26T20:21:59.000Z,20.0,2026-12-02,2026-08-26,Tow Sign Photo,Awaiting Applicant Info,Street Space,SSP-26-05303,012Ps000005citCIAQ,Contractor parking,663 SAN JOSE  AVE,2026-09-02,2026-08-26T20:21:59.000Z,2.0,2026-12-01,2026-09-02,Not Enforceable
JONATHAN J UMANZOR ABARCA,2026-08-26T19:58:23.000Z,2026-09-30,a10Ps00000TLDuQIAX,0058b00000GAFCDAA5,2026-10-01T07:00:11.000Z,114.0,2026-10-01,2026-08-26,Closed,Expired,Street Space,SSP-26-05304,012Ps000005citCIAQ,scaffolding,3600 CALIFORNIA  ST,2026-09-01,2026-10-01T07:00:14.000Z,9.0,2026-09-30,2026-09-01,Not Enforceable
"WELL MADE DESIGN, LLC",2026-08-26T19:58:29.000Z,2026-09-29,a10Ps00000TLb77IAD,0058b00000GAFCDAA5,2026-09-30T07:00:08.000Z,30.0,2026-09-30,2026-08-28,Closed,Expired,Street Space,SSP-26-05305,012Ps000005citCIAQ,Building Maintenance,40 LAIDLEY  ST,2026-08-31,2026-09-30T07:00:13.000Z,3.0,2026-09-29,2026-08-31,Not Enforceable
JONATHAN J UMANZOR ABARCA,2026-08-26T20:04:50.000Z,2026-09-30,a10Ps00000TLcUbIAL,0058b00000GAFCDAA5,2026-10-01T07:00:11.000Z,20.0,2026-10-01,2026-08-26,Closed,Expired,Street Space,SSP-26-05306,012Ps000005citCIAQ,SCAFFOLDING,469 FILBERT  ST,2026-09-01,2026-10-01T07:00:15.000Z,2.0,2026-09-30,2026-09-01,Not Enforceable
FAIR TRADE BUILDERS INC,2026-08-26T20:13:47.000Z,2026-10-29,a10Ps00000TLePxIAL,0058b00000GAFCDAA5,2026-08-27T03:45:47.000Z,25.0,2026-10-30,2026-08-26,Tow Sign Photo,Awaiting Applicant Info,Street Space,SSP-26-05307,012Ps000005citCIAQ,DBI BPA - Construction Staging,326 BOCANA  ST,2026-08-30,2026-08-27T03:45:47.000Z,3.0,2026-10-29,2026-08-30,Not Enforceable
NORTH BAY CONSTRUCTION,2026-08-26T20:27:00.000Z,2027-03-01,a10Ps00000TLN92IAH,005Ps00000LEF6MIAX,2026-09-14T23:02:53.000Z,20.0,2027-03-02,2026-08-27,Final Review,Awaiting Applicant Info,Street Space,SSP-26-05308,012Ps000005citCIAQ,DBI BPA - Construction Staging,1532 DIAMOND  ST,2026-09-02,2026-09-14T23:02:53.000Z,2.0,2027-03-01,2026-09-02,Not Enforceable
BLOCK12 CONSTRUCTION,2026-08-26T20:35:31.000Z,2027-03-01,a10Ps00000TLSdKIAX,005Ps00000IzXSvIAN,2026-09-02T18:26:01.000Z,60.0,2027-03-02,2026-08-31,Active,Active,Street Space,SSP-26-05309,012Ps000005citCIAQ,unload materials and subcontractor parking,1460 GOLDEN GATE  AVE,2026-09-02,2026-09-02T18:26:01.000Z,4.0,2027-03-01,2026-09-02,Enforceable
DE BRUS MAOLCHOLM,2026-08-26T20:39:50.000Z,2026-11-29,a10Ps00000TLk2LIAT,005Ps00000IzXSvIAN,2026-09-11T22:28:41.000Z,20.0,2026-11-30,2026-08-26,Final Review,Awaiting Applicant Info,Street Space,SSP-26-05310,012Ps000005citCIAQ,DBI BPA - Construction Staging,1499 UNION  ST,2026-08-31,2026-09-11T22:28:41.000Z,2.0,2026-11-29,2026-08-31,Not Enforceable
PLANART CONSTRUCTION CORPORATON,2026-08-26T21:20:04.000Z,2027-03-01,a10Ps00000TLs37IAD,0058b00000GAFCDAA5,2026-08-27T00:50:35.000Z,20.0,2027-03-02,2026-08-26,Tow Sign Photo,Awaiting Applicant Info,Street Space,SSP-26-05311,012Ps000005citCIAQ,DBI BPA - Construction Staging,624 46TH  AVE,2026-09-02,2026-08-27T00:50:35.000Z,2.0,2027-03-01,2026-09-02,Not Enforceable
BIRMINGHAM BUILDERS INC,2026-08-26T22:32:12.000Z,2026-11-30,a10Ps00000TM4U5IAL,005Ps00000LEF6MIAX,2026-09-11T16:26:09.000Z,40.0,2026-12-01,2026-08-27,Active,Active,Street Space,SSP-26-05312,012Ps000005citCIAQ,DBI BPA - Construction Staging,1349 LARKIN  ST,2026-09-01,2026-09-11T16:26:09.000Z,3.0,2026-11-30,2026-09-01,Enforceable
REUBEN JUNIUS & ROSE LLP,2026-08-26T22:33:11.000Z,2027-01-06,a10Ps00000TM4fNIAT,005Ps00000IzXSvIAN,2026-09-23T17:16:40.000Z,30.0,2027-01-07,2026-08-27,Active,Active,Street Space,SSP-26-05313,012Ps000005citCIAQ,DBI BPA - Construction Staging,1921 SACRAMENTO  ST,2026-09-07,2026-09-23T17:16:40.000Z,3.0,2027-01-06,2026-09-07,Enforceable
MB JESSEE INC,2026-08-26T22:44:31.000Z,2026-10-01,a10Ps00000TM6cLIAT,0058b00000GAFCDAA5,2026-10-02T07:00:15.000Z,90.0,2026-10-02,2026-08-31,Closed,Expired,Street Space,SSP-26-05314,012Ps000005citCIAQ,Scaffolding,1085 VAN NESS  AVE,2026-09-02,2026-10-02T07:00:16.000Z,6.0,2026-10-01,2026-09-02,Not Enforceable
KREKOW JENNINGS INC,2026-08-26T23:23:57.000Z,2027-02-27,a10Ps00000TMC1pIAH,005Ps00000LEF6MIAX,2026-09-04T19:10:01.000Z,40.0,2027-02-28,2026-08-27,Active,Active,Street Space,SSP-26-05315,012Ps000005citCIAQ,Construction Activities,201 BUENA VISTA EAST AVE,2026-08-31,2026-09-04T19:10:01.000Z,3.0,2027-02-27,2026-08-31,Enforceable
YK MASON & SONS INC,2026-08-26T23:31:23.000Z,2026-10-15,a10Ps00000TMAGAIA5,005Ps00000IxBTKIA3,2026-08-31T17:42:11.000Z,20.0,2026-10-16,2026-08-31,Tow Sign Photo,Pending,Street Space,SSP-26-05316,012Ps000005citCIAQ,Front scaffolding and parking space in front.  Need both no-parking signs and placard.,1250 SACRAMENTO  ST,2026-09-16,2026-08-31T17:42:11.000Z,2.0,2026-10-15,2026-09-16,Not Enforceable
YK MASON & SONS INC,2026-08-26T23:40:31.000Z,2026-10-08,a10Ps00000TMDtxIAH,005Ps00000IxBTKIA3,2026-08-31T17:32:31.000Z,20.0,2026-10-09,2026-08-31,Tow Sign Photo,Pending,Street Space,SSP-26-05317,012Ps000005citCIAQ,Scaffolding on the side but need parking space in front.   Need both no-parking signs and placard.,65 BUENA VISTA  TER,2026-09-09,2026-10-03T07:30:04.000Z,2.0,2026-10-08,2026-09-09,Not Enforceable
YK MASON & SONS INC,2026-08-26T23:58:43.000Z,2026-10-09,a10Ps00000TM9wqIAD,0058b00000GAFCDAA5,2026-08-27T20:01:12.000Z,60.0,2026-10-10,2026-08-27,Tow Sign Photo,Awaiting Applicant Info,Street Space,SSP-26-05319,012Ps000005citCIAQ,Scaffolding in front and parking spaces in front.  Need both no-parking signs and placard.,2362 15TH  ST,2026-09-10,2026-10-04T07:30:03.000Z,4.0,2026-10-09,2026-09-10,Not Enforceable
YK MASON & SONS INC,2026-08-27T00:07:55.000Z,2026-10-14,a10Ps00000TMGBtIAP,0058b00000GAFCDAA5,2026-08-27T19:57:40.000Z,20.0,2026-10-15,2026-08-27,Tow Sign Photo,Awaiting Applicant Info,Street Space,SSP-26-05320,012Ps000005citCIAQ,Scaffolding and parking space in front.  Need both no-parking signs and placard.,420 FREDERICK  ST,2026-09-15,2026-08-27T19:57:40.000Z,2.0,2026-10-14,2026-09-15,Not Enforceable
YK MASON & SONS INC,2026-08-27T00:13:07.000Z,2026-10-27,a10Ps00000TMGS1IAP,0058b00000GAFCDAA5,2026-08-27T19:55:27.000Z,20.0,2026-10-28,2026-08-27,Tow Sign Photo,Awaiting Applicant Info,Street Space,SSP-26-05321,012Ps000005citCIAQ,Scaffolding,679 GUERRERO  ST,2026-09-28,2026-08-27T19:55:27.000Z,2.0,2026-10-27,2026-09-28,Not Enforceable
YK MASON & SONS INC,2026-08-27T01:03:43.000Z,2026-09-29,a10Ps00000TMKYrIAP,0058b00000GAFCDAA5,2026-09-30T07:00:08.000Z,20.0,2026-09-30,2026-08-27,Closed,Expired,Street Space,SSP-26-05323,012Ps000005citCIAQ,Scaffolding,1234 BROADWAY,2026-08-31,2026-09-30T07:00:14.000Z,2.0,2026-09-29,2026-08-31,Not Enforceable
,2026-08-27T04:47:00.000Z,2026-10-01,a10Ps00000TMvF3IAL,0058b00000GAFCDAA5,2026-10-02T07:00:15.000Z,25.0,2026-10-02,2026-08-27,Closed,Expired,Street Space,SSP-26-05326,012Ps000005citCIAQ,"Delivery of construction materials, cement truck, etc.",120 25TH  AVE,2026-09-02,2026-10-02T07:00:16.000Z,3.0,2026-10-01,2026-09-02,Not Enforceable
,2026-08-27T05:24:20.000Z,2027-02-28,a10Ps00000TMxiHIAT,005Ps00000LEF6MIAX,2026-09-11T16:28:12.000Z,20.0,2027-03-01,2026-08-26,Active,Active,Street Space,SSP-26-05327,012Ps000005citCIAQ,1,459 VALLEY  ST,2026-09-01,2026-09-11T16:28:12.000Z,2.0,2027-02-28,2026-09-01,Enforceable
,2026-08-27T05:26:33.000Z,2026-11-29,a10Ps00000TMxrxIAD,0058b00000GAFCDAA5,2026-08-27T05:28:20.000Z,20.0,2026-11-30,2026-08-26,Tow Sign Photo,Awaiting Applicant Info,Street Space,SSP-26-05328,012Ps000005citCIAQ,dumpster truck,678 15TH  AVE,2026-08-31,2026-08-27T05:28:20.000Z,2.0,2026-11-29,2026-08-31,Not Enforceable
TIP MANAGERS INC,2026-08-27T05:43:35.000Z,2027-02-27,a10Ps00000TMzDpIAL,005Ps00000LEF6MIAX,2026-08-27T19:07:42.000Z,20.0,2027-02-28,2026-08-27,Active,Active,Street Space,SSP-26-05329,012Ps000005citCIAQ,Construction Parking and Portable Toilet,108 CHATTANOOGA  ST,2026-08-31,2026-08-27T19:07:42.000Z,2.0,2027-02-27,2026-08-31,Enforceable
TIP MANAGERS INC,2026-08-27T05:51:56.000Z,2027-02-27,a10Ps00000TN01pIAD,005Ps00000LEF6MIAX,2026-08-27T21:27:44.000Z,20.0,2027-02-28,2026-08-27,Active,Active,Street Space,SSP-26-05330,012Ps000005citCIAQ,Construction Vehicle Parking and Portable Toilet,527 NOE  ST,2026-08-31,2026-08-27T21:27:44.000Z,2.0,2027-02-27,2026-08-31,Enforceable
"SPIERS & SONS, INC.",2026-08-27T13:56:27.000Z,2027-02-27,a10Ps00000TNzGcIAL,0058b00000GAFCDAA5,2026-09-23T17:41:33.000Z,20.0,2027-02-28,2026-09-23,Tow Sign Photo,Awaiting Applicant Info,Street Space,SSP-26-05331,012Ps000005citCIAQ,parking work trucks,1459 34TH  AVE,2026-08-31,2026-09-23T17:41:51.000Z,2.0,2027-02-27,2026-08-31,Not Enforceable
SMARTER CONSTRUCTION INC,2026-08-27T14:18:46.000Z,2026-11-29,a10Ps00000TOoB3IAL,0058b00000GAFCDAA5,2026-08-27T17:03:05.000Z,20.0,2026-11-30,2026-08-27,Tow Sign Photo,Awaiting Applicant Info,Street Space,SSP-26-05332,012Ps000005citCIAQ,Loading and unloading,342 MADISON  ST,2026-08-31,2026-08-27T17:03:05.000Z,2.0,2026-11-29,2026-08-31,Not Enforceable
VANSCOPE CONSTRUCTION,2026-08-27T15:19:56.000Z,2026-11-01,a10Ps00000TPBvdIAH,0058b00000GAFCDAA5,2026-08-27T16:41:52.000Z,20.0,2026-11-02,2026-08-27,Tow Sign Photo,Awaiting Applicant Info,Street Space,SSP-26-05333,012Ps000005citCIAQ,construction use,330 BURROWS  ST,2026-09-02,2026-08-27T16:41:52.000Z,2.0,2026-11-01,2026-09-02,Not Enforceable
MCGARATH BRENDAN M,2026-08-27T16:11:48.000Z,2027-02-27,a10Ps00000TPOw6IAH,0058b00000GAFCDAA5,2026-08-27T16:29:44.000Z,20.0,2027-02-28,2026-08-27,Tow Sign Photo,Awaiting Applicant Info,Street Space,SSP-26-05334,012Ps000005citCIAQ,construction work,633 ARGUELLO  BLVD,2026-08-31,2026-08-27T16:29:44.000Z,2.0,2027-02-27,2026-08-31,Not Enforceable
MISSION HOME REMODELING,2026-08-27T16:13:37.000Z,2026-11-17,a10Ps00000TPUjlIAH,005Ps00000IzQsrIAF,2026-09-15T21:38:16.000Z,20.0,2026-11-18,2026-09-15,Tow Sign Photo,Awaiting Applicant Info,Street Space,SSP-26-05335,012Ps000005citCIAQ,parking and portapotty,35 LUCERNE  ST,2026-09-18,2026-09-15T21:38:16.000Z,2.0,2026-11-17,2026-09-18,Not Enforceable
ROBERTS SETH C,2026-08-27T16:13:41.000Z,2026-09-29,a10Ps00000TPUmzIAH,0058b00000GAFCDAA5,2026-09-30T07:00:08.000Z,20.0,2026-09-30,2026-08-27,Closed,Expired,Street Space,SSP-26-05336,012Ps000005citCIAQ,parking for workers and scaffolding,1033 BROADWAY,2026-08-31,2026-09-30T07:00:14.000Z,2.0,2026-09-29,2026-08-31,Not Enforceable
BCCI CONSTRUCTION COMPANY,2026-08-27T16:28:14.000Z,2027-02-27,a10Ps00000TPEYbIAP,005Ps00000IzXSvIAN,2026-09-08T19:07:56.000Z,90.0,2027-02-28,2026-08-28,Active,Active,Street Space,SSP-26-05337,012Ps000005citCIAQ,Loading/unloading of materials and staging of equipment,345 MONTGOMERY  ST,2026-08-31,2026-09-08T19:07:56.000Z,6.0,2027-02-27,2026-08-31,Enforceable
,2026-08-27T16:59:19.000Z,2027-02-28,a10Ps00000TPjCXIA1,005Ps00000IzXSvIAN,2026-09-01T16:14:19.000Z,80.0,2027-03-01,2026-08-28,Active,Active,Street Space,SSP-26-05338,012Ps000005citCIAQ,"loading/unloading of materials and staging of equipment, there will be a lot of in and out of the building for material and equipment.",665 CLAY  ST,2026-09-01,2026-09-01T16:14:19.000Z,6.0,2027-02-28,2026-09-01,Enforceable
SEISMIC RETROFITTERS,2026-08-27T17:08:37.000Z,2026-10-31,a10Ps00000TPlvtIAD,0058b00000GAFCDAA5,2026-08-27T18:09:45.000Z,35.0,2026-11-01,2026-08-27,Tow Sign Photo,Awaiting Applicant Info,Street Space,SSP-26-05339,012Ps000005citCIAQ,"Parking for workers, space for debris boxes etc as needed",2076 JACKSON  ST,2026-09-01,2026-08-27T18:09:45.000Z,3.0,2026-10-31,2026-09-01,Not Enforceable
APPLIED GENERAL CONSTRUCTION INC,2026-08-27T17:13:35.000Z,2026-11-29,a10Ps00000TPnHlIAL,005Ps00000IzXSvIAN,2026-09-02T18:24:47.000Z,20.0,2026-11-30,2026-08-27,Active,Active,Street Space,SSP-26-05340,012Ps000005citCIAQ,loading and unload materials,206 JUANITA  WAY,2026-08-31,2026-09-02T18:24:47.000Z,2.0,2026-11-29,2026-08-31,Enforceable
FOG CITY ROOFING LLC,2026-08-27T17:33:33.000Z,2026-09-29,a10Ps00000TPZQ9IAP,0058b00000GAFCDAA5,2026-09-30T07:00:08.000Z,20.0,2026-09-30,2026-08-27,Closed,Expired,Street Space,SSP-26-05341,012Ps000005citCIAQ,Provide parking for company vehicles throughout the duration of the work.,440 NOE  ST,2026-08-31,2026-09-30T07:00:15.000Z,2.0,2026-09-29,2026-08-31,Not Enforceable
KELLY PROPERTIES INC,2026-08-27T17:50:48.000Z,2026-09-29,a10Ps00000TPzijIAD,0058b00000GAFCDAA5,2026-09-30T07:00:08.000Z,25.0,2026-09-30,2026-08-27,Closed,Expired,Street Space,SSP-26-05342,012Ps000005citCIAQ,load and unload short duration container,1226 CHURCH  ST,2026-08-31,2026-09-30T07:00:15.000Z,3.0,2026-09-29,2026-08-31,Not Enforceable
,2026-08-27T17:59:26.000Z,2026-09-29,a10Ps00000TQ2wjIAD,0058b00000GAFCDAA5,2026-09-30T07:00:08.000Z,20.0,2026-09-30,2026-08-27,Closed,Expired,Street Space,SSP-26-05343,012Ps000005citCIAQ,Contractor parking,51 VIRGINIA  AVE,2026-08-31,2026-09-30T07:00:15.000Z,2.0,2026-09-29,2026-08-31,Not Enforceable
KILREA CONSTRUCTION INC,2026-08-27T18:01:49.000Z,2026-12-03,a10Ps00000TQ3kjIAD,005Ps00000IzXSvIAN,2026-09-11T16:58:14.000Z,20.0,2026-12-04,2026-08-27,Active,Active,Street Space,SSP-26-05344,012Ps000005citCIAQ,Parking,400 SPEAR  ST,2026-09-04,2026-09-11T16:58:14.000Z,2.0,2026-12-03,2026-09-04,Enforceable
"DMSQUARE CONSTRUCTION 2, INC",2026-08-27T18:10:19.000Z,2026-10-30,a10Ps00000TPtDWIA1,0058b00000GAFCDAA5,2026-08-27T18:55:05.000Z,20.0,2026-10-31,2026-08-27,Tow Sign Photo,Awaiting Applicant Info,Street Space,SSP-26-05345,012Ps000005citCIAQ,Load and unload materials,441 UNION  ST,2026-08-31,2026-08-27T18:55:05.000Z,2.0,2026-10-30,2026-08-31,Not Enforceable
CUAN CONSTRUCTION,2026-08-27T18:10:55.000Z,2026-10-04,a10Ps00000TQ6lpIAD,0058b00000GAFCDAA5,2026-08-28T22:19:58.000Z,20.0,2026-10-05,2026-08-28,Tow Sign Photo,Awaiting Applicant Info,Street Space,SSP-26-05346,012Ps000005citCIAQ,Loading and unloading tools and materials,2065 OFARRELL  ST,2026-09-05,2026-09-29T07:30:16.000Z,2.0,2026-10-04,2026-09-05,Not Enforceable
RC EVOLUTION ROOFING INC,2026-08-27T18:16:53.000Z,2026-10-08,a10Ps00000TQ8ndIAD,005Ps00000IxBTKIA3,2026-09-18T23:26:41.000Z,20.0,2026-10-09,2026-08-27,Tow Sign Photo,Awaiting Applicant Info,Street Space,SSP-26-05347,012Ps000005citCIAQ,Re-roofing,120 ADDISON  ST,2026-09-09,2026-10-03T07:30:03.000Z,2.0,2026-10-08,2026-09-09,Not Enforceable
CUAN CONSTRUCTION,2026-08-27T18:17:49.000Z,2026-11-29,a10Ps00000TQ96zIAD,0058b00000GAFCDAA5,2026-08-28T22:19:58.000Z,20.0,2026-11-30,2026-08-28,Tow Sign Photo,Awaiting Applicant Info,Street Space,SSP-26-05348,012Ps000005citCIAQ,Loading and unloading of tools and materials,4172 23RD  ST,2026-08-31,2026-08-28T22:19:58.000Z,2.0,2026-11-29,2026-08-31,Not Enforceable
TRINITY ELECTRIC SERVICES INC,2026-08-27T18:29:26.000Z,2027-02-28,a10Ps00000TQDaPIAX,0058b00000GAFCDAA5,2026-08-27T20:05:27.000Z,20.0,2027-03-01,2026-08-27,Tow Sign Photo,Awaiting Applicant Info,Street Space,SSP-26-05349,012Ps000005citCIAQ,"Debris removal, construction parking",951 GIRARD  ST,2026-09-01,2026-08-27T20:05:27.000Z,2.0,2027-02-28,2026-09-01,Not Enforceable
,2026-08-27T18:50:21.000Z,2026-10-06,a10Ps00000TQIewIAH,0058b00000GAFCDAA5,2026-08-27T21:29:18.000Z,20.0,2026-10-07,2026-08-27,Tow Sign Photo,Awaiting Applicant Info,Street Space,SSP-26-05350,012Ps000005citCIAQ,Parking for contractor (painter) work truck,630 PAGE  ST,2026-09-07,2026-10-01T07:30:14.000Z,2.0,2026-10-06,2026-09-07,Not Enforceable
,2026-08-27T18:53:01.000Z,2026-11-30,a10Ps00000TPTJ6IAP,0058b00000GAFCDAA5,2026-08-27T19:28:35.000Z,25.0,2026-12-01,2026-08-27,Tow Sign Photo,Awaiting Applicant Info,Street Space,SSP-26-05351,012Ps000005citCIAQ,materials and construction,237 RIPLEY  ST,2026-09-01,2026-08-27T19:28:35.000Z,3.0,2026-11-30,2026-09-01,Not Enforceable
DETAIL DRYWALL & STUCCO INC.,2026-08-27T19:02:12.000Z,2026-09-29,a10Ps00000TQPN3IAP,0058b00000GAFCDAA5,2026-09-30T07:00:08.000Z,20.0,2026-09-30,2026-09-03,Closed,Expired,Street Space,SSP-26-05352,012Ps000005citCIAQ,"Need space to install port-a-potty, cannot put on the driveway because of car being parked there, no room in front of yard, only other place is in front of the residence",82 ROCKRIDGE  DR,2026-08-31,2026-09-30T07:00:15.000Z,2.0,2026-09-29,2026-08-31,Not Enforceable
TRINITY ELECTRIC SERVICES INC,2026-08-27T19:18:04.000Z,2026-12-01,a10Ps00000TQV2fIAH,0058b00000GAFCDAA5,2026-08-27T20:14:50.000Z,20.0,2026-12-02,2026-08-27,Tow Sign Photo,Awaiting Applicant Info,Street Space,SSP-26-05353,012Ps000005citCIAQ,Scaffold setup for painting and construction parking and a Porta Toilet setup,1990 GREAT  HWY,2026-09-02,2026-08-27T20:14:50.000Z,2.0,2026-12-01,2026-09-02,Not Enforceable
COBBLE & FORGE INC,2026-08-27T19:25:03.000Z,2026-10-05,a10Ps00000TQXNpIAP,005Ps00000LEF6MIAX,2026-09-01T19:55:43.000Z,20.0,2026-10-06,2026-08-27,Active,Active,Street Space,SSP-26-05354,012Ps000005citCIAQ,Landscaping,111 STATES  ST,2026-09-06,2026-09-30T07:30:02.000Z,2.0,2026-10-05,2026-09-06,Enforceable
PANTAZELOS PETER,2026-08-27T19:46:22.000Z,2026-10-01,a10Ps00000TQfJlIAL,0058b00000GAFCDAA5,2026-10-02T07:00:15.000Z,20.0,2026-10-02,2026-09-01,Closed,Expired,Street Space,SSP-26-05355,012Ps000005citCIAQ,painting and repairs,2380 CALIFORNIA  ST,2026-09-02,2026-10-02T07:00:17.000Z,2.0,2026-10-01,2026-09-02,Not Enforceable
BULL PETER,2026-08-27T19:48:03.000Z,2026-10-30,a10Ps00000TQK0pIAH,005Ps00000LEF6MIAX,2026-09-14T18:34:23.000Z,40.0,2026-10-31,2026-08-27,Active,Active,Street Space,SSP-26-05356,012Ps000005citCIAQ,Dirt box.  Concrete.  Materials loading.,120 PIERCE  ST,2026-08-31,2026-09-14T18:34:23.000Z,3.0,2026-10-30,2026-08-31,Enforceable
RYAN STEELE PROPERTIES INC,2026-08-27T20:11:57.000Z,2026-10-08,a10Ps00000TQoDNIA1,005Ps00000MGULdIAP,2026-10-04T23:16:11.000Z,20.0,2026-10-09,2026-08-27,Active,Active,Street Space,SSP-26-05357,012Ps000005citCIAQ,PARKING,129 FAIR OAKS  ST,2026-09-09,2026-10-04T23:16:11.000Z,2.0,2026-10-08,2026-09-09,Enforceable
ANVIL BUILDERS INC,2026-08-27T20:14:53.000Z,2026-10-06,a10Ps00000TQO9GIAX,0058b00000GAFCDAA5,2026-08-28T17:34:20.000Z,25.0,2026-10-07,2026-08-28,Tow Sign Photo,Awaiting Applicant Info,Street Space,SSP-26-05358,012Ps000005citCIAQ,For equipment and work trucks during working hours,2300 SAN BRUNO  AVE,2026-09-07,2026-10-01T07:30:14.000Z,3.0,2026-10-06,2026-09-07,Not Enforceable
RYAN STEELE PROPERTIES INC,2026-08-27T20:15:01.000Z,2026-11-08,a10Ps00000TQpEHIA1,005Ps00000IzXSvIAN,2026-09-08T18:36:45.000Z,20.0,2026-11-09,2026-08-27,Active,Active,Street Space,SSP-26-05359,012Ps000005citCIAQ,PARKING,26 FARNUM  ST,2026-09-09,2026-09-08T18:36:45.000Z,2.0,2026-11-08,2026-09-09,Enforceable
HERRERO BOLDT WEBCOR A JOINT VENTURE,2026-08-27T20:30:37.000Z,2026-12-02,a10Ps00000TQuvVIAT,0058b00000GAFCDAA5,2026-09-02T22:12:53.000Z,395.0,2026-12-03,2026-09-02,Tow Sign Photo,Awaiting Applicant Info,Street Space,SSP-26-05360,012Ps000005citCIAQ,Hospital Construction per State Permit,401 PARNASSUS  AVE,2026-09-03,2026-09-02T22:14:03.000Z,22.0,2026-12-02,2026-09-03,Not Enforceable
PHOLLIES INC,2026-08-27T20:41:44.000Z,2027-02-27,a10Ps00000TQLUkIAP,0058b00000GAFCDAA5,2026-08-27T21:27:33.000Z,20.0,2027-02-28,2026-08-27,Tow Sign Photo,Awaiting Applicant Info,Street Space,SSP-26-05361,012Ps000005citCIAQ,Load and unload materials and parking,578 16TH  AVE,2026-08-31,2026-08-27T21:27:33.000Z,2.0,2027-02-27,2026-08-31,Not Enforceable
SF PERMITTING INC,2026-08-27T20:49:05.000Z,2026-09-29,a10Ps00000TR1YnIAL,0058b00000GAFCDAA5,2026-09-30T07:00:08.000Z,20.0,2026-09-30,2026-08-31,Closed,Expired,Street Space,SSP-26-05362,012Ps000005citCIAQ,work truck,380B UNION  ST,2026-08-31,2026-09-30T07:00:15.000Z,2.0,2026-09-29,2026-08-31,Not Enforceable
YK MASON & SONS INC,2026-08-27T20:51:16.000Z,2026-09-30,a10Ps00000TQY8hIAH,0058b00000GAFCDAA5,2026-10-01T07:00:11.000Z,20.0,2026-10-01,2026-08-27,Closed,Expired,Street Space,SSP-26-05363,012Ps000005citCIAQ,Scaffolding and parking space in front.,597 LINCOLN  WAY,2026-09-01,2026-10-01T07:00:15.000Z,2.0,2026-09-30,2026-09-01,Not Enforceable
SAVARD BRIAN E,2026-08-27T21:16:22.000Z,2026-10-02,a10Ps00000TR9xlIAD,0058b00000GAFCDAA5,2026-10-03T07:00:22.000Z,34.0,2026-10-03,2026-08-27,Closed,Expired,Street Space,SSP-26-05364,012Ps000005citCIAQ,Scaffold for exterior paint work.,222 CERVANTES  BLVD,2026-09-03,2026-10-03T07:00:27.000Z,3.0,2026-10-02,2026-09-03,Not Enforceable
EXCELSIOR ROOFING INC,2026-08-27T22:37:12.000Z,2026-10-13,a10Ps00000TRSynIAH,0058b00000GAFCDAA5,2026-08-28T15:02:40.000Z,20.0,2026-10-14,2026-08-28,Tow Sign Photo,Awaiting Applicant Info,Street Space,SSP-26-05365,012Ps000005citCIAQ,Loading/unloading of materials.,337 WINFIELD  ST,2026-09-14,2026-08-28T15:02:40.000Z,2.0,2026-10-13,2026-09-14,Not Enforceable
WCSS,2026-08-27T22:38:13.000Z,2026-12-01,a10Ps00000TR5m6IAD,005Ps00000IzXSvIAN,2026-09-01T16:12:06.000Z,20.0,2026-12-02,2026-08-27,Active,Active,Street Space,SSP-26-05366,012Ps000005citCIAQ,contractor parking,4721 LINCOLN  WAY,2026-09-02,2026-09-01T16:12:06.000Z,2.0,2026-12-01,2026-09-02,Enforceable
MR LI SCAFFOLD CO INC,2026-08-27T22:51:38.000Z,2026-10-02,a10Ps00000TRVevIAH,0058b00000GAFCDAA5,2026-10-03T07:00:22.000Z,20.0,2026-10-03,2026-08-27,Closed,Expired,Street Space,SSP-26-05367,012Ps000005citCIAQ,scaffolding,40 MAYNARD  ST,2026-09-03,2026-10-03T07:00:27.000Z,2.0,2026-10-02,2026-09-03,Not Enforceable
YK MASON & SONS INC,2026-08-27T22:57:38.000Z,2026-10-23,a10Ps00000TRHs6IAH,005Ps00000LEF6MIAX,2026-09-21T16:40:14.000Z,20.0,2026-10-24,2026-08-28,Active,Active,Street Space,SSP-26-05368,012Ps000005citCIAQ,Scaffolding in front and parking in front.  Need both no-parking signs and placard.,1385 MASONIC  AVE,2026-09-24,2026-09-21T16:40:14.000Z,2.0,2026-10-23,2026-09-24,Enforceable
URBAN WEST CONSTRUCTION INC,2026-08-27T23:45:35.000Z,2026-09-29,a10Ps00000TRbu1IAD,0058b00000GAFCDAA5,2026-09-30T07:00:08.000Z,115.0,2026-09-30,2026-08-28,Closed,Expired,Street Space,SSP-26-05370,012Ps000005citCIAQ,"Scaffold support , and sliding door delivery/staging",1450 DIVISADERO  ST,2026-08-31,2026-09-30T07:00:15.000Z,7.0,2026-09-29,2026-08-31,Not Enforceable
SINCERE CONSTRUCTION CO INC,2026-08-27T23:54:44.000Z,2026-11-30,a10Ps00000TRd9RIAT,005Ps00000IzXSvIAN,2026-09-01T16:11:20.000Z,20.0,2026-12-01,2026-08-27,Active,Active,Street Space,SSP-26-05371,012Ps000005citCIAQ,Interior Remodeling,1108 STOCKTON  ST,2026-09-01,2026-09-01T16:11:20.000Z,2.0,2026-11-30,2026-09-01,Enforceable
CLEAVELAND CONSTRUCTION INC,2026-08-28T05:06:17.000Z,2026-10-31,a10Ps00000TSKZNIA5,0058b00000GAFCDAA5,2026-09-01T22:05:12.000Z,20.0,2026-11-01,2026-09-01,Tow Sign Photo,Awaiting Applicant Info,Street Space,SSP-26-05373,012Ps000005citCIAQ,One space for bathroom remodel,1526 24TH  AVE,2026-09-01,2026-09-01T22:06:04.000Z,2.0,2026-10-31,2026-09-01,Not Enforceable
"ABE LATH & PLASTERING, INC.",2026-08-28T05:15:26.000Z,2026-09-29,a10Ps00000TSLK9IAP,0058b00000GAFCDAA5,2026-09-30T07:00:08.000Z,110.0,2026-09-30,2026-08-28,Closed,Expired,Street Space,SSP-26-05374,012Ps000005citCIAQ,"Install Pedestrian tunnel 80ft long on Clements Street  and 30ft long on 3rd Avenue
tunnel will measure 6ft wide x 8ft high",200 CLEMENT  ST,2026-08-31,2026-09-30T07:00:15.000Z,3.0,2026-09-29,2026-08-31,Not Enforceable
JAWA BUILDERS LLC,2026-08-28T06:02:25.000Z,2026-09-29,a10Ps00000TSOzZIAX,0058b00000GAFCDAA5,2026-09-30T07:00:08.000Z,20.0,2026-09-30,2026-08-27,Closed,Expired,Street Space,SSP-26-05375,012Ps000005citCIAQ,Building Maintenance,893 ELIZABETH  ST,2026-08-30,2026-09-30T07:00:16.000Z,2.0,2026-09-29,2026-08-30,Not Enforceable
SANTA FE SCAFFOLD,2026-08-28T06:49:30.000Z,2026-09-29,a10Ps00000TSTJJIA5,0058b00000GAFCDAA5,2026-09-30T07:00:08.000Z,20.0,2026-09-30,2026-08-29,Closed,Expired,Street Space,SSP-26-05376,012Ps000005citCIAQ,Park truck for scaffold,1898 08TH  AVE,2026-08-31,2026-09-30T07:00:16.000Z,2.0,2026-09-29,2026-08-31,Not Enforceable
CLONDUFF CONSTRUCTION INC,2026-08-28T14:41:24.000Z,2026-10-28,a10Ps00000TUK2DIAX,005Ps00000IxBTKIA3,2026-08-31T15:28:31.000Z,25.0,2026-10-29,2026-08-31,Tow Sign Photo,Pending,Street Space,SSP-26-05377,012Ps000005citCIAQ,PARKING FOR CONSTRUCTION,4200 23RD  ST,2026-08-29,2026-08-31T15:28:50.000Z,5.0,2026-10-28,2026-08-29,Not Enforceable
,2026-08-28T15:19:33.000Z,2027-03-01,a10Ps00000TUXCLIA5,005Ps00000LEF6MIAX,2026-09-03T23:53:09.000Z,20.0,2027-03-02,2026-08-29,Active,Active,Street Space,SSP-26-05378,012Ps000005citCIAQ,"Loading/Unloading, scaffolding, port-potty",2578 GREAT  HWY,2026-09-02,2026-09-03T23:53:09.000Z,2.0,2027-03-01,2026-09-02,Enforceable
L P CONSTRUCTION CO INC,2026-08-28T16:20:14.000Z,2027-03-02,a10Ps00000TUqwXIAT,0058b00000GAFCDAA5,2026-08-28T18:01:10.000Z,27.0,2027-03-03,2026-08-28,Tow Sign Photo,Awaiting Applicant Info,Street Space,SSP-26-05380,012Ps000005citCIAQ,Contractor Parking,159 FELL  ST,2026-09-03,2026-08-28T18:01:10.000Z,3.0,2027-03-02,2026-09-03,Not Enforceable
EASTWOOD DEVELOPMENT INC,2026-08-28T16:30:03.000Z,2027-03-04,a10Ps00000TUtXpIAL,005Ps00000LEF6MIAX,2026-09-03T15:35:16.000Z,20.0,2027-03-05,2026-08-28,Active,Active,Street Space,SSP-26-05381,012Ps000005citCIAQ,Temporary construction staging and material storage to support permitted work at 1946 California Street.,1946 CALIFORNIA  ST,2026-09-05,2026-09-03T15:35:16.000Z,2.0,2027-03-04,2026-09-05,Enforceable
NORCAL PAINTERS INCORPORATED,2026-08-28T16:42:22.000Z,2026-10-07,a10Ps00000TUwnRIAT,005Ps00000IzXSvIAN,2026-09-02T18:22:23.000Z,20.0,2026-10-08,2026-08-31,Active,Active,Street Space,SSP-26-05382,012Ps000005citCIAQ,Portable Toilet,1683 ALABAMA  ST,2026-09-08,2026-10-02T07:30:09.000Z,2.0,2026-10-07,2026-09-08,Enforceable
NORCAL PAINTERS INCORPORATED,2026-08-28T16:52:19.000Z,2026-10-13,a10Ps00000TUyqrIAD,005Ps00000LEF6MIAX,2026-09-09T23:53:08.000Z,20.0,2026-10-14,2026-09-08,Active,Active,Street Space,SSP-26-05383,012Ps000005citCIAQ,Scaffolding,3640 26TH  ST,2026-09-14,2026-09-09T23:53:08.000Z,2.0,2026-10-13,2026-09-14,Enforceable
ROSELI SANTOS,2026-08-28T17:09:11.000Z,2026-10-31,a10Ps00000TV3IfIAL,005Ps00000IzXSvIAN,2026-08-28T22:14:30.000Z,20.0,2026-11-01,2026-08-28,Active,Active,Street Space,SSP-26-05385,012Ps000005citCIAQ,load and parking,2170 JACKSON  ST,2026-09-01,2026-08-28T22:14:30.000Z,2.0,2026-10-31,2026-09-01,Enforceable
ENGINEERED SOIL REPAIRS INC,2026-08-28T17:35:13.000Z,2026-11-07,a10Ps00000TV9j3IAD,005Ps00000IzXSvIAN,2026-09-15T16:36:08.000Z,20.0,2026-11-08,2026-09-03,Active,Active,Street Space,SSP-26-05386,012Ps000005citCIAQ,Building Permit - Construction Staging,232 FILLMORE  ST,2026-09-08,2026-09-15T16:36:08.000Z,2.0,2026-11-07,2026-09-08,Enforceable
AMERICAN STANDARD ROOFING INC,2026-08-28T18:28:26.000Z,2026-10-02,a10Ps00000TVMmjIAH,0058b00000GAFCDAA5,2026-10-03T07:00:22.000Z,20.0,2026-10-03,2026-08-31,Closed,Expired,Street Space,SSP-26-05387,012Ps000005citCIAQ,loading/unloading of materials and staging of equipment,1414 16TH  AVE,2026-09-03,2026-10-03T07:00:27.000Z,2.0,2026-10-02,2026-09-03,Not Enforceable
MAXWELL M GHOBADI,2026-08-28T18:31:31.000Z,2026-09-30,a10Ps00000TVNVtIAP,0058b00000GAFCDAA5,2026-10-01T07:00:11.000Z,20.0,2026-10-01,2026-08-28,Closed,Expired,Street Space,SSP-26-05388,012Ps000005citCIAQ,To load and unload materials,444 04TH  AVE,2026-09-01,2026-10-01T07:00:16.000Z,2.0,2026-09-30,2026-09-01,Not Enforceable
D V RASMUSSEN & SON INC,2026-08-28T18:33:55.000Z,2026-09-30,a10Ps00000TVOOjIAP,0058b00000GAFCDAA5,2026-10-01T07:00:11.000Z,20.0,2026-10-01,2026-08-28,Closed,Expired,Street Space,SSP-26-05389,012Ps000005citCIAQ,Loading/unloading of tools and materials for building work.,3525 CLAY  ST,2026-09-01,2026-10-01T07:00:16.000Z,2.0,2026-09-30,2026-09-01,Not Enforceable
AMERICAN STANDARD ROOFING INC,2026-08-28T18:42:18.000Z,2026-10-02,a10Ps00000TVRKzIAP,0058b00000GAFCDAA5,2026-10-03T07:00:22.000Z,20.0,2026-10-03,2026-08-31,Closed,Expired,Street Space,SSP-26-05391,012Ps000005citCIAQ,loading/unloading of materials and staging of equipment,1250 MONTGOMERY  ST,2026-09-03,2026-10-03T07:00:27.000Z,2.0,2026-10-02,2026-09-03,Not Enforceable
HERNANDEZ DANIEL,2026-08-28T18:45:15.000Z,2026-09-28,a10Ps00000TVSQjIAP,0058b00000GAFCDAA5,2026-09-29T07:00:22.000Z,25.0,2026-09-29,2026-08-28,Closed,Expired,Street Space,SSP-26-05392,012Ps000005citCIAQ,Load and unload garbage and debris for on-going construction project.,1385 CHURCH  ST,2026-08-29,2026-09-29T07:00:23.000Z,3.0,2026-09-28,2026-08-29,Not Enforceable
DOWLER CIARAN FRANCIS,2026-08-28T18:49:09.000Z,2026-10-02,a10Ps00000TVTWTIA5,0058b00000GAFCDAA5,2026-10-03T07:00:22.000Z,20.0,2026-10-03,2026-08-28,Closed,Expired,Street Space,SSP-26-05393,012Ps000005citCIAQ,Truck Parking,54 DOUGLASS  ST,2026-09-03,2026-10-03T07:00:27.000Z,2.0,2026-10-02,2026-09-03,Not Enforceable
B-SIDE INC,2026-08-28T18:58:27.000Z,2026-10-31,a10Ps00000TVVjZIAX,005Ps00000IzXSvIAN,2026-09-04T22:57:39.000Z,20.0,2026-11-01,2026-08-28,Active,Active,Street Space,SSP-26-05394,012Ps000005citCIAQ,loading/unloading of materials,764 BAY  ST,2026-09-01,2026-09-04T22:57:39.000Z,2.0,2026-10-31,2026-09-01,Enforceable
HINOJOSA ROOFING INC,2026-08-28T19:15:00.000Z,2026-09-30,a10Ps00000TVFbaIAH,0058b00000GAFCDAA5,2026-10-01T07:00:11.000Z,20.0,2026-10-01,2026-08-28,Closed,Expired,Street Space,SSP-26-05395,012Ps000005citCIAQ,dump truck for re-roofing,193 BELVEDERE  ST,2026-09-01,2026-10-01T07:00:16.000Z,2.0,2026-09-30,2026-09-01,Not Enforceable
CLAYTON TIMBRELL & CO,2026-08-28T19:30:15.000Z,2027-01-17,a10Ps00000TVdh7IAD,005Ps00000IzXSvIAN,2026-09-15T22:55:06.000Z,34.0,2027-01-18,2026-09-02,Active,Active,Street Space,SSP-26-05396,012Ps000005citCIAQ,loading/unloading of materials and staging of equipment,2618 JACKSON  ST,2026-09-18,2026-09-15T22:55:06.000Z,3.0,2027-01-17,2026-09-18,Enforceable
BOAZ MOR DESIGN & CONSTRUCTION,2026-08-28T19:41:46.000Z,2026-10-31,a10Ps00000TVgezIAD,0058b00000GAFCDAA5,2026-08-28T19:54:54.000Z,20.0,2026-11-01,2026-08-28,Tow Sign Photo,Awaiting Applicant Info,Street Space,SSP-26-05397,012Ps000005citCIAQ,construction,215A 29TH  ST,2026-09-01,2026-08-28T19:54:54.000Z,2.0,2026-10-31,2026-09-01,Not Enforceable
RS PROFESSIONAL PAINTING INC,2026-08-28T20:25:55.000Z,2026-09-30,a10Ps00000TVqhZIAT,0058b00000GAFCDAA5,2026-10-01T07:00:11.000Z,20.0,2026-10-01,2026-08-28,Closed,Expired,Street Space,SSP-26-05398,012Ps000005citCIAQ,"scaffolding, portable and parking",2816 23RD  ST,2026-09-01,2026-10-01T07:00:16.000Z,2.0,2026-09-30,2026-09-01,Not Enforceable
RS PROFESSIONAL PAINTING INC,2026-08-28T20:30:18.000Z,2026-10-01,a10Ps00000TVrVZIA1,0058b00000GAFCDAA5,2026-10-02T07:00:15.000Z,20.0,2026-10-02,2026-08-31,Closed,Expired,Street Space,SSP-26-05399,012Ps000005citCIAQ,Portable toilet,520 CONNECTICUT  ST,2026-09-02,2026-10-02T07:00:17.000Z,2.0,2026-10-01,2026-09-02,Not Enforceable
TOMAS ARIAS ARCOS,2026-08-28T20:53:05.000Z,2027-01-02,a10Ps00000TVsOQIA1,005Ps00000LEF6MIAX,2026-09-08T21:53:41.000Z,20.0,2027-01-03,2026-08-28,Active,Active,Street Space,SSP-26-05400,012Ps000005citCIAQ,Truck parking space on the street,1470 JACKSON  ST,2026-09-03,2026-09-08T21:53:41.000Z,2.0,2027-01-02,2026-09-03,Enforceable
O'SHEA CO. HOME GROWN CONSTRUCTION LLC,2026-08-28T20:59:08.000Z,2026-12-13,a10Ps00000TVxmHIAT,005Ps00000IzXSvIAN,2026-09-11T16:55:40.000Z,20.0,2026-12-14,2026-09-01,Active,Active,Street Space,SSP-26-05401,012Ps000005citCIAQ,"Staging materials and tools, pickup and dropoff of debris, tools, and other materials",3573 22ND  ST,2026-09-14,2026-09-11T16:55:40.000Z,2.0,2026-12-13,2026-09-14,Enforceable
"DAARON BUILDERS, INC.",2026-08-28T21:01:49.000Z,2026-12-02,a10Ps00000TVocaIAD,005Ps00000LEF6MIAX,2026-09-28T15:28:33.000Z,20.0,2026-12-03,2026-09-02,Active,Active,Street Space,SSP-26-05402,012Ps000005citCIAQ,"materials staging/offloading, debris box etc",678 GREEN  ST,2026-09-03,2026-09-28T15:28:33.000Z,2.0,2026-12-02,2026-09-03,Enforceable
,2026-08-28T21:11:49.000Z,2026-10-02,a10Ps00000TW0AfIAL,0058b00000GAFCDAA5,2026-10-03T07:00:22.000Z,40.0,2026-10-03,,Closed,Expired,Street Space,SSP-26-05403,012Ps000005citCIAQ,STREET PARKING,363 VALENCIA  ST,2026-09-03,2026-10-03T07:00:27.000Z,3.0,2026-10-02,2026-09-03,Not Enforceable
,2026-08-28T21:13:00.000Z,2026-12-02,a10Ps00000TW0FWIA1,0058b00000GAFCDAA5,2026-08-28T22:14:57.000Z,20.0,2026-12-03,2026-08-28,Tow Sign Photo,Awaiting Applicant Info,Street Space,SSP-26-05404,012Ps000005citCIAQ,parking for  contractors,1490 WILLARD  ST,2026-09-03,2026-08-28T22:14:57.000Z,2.0,2026-12-02,2026-09-03,Not Enforceable
ANGUIANO HERNANDEZ JOSE ANTONIO,2026-08-28T21:16:17.000Z,2026-10-06,a10Ps00000TW0tpIAD,0058b00000GAFCDAA5,2026-08-28T22:16:19.000Z,20.0,2026-10-07,2026-08-28,Tow Sign Photo,Awaiting Applicant Info,Street Space,SSP-26-05405,012Ps000005citCIAQ,Placing of Scaffold and Mobile Toilet,422 28TH  ST,2026-09-07,2026-10-01T07:30:14.000Z,2.0,2026-10-06,2026-09-07,Not Enforceable
,2026-08-28T21:29:10.000Z,2026-10-08,a10Ps00000TW3jdIAD,005Ps00000IzXSvIAN,2026-09-03T20:56:16.000Z,50.0,2026-10-09,2026-08-28,Active,Active,Street Space,SSP-26-05406,012Ps000005citCIAQ,construction parking,380 IVY  ST,2026-09-09,2026-10-03T07:30:05.000Z,4.0,2026-10-08,2026-09-09,Enforceable
"DIJEAU POAGE CONSTRUCTION,INC",2026-08-28T21:39:42.000Z,2026-12-02,a10Ps00000TW63BIAT,0058b00000GAFCDAA5,2026-08-28T22:32:43.000Z,25.0,2026-12-03,2026-08-28,Tow Sign Photo,Awaiting Applicant Info,Street Space,SSP-26-05407,012Ps000005citCIAQ,Scaffolding will be used for a portion of the permit dates as well as company vehicles,3947 WASHINGTON  ST,2026-09-03,2026-08-28T22:32:43.000Z,3.0,2026-12-02,2026-09-03,Not Enforceable
,2026-08-28T21:40:11.000Z,2026-10-08,a10Ps00000TW69dIAD,005Ps00000IzXSvIAN,2026-09-03T20:55:42.000Z,20.0,2026-10-09,2026-08-28,Active,Active,Street Space,SSP-26-05408,012Ps000005citCIAQ,construction parking,536 OCTAVIA  ST,2026-09-09,2026-10-03T07:30:04.000Z,2.0,2026-10-08,2026-09-09,Enforceable
,2026-08-28T21:49:56.000Z,2026-09-30,a10Ps00000TW88DIAT,0058b00000GAFCDAA5,2026-10-01T07:00:11.000Z,90.0,2026-10-01,2026-08-28,Closed,Expired,Street Space,SSP-26-05409,012Ps000005citCIAQ,"Maintenance work, painting",2800 23RD  ST,2026-09-01,2026-10-01T07:00:16.000Z,8.0,2026-09-30,2026-09-01,Not Enforceable
RUA WOODSCONSTRUCTION INC,2026-08-28T22:04:36.000Z,2026-11-02,a10Ps00000TWAOXIA5,005Ps00000LEF6MIAX,2026-08-31T23:03:11.000Z,20.0,2026-11-03,2026-08-28,Active,Active,Street Space,SSP-26-05410,012Ps000005citCIAQ,Parking for construction workers changing out windows,3720 SACRAMENTO  ST,2026-09-03,2026-08-31T23:03:11.000Z,2.0,2026-11-02,2026-09-03,Enforceable
C & M WOODWORKING INC,2026-08-28T22:34:48.000Z,2026-09-30,a10Ps00000TW6zIIAT,0058b00000GAFCDAA5,2026-10-01T07:00:11.000Z,20.0,2026-10-01,2026-09-02,Closed,Expired,Street Space,SSP-26-05412,012Ps000005citCIAQ,Parking,106 08TH  AVE,2026-09-01,2026-10-01T07:00:16.000Z,2.0,2026-09-30,2026-09-01,Not Enforceable
GIL CONSTRUCTION & ASSOC INC,2026-08-28T22:41:09.000Z,2026-10-02,a10Ps00000TWFxhIAH,0058b00000GAFCDAA5,2026-10-03T07:00:22.000Z,20.0,2026-10-03,2026-08-28,Closed,Expired,Street Space,SSP-26-05413,012Ps000005citCIAQ,Company Vehicle parking,137 BRADFORD  ST,2026-09-03,2026-10-03T07:00:28.000Z,2.0,2026-10-02,2026-09-03,Not Enforceable
CITIDEV INC,2026-08-28T22:53:26.000Z,2027-02-28,a10Ps00000TWH3RIAX,0058b00000GAFCDAA5,2026-09-02T17:34:28.000Z,20.0,2027-03-01,2026-09-02,Tow Sign Photo,Awaiting Applicant Info,Street Space,SSP-26-05414,012Ps000005citCIAQ,DBI BPA - Construction Staging,711 MARINA  BLVD,2026-09-01,2026-09-02T17:35:04.000Z,2.0,2027-02-28,2026-09-01,Not Enforceable
TOM LEE ROOFING INC,2026-08-28T23:11:51.000Z,2026-10-27,a10Ps00000TWI7aIAH,005Ps00000IxBTKIA3,2026-08-28T23:55:35.000Z,20.0,2026-10-28,2026-08-28,Tow Sign Photo,Awaiting Applicant Info,Street Space,SSP-26-05415,012Ps000005citCIAQ,reroofing,1136 MUNICH  ST,2026-09-28,2026-08-28T23:55:35.000Z,2.0,2026-10-27,2026-09-28,Not Enforceable
GARY HEAD AND PARTNERS PAINTING CORPORATION,2026-08-28T23:21:38.000Z,2026-10-02,a10Ps00000TWJtFIAX,0058b00000GAFCDAA5,2026-10-03T07:00:22.000Z,40.0,2026-10-03,2026-08-28,Closed,Expired,Street Space,SSP-26-05417,012Ps000005citCIAQ,Scaffolding,1201 GREENWICH  ST,2026-09-03,2026-10-03T07:00:28.000Z,3.0,2026-10-02,2026-09-03,Not Enforceable
R & D CONSTRUCTION CO INC,2026-08-29T00:30:36.000Z,2026-11-02,a10Ps00000TWQgDIAX,0058b00000GAFCDAA5,2026-09-01T00:05:27.000Z,20.0,2026-11-03,2026-08-31,Tow Sign Photo,Awaiting Applicant Info,Street Space,SSP-26-05418,012Ps000005citCIAQ,Building Permit - Construction Staging,571 CLIPPER  ST,2026-09-03,2026-09-01T00:05:27.000Z,2.0,2026-11-02,2026-09-03,Not Enforceable
GAMA CONSTRUCTION INC,2026-08-29T01:16:37.000Z,2026-10-31,a10Ps00000TWRsSIAX,0058b00000GAFCDAA5,2026-08-29T01:19:59.000Z,20.0,2026-11-01,2026-08-28,Tow Sign Photo,Awaiting Applicant Info,Street Space,SSP-26-05419,012Ps000005citCIAQ,Parking,4363 26TH  ST,2026-09-01,2026-08-29T01:19:59.000Z,2.0,2026-10-31,2026-09-01,Not Enforceable
B C UNITED CONSTRUCTION INC,2026-08-29T02:18:27.000Z,2026-11-30,a10Ps00000TWXD3IAP,0058b00000GAFCDAA5,2026-09-01T01:13:17.000Z,20.0,2026-12-01,2026-08-31,Tow Sign Photo,Awaiting Applicant Info,Street Space,SSP-26-05421,012Ps000005citCIAQ,Building Permit - Construction Staging,3119 PIERCE  ST,2026-09-01,2026-09-01T01:13:17.000Z,2.0,2026-11-30,2026-09-01,Not Enforceable
BRENDAN WATERS CONSTRUCTION IN,2026-08-29T17:43:19.000Z,2026-10-02,a10Ps00000TYl8fIAD,0058b00000GAFCDAA5,2026-10-03T07:00:22.000Z,20.0,2026-10-03,2026-08-31,Closed,Expired,Street Space,SSP-26-05422,012Ps000005citCIAQ,Construction space,314 LOCUST  ST,2026-09-03,2026-10-03T07:00:28.000Z,2.0,2026-10-02,2026-09-03,Not Enforceable
,2026-08-30T22:13:48.000Z,2026-12-03,a10Ps00000TaaVhIAJ,0058b00000GAFCDAA5,2026-08-31T17:02:06.000Z,20.0,2026-12-04,2026-08-31,Tow Sign Photo,Awaiting Applicant Info,Street Space,SSP-26-05423,012Ps000005citCIAQ,Parking and material storage,444 27TH  ST,2026-09-04,2026-08-31T17:02:06.000Z,2.0,2026-12-03,2026-09-04,Not Enforceable
,2026-08-31T00:03:09.000Z,2026-10-17,a10Ps00000TatQKIAZ,0058b00000GAFCDAA5,2026-09-14T21:08:31.000Z,20.0,2026-10-18,2026-09-14,Tow Sign Photo,Awaiting Applicant Info,Street Space,SSP-26-05424,012Ps000005citCIAQ,Parking/Trash Box,701 SAN BRUNO  AVE,2026-09-18,2026-09-14T21:08:50.000Z,2.0,2026-10-17,2026-09-18,Not Enforceable
GOLDEN COLORS PAINTING,2026-08-31T02:37:12.000Z,2026-10-03,a10Ps00000Tb4ITIAZ,0058b00000GAFCDAA5,2026-10-04T07:00:17.000Z,20.0,2026-10-04,2026-08-31,Closed,Expired,Street Space,SSP-26-05425,012Ps000005citCIAQ,Scaffolding,1709 ALABAMA  ST,2026-09-04,2026-10-04T07:00:18.000Z,2.0,2026-10-03,2026-09-04,Not Enforceable
"GLAM CONSTRUCTION, INC.",2026-08-31T06:06:50.000Z,2026-11-03,a10Ps00000TbJarIAF,005Ps00000LEF6MIAX,2026-09-25T15:25:57.000Z,20.0,2026-11-04,2026-08-31,Active,Active,Street Space,SSP-26-05427,012Ps000005citCIAQ,Re-Roofing,514 TERESITA  BLVD,2026-09-04,2026-09-25T15:25:57.000Z,2.0,2026-11-03,2026-09-04,Enforceable
G M BUILDING AND CONSTRUCTION INC,2026-08-31T11:36:01.000Z,2026-11-05,a10Ps00000Tc15dIAB,005Ps00000LEF6MIAX,2026-09-11T18:00:55.000Z,20.0,2026-11-06,2026-09-07,Active,Active,Street Space,SSP-26-05428,012Ps000005citCIAQ,construction parking,1326 LARKIN  ST,2026-09-06,2026-09-11T18:00:55.000Z,2.0,2026-11-05,2026-09-06,Enforceable
,2026-08-31T14:19:08.000Z,2026-10-03,a10Ps00000TcsmfIAB,0058b00000GAFCDAA5,2026-10-04T07:00:17.000Z,20.0,2026-10-04,2026-09-01,Closed,Expired,Street Space,SSP-26-05429,012Ps000005citCIAQ,contractor parking,1318 05TH  AVE,2026-09-04,2026-10-04T07:00:19.000Z,2.0,2026-10-03,2026-09-04,Not Enforceable
BUZZER 9 DEVELOPMENT INC,2026-08-31T14:56:23.000Z,2026-10-05,a10Ps00000Td63FIAR,005Ps00000IzXSvIAN,2026-09-11T23:35:16.000Z,36.0,2026-10-06,2026-08-31,Active,Active,Street Space,SSP-26-05430,012Ps000005citCIAQ,Parking for utility vehicles during routine inspection and maintenance,1627 JACKSON  ST,2026-09-06,2026-09-30T07:30:02.000Z,3.0,2026-10-05,2026-09-06,Enforceable
COOK REXFORD,2026-08-31T15:36:28.000Z,2026-11-03,a10Ps00000Tcw0gIAB,0058b00000GAFCDAA5,2026-09-15T15:55:06.000Z,,2026-11-04,2026-09-15,Tow Sign Photo,Awaiting Applicant Info,Street Space,SSP-26-05431,012Ps000005citCIAQ,construction parking,2139 PINE  ST,2026-09-04,2026-09-15T15:55:06.000Z,3.0,2026-11-03,2026-09-04,Not Enforceable
"A2Z REMODELING, INC.",2026-08-31T15:39:09.000Z,2026-11-03,a10Ps00000TdWP7IAN,005Ps00000IzXSvIAN,2026-09-08T18:49:59.000Z,20.0,2026-11-04,2026-08-31,Active,Active,Street Space,SSP-26-05432,012Ps000005citCIAQ,"Parking, Dumpster",2169 FOLSOM  ST,2026-09-04,2026-09-08T18:49:59.000Z,2.0,2026-11-03,2026-09-04,Enforceable
SAARMAN CONSTRUCTION LTD,2026-08-31T15:44:12.000Z,2027-01-31,a10Ps00000TdUgiIAF,005Ps00000LEF6MIAX,2026-09-02T15:16:11.000Z,120.0,2027-02-01,2026-08-31,Active,Active,Street Space,SSP-26-05433,012Ps000005citCIAQ,Street parking and scaffolding,900 BUSH  ST,2026-09-01,2026-09-02T15:16:11.000Z,10.0,2027-01-31,2026-09-01,Enforceable
AMERICAN HOME RENEWAL INC,2026-08-31T15:51:04.000Z,2026-10-07,a10Ps00000TdaPVIAZ,0058b00000GAFCDAA5,2026-08-31T20:37:15.000Z,25.0,2026-10-08,2026-08-31,Tow Sign Photo,Awaiting Applicant Info,Street Space,SSP-26-05434,012Ps000005citCIAQ,dumpster and staging,280 CRESCENT  AVE,2026-09-08,2026-10-02T07:30:09.000Z,3.0,2026-10-07,2026-09-08,Not Enforceable
YOUNG'S ROOFING INC,2026-08-31T16:06:58.000Z,2026-10-03,a10Ps00000TdfDtIAJ,0058b00000GAFCDAA5,2026-10-04T07:00:17.000Z,20.0,2026-10-04,,Closed,Expired,Street Space,SSP-26-05435,012Ps000005citCIAQ,Re-Roofing Work,1450 ALABAMA  ST,2026-09-04,2026-10-04T07:00:19.000Z,2.0,2026-10-03,2026-09-04,Not Enforceable
NOELKE ROBERT T,2026-08-31T16:08:14.000Z,2026-10-03,a10Ps00000TdfdhIAB,0058b00000GAFCDAA5,2026-10-04T07:00:17.000Z,20.0,2026-10-04,2026-08-31,Closed,Expired,Street Space,SSP-26-05436,012Ps000005citCIAQ,parking a truck,52 SCOTIA  AVE,2026-09-04,2026-10-04T07:00:19.000Z,2.0,2026-10-03,2026-09-04,Not Enforceable
,2026-08-31T16:18:01.000Z,2026-11-03,a10Ps00000Tdii1IAB,005Ps00000JKhAjIAL,2026-08-31T16:41:13.000Z,20.0,2026-11-04,2026-08-31,Tow Sign Photo,Awaiting Applicant Info,Street Space,SSP-26-05437,012Ps000005citCIAQ,construction,359 DOUGLASS  ST,2026-09-04,2026-08-31T16:41:13.000Z,2.0,2026-11-03,2026-09-04,Not Enforceable
PEARL PAINTING INC.,2026-08-31T16:19:32.000Z,2026-10-07,a10Ps00000Tdj6DIAR,0058b00000GAFCDAA5,2026-08-31T19:20:12.000Z,20.0,2026-10-08,2026-08-31,Tow Sign Photo,Awaiting Applicant Info,Street Space,SSP-26-05438,012Ps000005citCIAQ,Painting,1204 GREEN  ST,2026-09-08,2026-10-02T07:30:08.000Z,2.0,2026-10-07,2026-09-08,Not Enforceable
VAN ACKER CONSTRUCTION ASSOC,2026-08-31T17:12:23.000Z,2027-01-04,a10Ps00000TdzZBIAZ,005Ps00000IzXSvIAN,2026-09-14T16:19:31.000Z,40.0,2027-01-05,2026-08-31,Active,Active,Street Space,SSP-26-05440,012Ps000005citCIAQ,Unloading of materials for jobsite.,2799 BROADWAY,2026-09-05,2026-09-14T16:19:31.000Z,3.0,2027-01-04,2026-09-05,Enforceable
COLINDRES & ASSOCIATES,2026-08-31T17:19:08.000Z,2026-12-03,a10Ps00000Te1PhIAJ,0058b00000GAFCDAA5,2026-08-31T17:35:00.000Z,20.0,2026-12-04,2026-08-31,Tow Sign Photo,Awaiting Applicant Info,Street Space,SSP-26-05441,012Ps000005citCIAQ,"Deliveries, demolition material, offhaul",2961 BRODERICK  ST,2026-09-04,2026-08-31T17:35:00.000Z,2.0,2026-12-03,2026-09-04,Not Enforceable
MB JESSEE INC,2026-08-31T17:26:37.000Z,2026-10-03,a10Ps00000Te3UjIAJ,0058b00000GAFCDAA5,2026-10-04T07:00:17.000Z,65.0,2026-10-04,2026-09-02,Closed,Expired,Street Space,SSP-26-05442,012Ps000005citCIAQ,Scaffold and Porta Potty,2241 SACRAMENTO  ST,2026-09-04,2026-10-04T07:00:19.000Z,5.0,2026-10-03,2026-09-04,Not Enforceable
DOWLER CIARAN FRANCIS,2026-08-31T17:34:23.000Z,2026-10-03,a10Ps00000Te5xxIAB,0058b00000GAFCDAA5,2026-10-04T07:00:17.000Z,20.0,2026-10-04,2026-08-31,Closed,Expired,Street Space,SSP-26-05443,012Ps000005citCIAQ,Truck Parking,1969 10TH  AVE,2026-09-04,2026-10-04T07:00:19.000Z,2.0,2026-10-03,2026-09-04,Not Enforceable
NORCAL PAINTERS INCORPORATED,2026-08-31T17:49:06.000Z,2026-10-07,a10Ps00000TeARNIA3,005Ps00000IzXSvIAN,2026-09-02T18:21:33.000Z,20.0,2026-10-08,2026-08-31,Active,Active,Street Space,SSP-26-05444,012Ps000005citCIAQ,Portable Toilet,1668 ALABAMA  ST,2026-09-08,2026-10-02T07:30:09.000Z,2.0,2026-10-07,2026-09-08,Enforceable
IN & OUT PLUMBING DBA IN & OUT DRAIN CLEANING,2026-08-31T17:55:26.000Z,2026-10-03,a10Ps00000TeCEfIAN,0058b00000GAFCDAA5,2026-10-04T07:00:17.000Z,25.0,2026-10-04,2026-08-31,Closed,Expired,Street Space,SSP-26-05445,012Ps000005citCIAQ,Parking for vehicles,1367 RHODE ISLAND  ST,2026-09-04,2026-10-04T07:00:20.000Z,3.0,2026-10-03,2026-09-04,Not Enforceable
,2026-08-31T18:02:12.000Z,2026-10-06,a10Ps00000TeEYDIA3,005Ps00000LEF6MIAX,2026-08-31T23:45:45.000Z,20.0,2026-10-07,2026-08-31,Active,Active,Street Space,SSP-26-05446,012Ps000005citCIAQ,Contractor Parking,1116 MASON  ST,2026-09-07,2026-10-01T07:30:14.000Z,2.0,2026-10-06,2026-09-07,Enforceable
KENNY JINGYI LI,2026-08-31T18:12:41.000Z,2026-10-03,a10Ps00000Te7YMIAZ,0058b00000GAFCDAA5,2026-10-04T07:00:17.000Z,20.0,2026-10-04,2026-08-31,Closed,Expired,Street Space,SSP-26-05447,012Ps000005citCIAQ,Scaffolding,2150 FILBERT  ST,2026-09-04,2026-10-04T07:00:20.000Z,2.0,2026-10-03,2026-09-04,Not Enforceable
"GLAM CONSTRUCTION, INC.",2026-08-31T18:14:30.000Z,2026-10-06,a10Ps00000TeHz7IAF,0058b00000GAFCDAA5,2026-08-31T19:15:42.000Z,20.0,2026-10-07,2026-08-31,Tow Sign Photo,Awaiting Applicant Info,Street Space,SSP-26-05448,012Ps000005citCIAQ,Re-roofing,635 CAMPBELL  AVE,2026-09-07,2026-10-01T07:30:14.000Z,2.0,2026-10-06,2026-09-07,Not Enforceable
KENNY JINGYI LI,2026-08-31T18:14:32.000Z,2026-10-06,a10Ps00000TeI0jIAF,0058b00000GAFCDAA5,2026-08-31T18:27:05.000Z,100.0,2026-10-07,2026-08-31,Tow Sign Photo,Awaiting Applicant Info,Street Space,SSP-26-05449,012Ps000005citCIAQ,Scaffolding,1300 26TH  AVE,2026-09-07,2026-10-01T07:30:15.000Z,6.0,2026-10-06,2026-09-07,Not Enforceable
RAUGH RANDY S,2026-08-31T18:17:11.000Z,2027-03-08,a10Ps00000TeIaDIAV,0058b00000GAFCDAA5,2026-09-08T01:56:15.000Z,25.0,2027-03-09,2026-09-07,Tow Sign Photo,Awaiting Applicant Info,Street Space,SSP-26-05450,012Ps000005citCIAQ,construction materials and parking,1834 GOUGH  ST,2026-09-09,2026-09-08T01:57:12.000Z,3.0,2027-03-08,2026-09-09,Not Enforceable
"GLAM CONSTRUCTION, INC.",2026-08-31T18:18:48.000Z,2026-10-06,a10Ps00000TeJBJIA3,0058b00000GAFCDAA5,2026-08-31T19:30:10.000Z,20.0,2026-10-07,2026-08-31,Tow Sign Photo,Awaiting Applicant Info,Street Space,SSP-26-05451,012Ps000005citCIAQ,Re-Roofing,2750 FOLSOM  ST,2026-09-07,2026-10-01T07:30:15.000Z,2.0,2026-10-06,2026-09-07,Not Enforceable
KENNY JINGYI LI,2026-08-31T18:23:50.000Z,2026-10-03,a10Ps00000TeKaPIAV,0058b00000GAFCDAA5,2026-10-04T07:00:17.000Z,20.0,2026-10-04,2026-08-31,Closed,Expired,Street Space,SSP-26-05453,012Ps000005citCIAQ,Scaffolding,135 KAREN  CT,2026-09-04,2026-10-04T07:00:20.000Z,2.0,2026-10-03,2026-09-04,Not Enforceable
MR ROOFING INC,2026-08-31T18:38:51.000Z,2026-10-03,a10Ps00000TeOULIA3,0058b00000GAFCDAA5,2026-10-04T07:00:17.000Z,20.0,2026-10-04,2026-08-31,Closed,Expired,Street Space,SSP-26-05454,012Ps000005citCIAQ,park work truck with tool and dump for garbage,1516 ALABAMA  ST,2026-09-04,2026-10-04T07:00:21.000Z,2.0,2026-10-03,2026-09-04,Not Enforceable
DZIURZYNSKI MARIUSZ,2026-08-31T18:48:42.000Z,2026-10-03,a10Ps00000TeRATIA3,0058b00000GAFCDAA5,2026-10-04T07:00:17.000Z,20.0,2026-10-04,2026-08-31,Closed,Expired,Street Space,SSP-26-05455,012Ps000005citCIAQ,"scaffolding, loading  unloading materials",761 NOE  ST,2026-09-04,2026-10-04T07:00:21.000Z,2.0,2026-10-03,2026-09-04,Not Enforceable
EAGLES SF SCAFFOLDING INC,2026-08-31T18:54:27.000Z,2026-10-07,a10Ps00000TeRFKIA3,0058b00000GAFCDAA5,2026-08-31T19:09:23.000Z,20.0,2026-10-08,2026-08-31,Tow Sign Photo,Awaiting Applicant Info,Street Space,SSP-26-05456,012Ps000005citCIAQ,"Scaffolding, contractor parking",3046 DIVISADERO  ST,2026-09-08,2026-10-02T07:30:09.000Z,2.0,2026-10-07,2026-09-08,Not Enforceable
MISSION HOME REMODELING,2026-08-31T18:55:12.000Z,2026-11-02,a10Ps00000TeSZZIA3,0058b00000GAFCDAA5,2026-08-31T19:14:57.000Z,20.0,2026-11-03,2026-08-31,Tow Sign Photo,Awaiting Applicant Info,Street Space,SSP-26-05457,012Ps000005citCIAQ,yes,985 14TH  ST,2026-09-03,2026-08-31T19:14:57.000Z,2.0,2026-11-02,2026-09-03,Not Enforceable
MCCOWAN BERRONES & COMPANY,2026-08-31T18:58:30.000Z,2026-12-11,a10Ps00000TeTFVIA3,005Ps00000LEF6MIAX,2026-10-02T16:32:22.000Z,35.0,2026-12-12,2026-08-31,Active,Active,Street Space,SSP-26-05458,012Ps000005citCIAQ,Contractor parking,524 VALLEJO  ST,2026-09-12,2026-10-02T16:32:22.000Z,3.0,2026-12-11,2026-09-12,Not Enforceable
MR LI SCAFFOLD CO INC,2026-08-31T19:25:23.000Z,2026-10-03,a10Ps00000TeNoQIAV,0058b00000GAFCDAA5,2026-10-04T07:00:17.000Z,20.0,2026-10-04,2026-08-31,Closed,Expired,Street Space,SSP-26-05459,012Ps000005citCIAQ,Scaffolding,730 PARNASSUS  AVE,2026-09-04,2026-10-04T07:00:20.000Z,2.0,2026-10-03,2026-09-04,Not Enforceable
,2026-08-31T19:25:53.000Z,2026-10-05,a10Ps00000TegFxIAJ,005Ps00000R2H21IAF,2026-10-02T15:17:50.000Z,20.0,2026-10-06,2026-08-31,Active,Active,Street Space,SSP-26-05460,012Ps000005citCIAQ,Parking for construction-related vehicles,1451 MONTGOMERY  ST,2026-09-06,2026-10-02T15:17:50.000Z,2.0,2026-10-05,2026-09-06,Enforceable
KASAS BUILDERS INC,2026-08-31T19:39:25.000Z,2027-03-03,a10Ps00000Teh8oIAB,0058b00000GAFCDAA5,2026-09-17T19:44:44.000Z,20.0,2027-03-04,2026-09-17,Tow Sign Photo,Awaiting Applicant Info,Street Space,SSP-26-05461,012Ps000005citCIAQ,"portable toilet, parking, equipment staging, construction fencing",101 GENEBERN  WAY,2026-09-04,2026-09-17T19:44:48.000Z,2.0,2027-03-03,2026-09-04,Not Enforceable
,2026-08-31T19:48:36.000Z,2026-11-03,a10Ps00000TeltxIAB,0058b00000GAFCDAA5,2026-09-02T21:56:29.000Z,20.0,2026-11-04,2026-09-02,Tow Sign Photo,Awaiting Applicant Info,Street Space,SSP-26-05462,012Ps000005citCIAQ,Exterior painting,916 LAGUNA  ST,2026-09-04,2026-09-02T21:56:29.000Z,2.0,2026-11-03,2026-09-04,Not Enforceable
,2026-08-31T20:08:58.000Z,2026-12-05,a10Ps00000TeqqPIAR,0058b00000GAFCDAA5,2026-08-31T21:20:17.000Z,20.0,2026-12-06,2026-08-31,Tow Sign Photo,Awaiting Applicant Info,Street Space,SSP-26-05463,012Ps000005citCIAQ,Construction  is commencing at 146 Missouri Street so front of structure street space is required.,146 MISSOURI  ST,2026-09-06,2026-08-31T21:20:17.000Z,2.0,2026-12-05,2026-09-06,Not Enforceable
JIANG ELLIOT J,2026-08-31T20:43:26.000Z,2027-03-03,a10Ps00000TelvbIAB,005Ps00000IzSY5IAN,2026-08-31T22:12:32.000Z,20.0,2027-03-04,2026-08-31,Tow Sign Photo,Awaiting Applicant Info,Street Space,SSP-26-05465,012Ps000005citCIAQ,Building Remodeling,625 GIRARD  ST,2026-09-04,2026-08-31T22:12:32.000Z,2.0,2027-03-03,2026-09-04,Not Enforceable
,2026-08-31T20:43:36.000Z,2026-10-07,a10Ps00000TeyWDIAZ,0058b00000GAFCDAA5,2026-09-01T23:51:55.000Z,20.0,2026-10-08,2026-09-01,Tow Sign Photo,Awaiting Applicant Info,Street Space,SSP-26-05466,012Ps000005citCIAQ,Scaffolding,3423 DIVISADERO  ST,2026-09-08,2026-10-02T07:30:09.000Z,2.0,2026-10-07,2026-09-08,Not Enforceable
METCON,2026-08-31T20:45:06.000Z,2026-10-05,a10Ps00000TeynxIAB,005Ps00000IzXSvIAN,2026-09-04T23:14:50.000Z,100.0,2026-10-06,2026-08-31,Active,,Street Space,SSP-26-05467,012Ps000005citCIAQ,loading/unloading of materials.,560 BATTERY  ST,2026-09-06,2026-09-04T23:14:50.000Z,6.0,2026-10-05,2026-09-06,Not Enforceable
COOK REXFORD,2026-08-31T20:46:30.000Z,2026-10-03,a10Ps00000Tez0rIAB,0058b00000GAFCDAA5,2026-10-04T07:00:17.000Z,25.0,2026-10-04,2026-08-31,Closed,Expired,Street Space,SSP-26-05468,012Ps000005citCIAQ,Construction parking,2139 PINE  ST,2026-09-04,2026-10-04T07:00:21.000Z,3.0,2026-10-03,2026-09-04,Not Enforceable
FAY CONSTRUCTION & RESTORATION,2026-08-31T21:03:00.000Z,2027-03-06,a10Ps00000Tf2JhIAJ,0058b00000GAFCDAA5,2026-08-31T22:55:52.000Z,25.0,2027-03-07,2026-08-31,Tow Sign Photo,Awaiting Applicant Info,Street Space,SSP-26-05469,012Ps000005citCIAQ,"Construction related for loading, unloading, portable toilet on sidewalk",2677 CALIFORNIA  ST,2026-09-07,2026-08-31T22:55:52.000Z,3.0,2027-03-06,2026-09-07,Not Enforceable
,2026-08-31T22:17:21.000Z,2026-10-07,a10Ps00000TfEsjIAF,0058b00000GAFCDAA5,2026-08-31T22:55:54.000Z,20.0,2026-10-08,2026-08-31,Tow Sign Photo,Awaiting Applicant Info,Street Space,SSP-26-05471,012Ps000005citCIAQ,debris box,1687 39TH  AVE,2026-09-08,2026-10-02T07:30:08.000Z,2.0,2026-10-07,2026-09-08,Not Enforceable
ROBERTS KYLE T,2026-08-31T22:19:37.000Z,2026-12-03,a10Ps00000TfESyIAN,0058b00000GAFCDAA5,2026-09-10T22:15:09.000Z,20.0,2026-12-04,2026-09-10,Tow Sign Photo,Awaiting Applicant Info,Street Space,SSP-26-05472,012Ps000005citCIAQ,construction parking,3193 PACIFIC  AVE,2026-09-04,2026-09-10T22:15:50.000Z,2.0,2026-12-03,2026-09-04,Not Enforceable
JP UNITED ROOFING INC,2026-08-31T22:22:33.000Z,2026-10-06,a10Ps00000TfEG4IAN,005Ps00000LEF6MIAX,2026-09-17T22:49:44.000Z,20.0,2026-10-07,2026-09-15,Final Review,Awaiting Applicant Info,Street Space,SSP-26-05473,012Ps000005citCIAQ,Scaffolding and construction truck parking,296 02ND  AVE,2026-09-07,2026-10-01T07:30:14.000Z,2.0,2026-10-06,2026-09-07,Not Enforceable
COOK GENERAL CONTRACTOR INC,2026-08-31T22:49:47.000Z,2027-01-18,a10Ps00000TfJnZIAV,005Ps00000LEF6MIAX,2026-09-28T22:09:27.000Z,50.0,2027-01-19,2026-09-02,Active,Active,Street Space,SSP-26-05474,012Ps000005citCIAQ,Construction,4024 25TH  ST,2026-09-19,2026-09-28T22:09:27.000Z,6.0,2027-01-18,2026-09-19,Enforceable
YK MASON & SONS INC,2026-08-31T23:03:31.000Z,2026-10-03,a10Ps00000TfLXdIAN,0058b00000GAFCDAA5,2026-10-04T07:00:17.000Z,20.0,2026-10-04,2026-09-01,Closed,Expired,Street Space,SSP-26-05475,012Ps000005citCIAQ,Scaffolding,1115 BALBOA  ST,2026-09-04,2026-10-04T07:00:21.000Z,2.0,2026-10-03,2026-09-04,Not Enforceable
YK MASON & SONS INC,2026-08-31T23:29:38.000Z,2026-10-24,a10Ps00000TfPbFIAV,0058b00000GAFCDAA5,2026-09-01T19:58:26.000Z,20.0,2026-10-25,2026-09-01,Tow Sign Photo,Awaiting Applicant Info,Street Space,SSP-26-05476,012Ps000005citCIAQ,Scaffolding,321 SAN JOSE  AVE,2026-09-25,2026-09-01T19:58:26.000Z,2.0,2026-10-24,2026-09-25,Not Enforceable
DAMAR CONSTRN & REMODELG INC,2026-08-31T23:31:42.000Z,2027-03-08,a10Ps00000TfPjJIAV,005Ps00000IzXSvIAN,2026-09-11T16:55:08.000Z,20.0,2027-03-09,2026-09-01,Active,Active,Street Space,SSP-26-05477,012Ps000005citCIAQ,Building Permit - Construction Staging,620 02ND  AVE,2026-09-09,2026-09-11T16:55:08.000Z,2.0,2027-03-08,2026-09-09,Enforceable
UTTING EWEN NEIL,2026-08-31T23:42:43.000Z,2027-03-03,a10Ps00000TfRRlIAN,005Ps00000LEF6MIAX,2026-09-03T15:55:23.000Z,20.0,2027-03-04,2026-09-01,Active,Active,Street Space,SSP-26-05478,012Ps000005citCIAQ,Building Permit - Construction Staging,4174 26TH  ST,2026-09-04,2026-09-03T15:55:23.000Z,2.0,2027-03-03,2026-09-04,Enforceable
LAPJE ROOFING INC,2026-08-31T23:51:45.000Z,2026-10-03,a10Ps00000TfSUHIA3,0058b00000GAFCDAA5,2026-10-04T07:00:17.000Z,20.0,2026-10-04,2026-09-01,Closed,Expired,Street Space,SSP-26-05479,012Ps000005citCIAQ,Unloading of materials,246 CRESCENT  AVE,2026-09-04,2026-10-04T07:00:21.000Z,2.0,2026-10-03,2026-09-04,Not Enforceable
BOLD CONSTRUCTION,2026-08-31T23:55:17.000Z,2026-11-03,a10Ps00000TfSu5IAF,0058b00000GAFCDAA5,2026-09-01T23:14:16.000Z,34.0,2026-11-04,2026-09-01,Tow Sign Photo,Awaiting Applicant Info,Street Space,SSP-26-05480,012Ps000005citCIAQ,Parking and dumpster,1970 JACKSON  ST,2026-09-04,2026-09-01T23:14:16.000Z,3.0,2026-11-03,2026-09-04,Not Enforceable
DOMINGUEZ ANTONIO,2026-08-31T23:57:45.000Z,2026-10-31,a10Ps00000TfTJtIAN,0058b00000GAFCDAA5,2026-09-03T17:41:34.000Z,100.0,2026-11-01,2026-09-03,Tow Sign Photo,Awaiting Applicant Info,Street Space,SSP-26-05481,012Ps000005citCIAQ,Scaffolding,1901 GOLDEN GATE  AVE,2026-09-01,2026-09-03T17:41:52.000Z,7.0,2026-10-31,2026-09-01,Not Enforceable
JONATHAN RALPH SANDLER,2026-09-01T00:57:56.000Z,2026-12-03,a10Ps00000TfYjNIAV,0058b00000GAFCDAA5,2026-09-01T21:15:35.000Z,25.0,2026-12-04,2026-09-01,Tow Sign Photo,Awaiting Applicant Info,Street Space,SSP-26-05482,012Ps000005citCIAQ,Parking,47 CLARION  ALY,2026-09-04,2026-09-01T21:15:35.000Z,3.0,2026-12-03,2026-09-04,Not Enforceable
LEE DARREN,2026-09-01T01:37:51.000Z,2026-11-06,a10Ps00000TfcDVIAZ,005Ps00000IzXSvIAN,2026-09-04T17:02:09.000Z,20.0,2026-11-07,2026-09-01,Active,Active,Street Space,SSP-26-05483,012Ps000005citCIAQ,Parking,548 07TH  AVE,2026-09-07,2026-09-04T17:02:09.000Z,2.0,2026-11-06,2026-09-07,Enforceable
"JR CONSTRUCTION AND PAINTING,INC",2026-09-01T04:01:46.000Z,2026-10-06,a10Ps00000TfsGfIAJ,005Ps00000NIPXNIA5,2026-10-01T14:49:58.000Z,20.0,2026-10-07,2026-09-01,Active,Active,Street Space,SSP-26-05484,012Ps000005citCIAQ,"Parking unloading ,loading working",1724 STEINER  ST,2026-09-07,2026-10-01T14:49:58.000Z,2.0,2026-10-06,2026-09-07,Enforceable
AYANJIT PHUKAN,2026-09-01T14:29:56.000Z,2026-12-06,a10Ps00000ThlJ7IAJ,0058b00000GAFCDAA5,2026-09-01T23:05:06.000Z,20.0,2026-12-07,2026-09-01,Tow Sign Photo,Awaiting Applicant Info,Street Space,SSP-26-05485,012Ps000005citCIAQ,parking,238 PUTNAM  ST,2026-09-07,2026-09-01T23:05:06.000Z,2.0,2026-12-06,2026-09-07,Not Enforceable
DAVIS AARON S,2026-09-01T14:35:32.000Z,2026-10-06,a10Ps00000ThnBFIAZ,005Ps00000KZMuzIAH,2026-09-30T13:35:22.000Z,40.0,2026-10-07,2026-09-03,Tow Sign Photo,Awaiting Applicant Info,Street Space,SSP-26-05486,012Ps000005citCIAQ,Scaffolding,1405 BRODERICK  ST,2026-09-07,2026-09-30T13:35:22.000Z,3.0,2026-10-06,2026-09-07,Not Enforceable
AYANJIT PHUKAN,2026-09-01T14:37:37.000Z,2027-02-06,a10Ps00000ThnzFIAR,0058b00000GAFCDAA5,2026-09-01T23:02:17.000Z,25.0,2027-02-07,2026-09-01,Tow Sign Photo,Awaiting Applicant Info,Street Space,SSP-26-05487,012Ps000005citCIAQ,parking,1262 STANYAN  ST,2026-09-07,2026-09-01T23:02:17.000Z,3.0,2027-02-06,2026-09-07,Not Enforceable
DAVIS AARON S,2026-09-01T14:41:43.000Z,2026-10-06,a10Ps00000ThpPxIAJ,0058b00000GAFCDAA5,2026-09-03T17:09:12.000Z,20.0,2026-10-07,2026-09-03,Tow Sign Photo,Awaiting Applicant Info,Street Space,SSP-26-05488,012Ps000005citCIAQ,Scaffolding,903 FULTON  ST,2026-09-07,2026-10-01T07:30:11.000Z,2.0,2026-10-06,2026-09-07,Not Enforceable
ROBERT BERNHARD COATINGS/RBC,2026-09-01T14:46:37.000Z,2026-10-04,a10Ps00000Thh94IAB,005Ps00000JWY3dIAH,2026-10-04T01:55:19.000Z,20.0,2026-10-05,2026-09-01,Final Review,Pending,Street Space,SSP-26-05489,012Ps000005citCIAQ,Parking space for contractor,3312 FOLSOM  ST,2026-09-05,2026-10-04T01:55:19.000Z,2.0,2026-10-04,2026-09-05,Not Enforceable
MCKEEVER BILL P,2026-09-01T14:51:24.000Z,2026-10-05,a10Ps00000ThTxLIAV,0058b00000GAFCDAA5,2026-09-01T15:24:02.000Z,20.0,2026-10-06,2026-09-01,Tow Sign Photo,Awaiting Applicant Info,Street Space,SSP-26-05490,012Ps000005citCIAQ,painting and scaffolding,604 02ND  AVE,2026-09-06,2026-09-30T07:30:04.000Z,2.0,2026-10-05,2026-09-06,Not Enforceable
GATEWAY ROOFING & WATERPRG INC,2026-09-01T15:11:51.000Z,2026-10-04,a10Ps00000Ti0EvIAJ,0058b00000GAFCDAA5,2026-09-01T17:53:17.000Z,20.0,2026-10-05,2026-09-01,Tow Sign Photo,Awaiting Applicant Info,Street Space,SSP-26-05491,012Ps000005citCIAQ,Re-roofing work,2411 WASHINGTON  ST,2026-09-05,2026-09-29T07:30:10.000Z,2.0,2026-10-04,2026-09-05,Not Enforceable
NOVA DESIGNS BUILDS INC,2026-09-01T15:21:49.000Z,2026-10-06,a10Ps00000ThsPSIAZ,005Ps00000LEF6MIAX,2026-09-08T22:58:39.000Z,20.0,2026-10-07,2026-09-01,Active,Active,Street Space,SSP-26-05492,012Ps000005citCIAQ,Scaffolding on sidewalk for painting,940 SHOTWELL  ST,2026-09-07,2026-10-01T07:30:13.000Z,2.0,2026-10-06,2026-09-07,Enforceable
GATEWAY ROOFING & WATERPRG INC,2026-09-01T15:38:56.000Z,2026-10-04,a10Ps00000TiAivIAF,0058b00000GAFCDAA5,2026-09-01T17:53:31.000Z,20.0,2026-10-05,2026-09-01,Tow Sign Photo,Awaiting Applicant Info,Street Space,SSP-26-05493,012Ps000005citCIAQ,Re-roofing work,2465 WASHINGTON  ST,2026-09-05,2026-09-29T07:30:10.000Z,2.0,2026-10-04,2026-09-05,Not Enforceable
CENTONI GINA M,2026-09-01T16:53:42.000Z,2026-12-06,a10Ps00000TiYzlIAF,005Ps00000IzXSvIAN,2026-09-08T18:38:29.000Z,48.0,2026-12-07,2026-09-02,Active,Active,Street Space,SSP-26-05494,012Ps000005citCIAQ,"Debris bin, port-a-potty and parking",300 CASTRO  ST,2026-09-07,2026-09-08T18:38:29.000Z,4.0,2026-12-06,2026-09-07,Enforceable
ASPECT BUILDERS LLC,2026-09-01T17:16:23.000Z,2026-10-06,a10Ps00000TimGLIAZ,0058b00000GAFCDAA5,2026-09-01T18:29:20.000Z,20.0,2026-10-07,2026-09-01,Tow Sign Photo,Awaiting Applicant Info,Street Space,SSP-26-05495,012Ps000005citCIAQ,truck/debris box parking for spoils removal,2310 BROADWAY,2026-09-07,2026-10-01T07:30:13.000Z,2.0,2026-10-06,2026-09-07,Not Enforceable
WONG YIU FOR,2026-09-01T17:25:55.000Z,2026-10-07,a10Ps00000TipcPIAR,005Ps00000IzXSvIAN,2026-09-03T16:14:16.000Z,20.0,2026-10-08,2026-09-01,Active,Active,Street Space,SSP-26-05496,012Ps000005citCIAQ,painting,80 GLOVER  ST,2026-09-08,2026-10-02T07:30:08.000Z,2.0,2026-10-07,2026-09-08,Enforceable
CBS CONSTRUCTION INC,2026-09-01T18:25:31.000Z,2026-10-06,a10Ps00000TjAFRIA3,005Ps00000IzXSvIAN,2026-09-09T18:23:00.000Z,20.0,2026-10-07,2026-09-01,Active,Active,Street Space,SSP-26-05498,012Ps000005citCIAQ,Parking,1638 FILBERT  ST,2026-09-07,2026-10-01T07:30:11.000Z,2.0,2026-10-06,2026-09-07,Enforceable
RONALD REYES,2026-09-01T18:52:56.000Z,2026-10-08,a10Ps00000TjJdhIAF,005Ps00000LEF6MIAX,2026-09-08T21:58:03.000Z,95.0,2026-10-09,2026-09-01,Active,Active,Street Space,SSP-26-05499,012Ps000005citCIAQ,Scaffolding only,44 HUGO  ST,2026-09-09,2026-10-03T07:30:04.000Z,6.0,2026-10-08,2026-09-09,Enforceable
BEN'S ROOFING INC,2026-09-01T19:19:31.000Z,2026-10-02,a10Ps00000TjRszIAF,0058b00000GAFCDAA5,2026-10-03T07:00:22.000Z,60.0,2026-10-03,2026-09-01,Closed,Expired,Street Space,SSP-26-05500,012Ps000005citCIAQ,Reroofing,16 JESSIE  ST,2026-09-03,2026-10-03T07:00:28.000Z,4.0,2026-10-02,2026-09-03,Not Enforceable
LCR CONSTRUCTION,2026-09-01T19:23:25.000Z,2026-11-06,a10Ps00000TjSyjIAF,0058b00000GAFCDAA5,2026-09-01T19:43:43.000Z,20.0,2026-11-07,2026-09-01,Tow Sign Photo,Awaiting Applicant Info,Street Space,SSP-26-05501,012Ps000005citCIAQ,Parking,239 BRANNAN  ST,2026-09-07,2026-09-01T19:43:43.000Z,2.0,2026-11-06,2026-09-07,Not Enforceable
"WINDER CONSTRUCTION, INC.",2026-09-01T19:28:20.000Z,2026-11-07,a10Ps00000TjUE9IAN,0058b00000GAFCDAA5,2026-09-03T14:10:38.000Z,60.0,2026-11-08,2026-09-03,Tow Sign Photo,Awaiting Applicant Info,Street Space,SSP-26-05502,012Ps000005citCIAQ,Load and unload scaffolding,190 21ST  AVE,2026-09-08,2026-09-03T14:10:48.000Z,4.0,2026-11-07,2026-09-08,Not Enforceable
YK MASON & SONS INC,2026-09-01T20:10:49.000Z,2026-10-17,a10Ps00000TjhGDIAZ,005Ps00000LEF6MIAX,2026-09-22T15:14:25.000Z,20.0,2026-10-18,2026-09-01,Active,Active,Street Space,SSP-26-05504,012Ps000005citCIAQ,Scaffolding and parking space in front.  Need both no-parking signs and placard.,1481 08TH  AVE,2026-09-18,2026-09-22T15:14:25.000Z,2.0,2026-10-17,2026-09-18,Enforceable
YK MASON & SONS INC,2026-09-01T20:14:42.000Z,2026-10-15,a10Ps00000TjiaTIAR,005Ps00000LEF6MIAX,2026-09-22T15:11:42.000Z,20.0,2026-10-16,2026-09-01,Active,Active,Street Space,SSP-26-05505,012Ps000005citCIAQ,Scaffolding and parking space in front.  Need both no-parking signs and placard.,80 BEAVER  ST,2026-09-16,2026-09-22T15:11:42.000Z,2.0,2026-10-15,2026-09-16,Enforceable
JPF CONSTRUCTION CO,2026-09-01T20:15:10.000Z,2026-12-07,a10Ps00000TjifJIAR,0058b00000GAFCDAA5,2026-09-09T04:07:28.000Z,60.0,2026-12-08,2026-09-08,Tow Sign Photo,Awaiting Applicant Info,Street Space,SSP-26-05506,012Ps000005citCIAQ,load construction debris and unload project materials and equipment,1405 VAN NESS  AVE,2026-09-08,2026-09-09T04:07:28.000Z,4.0,2026-12-07,2026-09-08,Not Enforceable
ASSOCIATED BUILDERS,2026-09-01T20:39:45.000Z,2026-10-07,a10Ps00000TjoxeIAB,005Ps00000Iz73wIAB,2026-09-02T21:30:21.000Z,20.0,2026-10-08,2026-09-01,Tow Sign Photo,Awaiting Applicant Info,Street Space,SSP-26-05507,012Ps000005citCIAQ,Re-Roofing,2313 GREENWICH  ST,2026-09-08,2026-10-02T07:30:04.000Z,2.0,2026-10-07,2026-09-08,Not Enforceable
THE TOBONI GROUP LLC,2026-09-01T21:01:26.000Z,2027-03-06,a10Ps00000TjuQLIAZ,0058b00000GAFCDAA5,2026-09-01T21:17:03.000Z,60.0,2027-03-07,2026-09-01,Tow Sign Photo,Awaiting Applicant Info,Street Space,SSP-26-05508,012Ps000005citCIAQ,"Deliveries, Material Delivery, Parking",1721 15TH  ST,2026-09-07,2026-09-01T21:17:03.000Z,4.0,2027-03-06,2026-09-07,Not Enforceable
PANTAZELOS PETER,2026-09-01T21:14:27.000Z,2026-10-06,a10Ps00000TjxKzIAJ,005Ps00000LEF6MIAX,2026-09-16T18:56:08.000Z,40.0,2026-10-07,2026-09-01,Active,Active,Street Space,SSP-26-05509,012Ps000005citCIAQ,parking,1045 LEAVENWORTH  ST,2026-09-07,2026-10-01T07:30:12.000Z,3.0,2026-10-06,2026-09-07,Enforceable
ALLPRO PAINTING & RESTORATION,2026-09-01T21:15:59.000Z,2026-10-07,a10Ps00000TjPkkIAF,0058b00000GAFCDAA5,2026-09-01T21:26:53.000Z,40.0,2026-10-08,2026-09-01,Tow Sign Photo,Awaiting Applicant Info,Street Space,SSP-26-05510,012Ps000005citCIAQ,Scaffolding,435 DUBOCE  AVE,2026-09-08,2026-10-02T07:30:09.000Z,3.0,2026-10-07,2026-09-08,Not Enforceable
XILISH HOME IMPROVEMENT,2026-09-01T21:29:50.000Z,2026-10-06,a10Ps00000Tk1hxIAB,005Ps00000IzXSvIAN,2026-09-03T20:47:20.000Z,20.0,2026-10-07,2026-09-01,Active,Active,Street Space,SSP-26-05511,012Ps000005citCIAQ,parking,1726 POST  ST,2026-09-07,2026-10-01T07:30:11.000Z,2.0,2026-10-06,2026-09-07,Enforceable
,2026-09-01T21:42:10.000Z,2026-10-05,a10Ps00000Tk2cQIAR,005Ps00000LaJjBIAV,2026-10-04T15:45:53.000Z,20.0,2026-10-06,2026-09-01,Tow Sign Photo,Awaiting Applicant Info,Street Space,SSP-26-05513,012Ps000005citCIAQ,Building Permit - Construction Staging,131 PERALTA  AVE,2026-09-06,2026-10-04T15:45:53.000Z,2.0,2026-10-05,2026-09-06,Not Enforceable
ENGINEERED SOIL REPAIRS INC,2026-09-01T21:50:15.000Z,2026-11-06,a10Ps00000Tk5gjIAB,0058b00000GAFCDAA5,2026-09-02T22:53:35.000Z,280.0,2026-11-07,2026-09-02,Tow Sign Photo,Awaiting Applicant Info,Street Space,SSP-26-05514,012Ps000005citCIAQ,Building Permit - Construction Staging,588 MISSION BAY NORTH BLVD,2026-09-07,2026-09-02T22:54:03.000Z,15.0,2026-11-06,2026-09-07,Not Enforceable
DAVISON ALEXANDER S,2026-09-01T22:00:21.000Z,2026-11-07,a10Ps00000Tk8BZIAZ,0058b00000GAFCDAA5,2026-09-01T22:07:53.000Z,25.0,2026-11-08,2026-09-01,Tow Sign Photo,Awaiting Applicant Info,Street Space,SSP-26-05515,012Ps000005citCIAQ,parking plus porter potty,542 LYON  ST,2026-09-08,2026-09-01T22:07:53.000Z,3.0,2026-11-07,2026-09-08,Not Enforceable
EXCELSIOR ROOFING INC,2026-09-01T22:53:02.000Z,2026-10-16,a10Ps00000Tkaz3IAB,005Ps00000IxBTKIA3,2026-09-02T15:39:55.000Z,20.0,2026-10-17,2026-09-02,Tow Sign Photo,Awaiting Applicant Info,Street Space,SSP-26-05516,012Ps000005citCIAQ,Reroofing,535 EDINBURGH  ST,2026-09-17,2026-09-02T15:39:55.000Z,2.0,2026-10-16,2026-09-17,Not Enforceable
"WEI DANG BUILDERS, INC DBA JD DEVELOPMENT INC",2026-09-01T23:25:47.000Z,2026-10-12,a10Ps00000TkgmjIAB,005Ps00000LEF6MIAX,2026-09-15T15:09:40.000Z,20.0,2026-10-13,2026-09-01,Active,Active,Street Space,SSP-26-05517,012Ps000005citCIAQ,Sidewalk parking for contractor's vehicle,1240 15TH  AVE,2026-09-13,2026-09-15T15:09:40.000Z,2.0,2026-10-12,2026-09-13,Enforceable
YK MASON & SONS INC,2026-09-01T23:48:53.000Z,2026-10-20,a10Ps00000TkkgfIAB,0058b00000GAFCDAA5,2026-09-02T23:06:07.000Z,96.0,2026-10-21,2026-09-02,Tow Sign Photo,Awaiting Applicant Info,Street Space,SSP-26-05518,012Ps000005citCIAQ,Scaffolding,4401 20TH  ST,2026-09-21,2026-09-02T23:06:07.000Z,7.0,2026-10-20,2026-09-21,Not Enforceable
DUMLAO CHRIS,2026-09-02T00:02:35.000Z,2026-10-04,a10Ps00000Tklw5IAB,0058b00000GAFCDAA5,2026-09-02T18:11:09.000Z,25.0,2026-10-05,2026-09-02,Tow Sign Photo,Awaiting Applicant Info,Street Space,SSP-26-05519,012Ps000005citCIAQ,Building Maintenance,359 JERSEY  ST,2026-09-05,2026-09-29T07:30:10.000Z,3.0,2026-10-04,2026-09-05,Not Enforceable
GREAT OCEAN CONSTRUCTION INC,2026-09-02T00:26:25.000Z,2027-03-06,a10Ps00000TkoE1IAJ,005Ps00000LEF6MIAX,2026-09-02T21:16:50.000Z,20.0,2027-03-07,2026-09-02,Active,Active,Street Space,SSP-26-05520,012Ps000005citCIAQ,Building Permit - Construction Staging,630 40TH  AVE,2026-09-07,2026-09-02T21:16:50.000Z,2.0,2027-03-06,2026-09-07,Enforceable
WESTERN STAR,2026-09-02T04:54:01.000Z,2026-10-13,a10Ps00000TlCQ1IAN,0058b00000GAFCDAA5,2026-09-03T17:11:16.000Z,20.0,2026-10-14,2026-09-03,Tow Sign Photo,Awaiting Applicant Info,Street Space,SSP-26-05521,012Ps000005citCIAQ,Building Permit - Construction Staging,950 COLUMBUS  AVE,2026-09-14,2026-09-03T17:11:16.000Z,2.0,2026-10-13,2026-09-14,Not Enforceable
BARRIOS PAINTING INC,2026-09-02T05:42:36.000Z,2026-10-08,a10Ps00000TlEWiIAN,0058b00000GAFCDAA5,2026-09-02T22:05:46.000Z,20.0,2026-10-09,2026-09-02,Tow Sign Photo,Awaiting Applicant Info,Street Space,SSP-26-05522,012Ps000005citCIAQ,Scaffolding,1445 LYON  ST,2026-09-09,2026-10-03T07:30:03.000Z,2.0,2026-10-08,2026-09-09,Not Enforceable
DKG CONSTRUCTION INC,2026-09-02T15:11:52.000Z,2026-12-02,a10Ps00000TnFy5IAF,0058b00000GAFCDAA5,2026-09-02T15:19:01.000Z,20.0,2026-12-03,2026-09-02,Tow Sign Photo,Awaiting Applicant Info,Street Space,SSP-26-05523,012Ps000005citCIAQ,parking,18 PARNASSUS  AVE,2026-09-03,2026-09-02T15:19:01.000Z,2.0,2026-12-02,2026-09-03,Not Enforceable
CLARK CONSTRUCTION LLC,2026-09-02T15:24:04.000Z,2027-02-06,a10Ps00000TnKHpIAN,0058b00000GAFCDAA5,2026-09-02T15:49:13.000Z,204.0,2027-02-07,2026-09-02,Tow Sign Photo,Awaiting Applicant Info,Street Space,SSP-26-05524,012Ps000005citCIAQ,parking spaces,1001 POTRERO  AVE,2026-09-07,2026-09-02T15:49:13.000Z,7.0,2027-02-06,2026-09-07,Not Enforceable
C H BURNHAM INC,2026-09-02T15:42:50.000Z,2027-03-06,a10Ps00000TnQzxIAF,005Ps00000IzXSvIAN,2026-09-04T22:49:48.000Z,20.0,2027-03-07,2026-09-02,Active,Active,Street Space,SSP-26-05526,012Ps000005citCIAQ,construction parking,1480 WILLARD  ST,2026-09-07,2026-09-04T22:49:48.000Z,2.0,2027-03-06,2026-09-07,Enforceable
YEUNG CHI SUM,2026-09-02T15:50:15.000Z,2027-03-07,a10Ps00000TnPvqIAF,005Ps00000IzXSvIAN,2026-09-04T17:00:17.000Z,20.0,2027-03-08,2026-09-02,Active,Active,Street Space,SSP-26-05527,012Ps000005citCIAQ,Building Maintenance,46 MARCELA  AVE,2026-09-08,2026-09-04T17:00:17.000Z,2.0,2027-03-07,2026-09-08,Enforceable
,2026-09-02T16:16:25.000Z,2026-10-13,a10Ps00000TnMBbIAN,005Ps00000IzXSvIAN,2026-09-21T18:06:36.000Z,40.0,2026-10-14,2026-09-08,Active,Active,Street Space,SSP-26-05528,012Ps000005citCIAQ,Building Permit - Construction Staging,363 VALENCIA  ST,2026-09-14,2026-09-21T18:06:36.000Z,3.0,2026-10-13,2026-09-14,Enforceable
SFT CONSTRUCTION CORP,2026-09-02T16:25:15.000Z,2026-10-06,a10Ps00000TneI9IAJ,0058b00000GAFCDAA5,2026-09-02T18:24:41.000Z,20.0,2026-10-07,2026-09-02,Tow Sign Photo,Awaiting Applicant Info,Street Space,SSP-26-05529,012Ps000005citCIAQ,Building Permit - Construction Staging,50 RAYMOND  AVE,2026-09-07,2026-10-01T07:30:12.000Z,2.0,2026-10-06,2026-09-07,Not Enforceable
FIDELITY ROOF CO,2026-09-02T16:58:32.000Z,2026-10-22,a10Ps00000TnngPIAR,005Ps00000IzXSvIAN,2026-09-18T22:45:27.000Z,80.0,2026-10-23,2026-09-02,Active,Active,Street Space,SSP-26-05530,012Ps000005citCIAQ,Reroofing,1225 STEINER  ST,2026-09-23,2026-09-18T22:45:27.000Z,5.0,2026-10-22,2026-09-23,Enforceable
BLOCK12 CONSTRUCTION,2026-09-02T17:02:48.000Z,2026-10-07,a10Ps00000TnosbIAB,0058b00000GAFCDAA5,2026-09-02T21:04:20.000Z,40.0,2026-10-08,2026-09-02,Tow Sign Photo,Awaiting Applicant Info,Street Space,SSP-26-05531,012Ps000005citCIAQ,Building Maintenance,2040 BROADWAY,2026-09-08,2026-10-02T07:30:04.000Z,3.0,2026-10-07,2026-09-08,Not Enforceable
NABI CONSTRUCTION & ENGRNG INC,2026-09-02T17:40:22.000Z,2026-11-06,a10Ps00000To0CDIAZ,0058b00000GAFCDAA5,2026-09-02T18:35:08.000Z,60.0,2026-11-07,2026-09-02,Tow Sign Photo,Awaiting Applicant Info,Street Space,SSP-26-05532,012Ps000005citCIAQ,Construction parking,2100 PINE  ST,2026-09-07,2026-09-02T18:35:08.000Z,5.0,2026-11-06,2026-09-07,Not Enforceable
NABI CONSTRUCTION & ENGRNG INC,2026-09-02T17:47:55.000Z,2026-11-02,a10Ps00000TnrosIAB,0058b00000GAFCDAA5,2026-09-02T18:21:49.000Z,20.0,2026-11-03,2026-09-02,Tow Sign Photo,Awaiting Applicant Info,Street Space,SSP-26-05534,012Ps000005citCIAQ,Construction Parking,1321 COLE  ST,2026-09-03,2026-09-02T18:21:49.000Z,2.0,2026-11-02,2026-09-03,Not Enforceable
MELVIN ARIAS,2026-09-02T17:55:37.000Z,2026-10-14,a10Ps00000To4e1IAB,0058b00000GAFCDAA5,2026-09-02T17:58:09.000Z,25.0,2026-10-15,2026-09-02,Tow Sign Photo,Awaiting Applicant Info,Street Space,SSP-26-05535,012Ps000005citCIAQ,Building Permit - Construction Staging,1047 YORK  ST,2026-09-15,2026-09-02T17:58:09.000Z,3.0,2026-10-14,2026-09-15,Not Enforceable
"A2Z REMODELING, INC.",2026-09-02T18:03:46.000Z,2026-10-07,a10Ps00000To6xZIAR,005Ps00000IzXSvIAN,2026-09-11T18:40:07.000Z,20.0,2026-10-08,2026-09-02,Final Review,Awaiting Applicant Info,Street Space,SSP-26-05536,012Ps000005citCIAQ,Building Permit - Construction Staging,162 27TH  AVE,2026-09-08,2026-10-02T07:30:06.000Z,2.0,2026-10-07,2026-09-08,Not Enforceable
LITKE PROPERTIES INC/LITKE J,2026-09-02T18:16:18.000Z,2026-10-06,a10Ps00000ToA57IAF,0058b00000GAFCDAA5,2026-09-02T20:56:16.000Z,60.0,2026-10-07,2026-09-02,Tow Sign Photo,Awaiting Applicant Info,Street Space,SSP-26-05537,012Ps000005citCIAQ,Building construction,3637 SACRAMENTO  ST,2026-09-07,2026-10-01T07:30:12.000Z,4.0,2026-10-06,2026-09-07,Not Enforceable
LAWSON ROOFING CO INC,2026-09-02T18:21:12.000Z,2026-10-07,a10Ps00000ToBcHIAV,0058b00000GAFCDAA5,2026-09-02T18:55:38.000Z,40.0,2026-10-08,2026-09-02,Tow Sign Photo,Awaiting Applicant Info,Street Space,SSP-26-05538,012Ps000005citCIAQ,"Roofing, scaffolding",231 SANSOME  ST,2026-09-08,2026-10-02T07:30:03.000Z,3.0,2026-10-07,2026-09-08,Not Enforceable
LINDQUIST CUSTOM CONSTRUC INC,2026-09-02T19:00:51.000Z,2026-10-02,a10Ps00000ToLgTIAV,0058b00000GAFCDAA5,2026-10-03T07:00:22.000Z,20.0,2026-10-03,2026-09-02,Closed,Expired,Street Space,SSP-26-05539,012Ps000005citCIAQ,Scaffolding,579 LOS PALMOS  DR,2026-09-03,2026-10-03T07:00:27.000Z,2.0,2026-10-02,2026-09-03,Not Enforceable
LECA CONSTRUCTION LLC,2026-09-02T19:11:38.000Z,2026-11-07,a10Ps00000ToOG9IAN,005Ps00000IzXSvIAN,2026-09-11T16:54:37.000Z,20.0,2026-11-08,2026-09-02,Active,Active,Street Space,SSP-26-05540,012Ps000005citCIAQ,"Parking for hotel remodel/repair. Includes exterior dryrot removal at marked areas, complete exterior repainting, removal of abandoned exterior electrical wiring/piping/low voltage.",943 SOUTH VAN NESS  AVE,2026-09-08,2026-09-11T16:54:37.000Z,2.0,2026-11-07,2026-09-08,Enforceable
,2026-09-02T19:58:54.000Z,2026-11-06,a10Ps00000ToakLIAR,005Ps00000IzXSvIAN,2026-09-11T16:53:46.000Z,20.0,2026-11-07,2026-09-02,Final Review,Awaiting Applicant Info,Street Space,SSP-26-05541,012Ps000005citCIAQ,Loading/unloading of construction materials/equipment,1110 CHURCH  ST,2026-09-07,2026-09-11T16:53:46.000Z,2.0,2026-11-06,2026-09-07,Not Enforceable
EVEREST WATERPROOFING,2026-09-02T20:12:59.000Z,2026-10-07,a10Ps00000ToesnIAB,005Ps00000JCP2zIAH,2026-10-02T22:45:46.000Z,20.0,2026-10-08,2026-09-02,Tow Sign Photo,Awaiting Applicant Info,Street Space,SSP-26-05542,012Ps000005citCIAQ,parking,2040 FRANKLIN  ST,2026-09-08,2026-10-02T22:45:46.000Z,2.0,2026-10-07,2026-09-08,Not Enforceable
EVEREST WATERPROOFING,2026-09-02T20:13:42.000Z,2026-10-06,a10Ps00000TofAXIAZ,005Ps00000JCP2zIAH,2026-10-02T22:50:03.000Z,20.0,2026-10-07,2026-09-02,Tow Sign Photo,Awaiting Applicant Info,Street Space,SSP-26-05543,012Ps000005citCIAQ,parking,1701 BROADWAY,2026-09-07,2026-10-02T22:50:03.000Z,2.0,2026-10-06,2026-09-07,Not Enforceable
ALCHEMY SPRINGS PARTNERS LLC,2026-09-02T20:14:59.000Z,2026-11-02,a10Ps00000ToRxDIAV,0058b00000GAFCDAA5,2026-09-03T17:47:47.000Z,40.0,2026-11-03,2026-09-03,Tow Sign Photo,Awaiting Applicant Info,Street Space,SSP-26-05544,012Ps000005citCIAQ,Construction loading and unloading,939 POST  ST,2026-09-03,2026-09-03T17:48:06.000Z,3.0,2026-11-02,2026-09-03,Not Enforceable
TOM LEE ROOFING INC,2026-09-02T20:28:59.000Z,2026-11-04,a10Ps00000ToeMYIAZ,0058b00000GAFCDAA5,2026-09-02T20:58:21.000Z,20.0,2026-11-05,2026-09-02,Tow Sign Photo,Awaiting Applicant Info,Street Space,SSP-26-05546,012Ps000005citCIAQ,Reroofing,557 28TH  ST,2026-10-05,2026-09-02T20:58:21.000Z,2.0,2026-11-04,2026-10-05,Not Enforceable
KEIGHTLEY BUILDERS INC,2026-09-02T22:18:45.000Z,2026-12-05,a10Ps00000TpD49IAF,0058b00000GAFCDAA5,2026-09-02T22:26:28.000Z,20.0,2026-12-06,2026-09-02,Tow Sign Photo,Awaiting Applicant Info,Street Space,SSP-26-05547,012Ps000005citCIAQ,Truck parking,449 11TH  AVE,2026-09-06,2026-09-02T22:26:28.000Z,2.0,2026-12-05,2026-09-06,Not Enforceable
TOM LEE ROOFING INC,2026-09-02T22:41:09.000Z,2026-11-11,a10Ps00000TpGoPIAV,005Ps00000IxBTKIA3,2026-09-02T23:25:59.000Z,20.0,2026-11-12,2026-09-02,Tow Sign Photo,Awaiting Applicant Info,Street Space,SSP-26-05548,012Ps000005citCIAQ,reroofing,201 SAN FERNANDO  WAY,2026-10-12,2026-09-02T23:25:59.000Z,2.0,2026-11-11,2026-10-12,Not Enforceable
TOM LEE ROOFING INC,2026-09-02T22:43:45.000Z,2026-11-11,a10Ps00000TpFIuIAN,005Ps00000IxBTKIA3,2026-09-02T23:23:02.000Z,20.0,2026-11-12,2026-09-02,Tow Sign Photo,Awaiting Applicant Info,Street Space,SSP-26-05549,012Ps000005citCIAQ,reroofing,1479 37TH  AVE,2026-10-12,2026-09-02T23:23:02.000Z,2.0,2026-11-11,2026-10-12,Not Enforceable
URBAN BUILDER GEN CONTRACTING,2026-09-02T22:44:00.000Z,2026-11-07,a10Ps00000TpF2kIAF,0058b00000GAFCDAA5,2026-09-02T23:27:20.000Z,25.0,2026-11-08,2026-09-02,Tow Sign Photo,Awaiting Applicant Info,Street Space,SSP-26-05550,012Ps000005citCIAQ,Building Permit - Construction Staging,151 UPPER  TER,2026-09-08,2026-09-02T23:27:20.000Z,3.0,2026-11-07,2026-09-08,Not Enforceable
TOM LEE ROOFING INC,2026-09-02T22:45:43.000Z,2026-11-11,a10Ps00000TpHSmIAN,005Ps00000IxBTKIA3,2026-09-02T23:22:18.000Z,20.0,2026-11-12,2026-09-02,Tow Sign Photo,Awaiting Applicant Info,Street Space,SSP-26-05551,012Ps000005citCIAQ,reroofing,71 SCOTT  ST,2026-10-12,2026-09-02T23:22:18.000Z,2.0,2026-11-11,2026-10-12,Not Enforceable
EVEREST WATERPROOFING,2026-09-02T22:51:29.000Z,2026-10-07,a10Ps00000TpJUXIA3,0058b00000GAFCDAA5,2026-09-03T22:28:18.000Z,20.0,2026-10-08,2026-09-03,Tow Sign Photo,Awaiting Applicant Info,Street Space,SSP-26-05553,012Ps000005citCIAQ,Building Maintenance,300 03RD  ST,2026-09-08,2026-10-02T07:30:04.000Z,2.0,2026-10-07,2026-09-08,Not Enforceable
SAGE CONSTRUCTION SERVICES,2026-09-02T22:55:07.000Z,2026-11-10,a10Ps00000TpK8rIAF,005Ps00000LEF6MIAX,2026-09-08T22:59:29.000Z,20.0,2026-11-11,2026-09-03,Active,Active,Street Space,SSP-26-05554,012Ps000005citCIAQ,Construction vehicles,300 VALLEY  ST,2026-09-11,2026-09-08T22:59:29.000Z,2.0,2026-11-10,2026-09-11,Enforceable
RICHARD SHOCKLEY CONSTRUCTION,2026-09-02T23:03:32.000Z,2026-12-05,a10Ps00000TpL89IAF,0058b00000GAFCDAA5,2026-09-02T23:20:34.000Z,40.0,2026-12-06,2026-09-02,Tow Sign Photo,Awaiting Applicant Info,Street Space,SSP-26-05555,012Ps000005citCIAQ,Scaffolding,5717 CALIFORNIA  ST,2026-09-06,2026-09-02T23:20:34.000Z,3.0,2026-12-05,2026-09-06,Not Enforceable
RELIABLE CONSTRUCTION INC,2026-09-02T23:05:34.000Z,2026-11-07,a10Ps00000TpLRVIA3,0058b00000GAFCDAA5,2026-09-03T23:27:50.000Z,20.0,2026-11-08,2026-09-03,Tow Sign Photo,Awaiting Applicant Info,Street Space,SSP-26-05556,012Ps000005citCIAQ,staging and construction parking,643 39TH  AVE,2026-09-08,2026-09-03T23:27:50.000Z,2.0,2026-11-07,2026-09-08,Not Enforceable
TOM LEE ROOFING INC,2026-09-02T23:17:41.000Z,2026-11-11,a10Ps00000TpMvRIAV,0058b00000GAFCDAA5,2026-09-03T15:53:39.000Z,20.0,2026-11-12,2026-09-03,Tow Sign Photo,Awaiting Applicant Info,Street Space,SSP-26-05557,012Ps000005citCIAQ,reroofing,48 MATEO  ST,2026-10-12,2026-09-03T15:53:39.000Z,2.0,2026-11-11,2026-10-12,Not Enforceable
YK MASON & SONS INC,2026-09-02T23:35:58.000Z,2026-10-09,a10Ps00000TpOyrIAF,005Ps00000LEF6MIAX,2026-09-22T15:16:29.000Z,20.0,2026-10-10,2026-09-03,Active,Active,Street Space,SSP-26-05558,012Ps000005citCIAQ,"Scaffolding in front and parking meter in front.  It looks like using Google Map, there are meters in front.  We will buy one meter.  Need no-parking signs and placard.",1171 FOLSOM  ST,2026-09-10,2026-10-04T07:30:04.000Z,2.0,2026-10-09,2026-09-10,Enforceable
YK MASON & SONS INC,2026-09-02T23:47:05.000Z,2026-10-07,a10Ps00000TpEuhIAF,0058b00000GAFCDAA5,2026-09-03T21:59:40.000Z,20.0,2026-10-08,2026-09-03,Tow Sign Photo,Awaiting Applicant Info,Street Space,SSP-26-05559,012Ps000005citCIAQ,Scaffolding in front and parking space in front.  Need both no-parking signs and placard.,3064 SACRAMENTO  ST,2026-09-08,2026-10-02T07:30:06.000Z,2.0,2026-10-07,2026-09-08,Not Enforceable
YK MASON & SONS INC,2026-09-02T23:53:04.000Z,2026-10-07,a10Ps00000TpQm9IAF,0058b00000GAFCDAA5,2026-09-03T22:25:43.000Z,40.0,2026-10-08,2026-09-03,Tow Sign Photo,Awaiting Applicant Info,Street Space,SSP-26-05560,012Ps000005citCIAQ,Scaffolding in front and one parking space in front.  Need both no-parking signs and placard.,3620 FILLMORE  ST,2026-09-08,2026-10-02T07:30:06.000Z,3.0,2026-10-07,2026-09-08,Not Enforceable
DUMLAO CHRIS,2026-09-03T00:03:30.000Z,2026-10-10,a10Ps00000TpRezIAF,005Ps00000LEF6MIAX,2026-09-15T15:08:52.000Z,25.0,2026-10-11,2026-09-11,Active,Active,Street Space,SSP-26-05562,012Ps000005citCIAQ,Painting exterior of house and will need Scaffold and a porta potty,1309 CASTRO  ST,2026-09-11,2026-09-15T15:08:52.000Z,3.0,2026-10-10,2026-09-11,Enforceable
CSQ INC,2026-09-03T00:16:03.000Z,2026-11-07,a10Ps00000TpSrBIAV,005Ps00000IzXSvIAN,2026-09-15T18:44:13.000Z,20.0,2026-11-08,2026-09-08,Active,Active,Street Space,SSP-26-05563,012Ps000005citCIAQ,To occupy street space for use of construction,964 YORK  ST,2026-09-08,2026-09-15T18:44:13.000Z,2.0,2026-11-07,2026-09-08,Enforceable
,2026-09-03T00:27:25.000Z,2026-10-07,a10Ps00000TpU1lIAF,005Ps00000Vn57xIAB,2026-09-22T21:47:53.000Z,24.0,2026-10-08,2026-09-03,Active,Active,Street Space,SSP-26-05564,012Ps000005citCIAQ,Faciitate trailers to remove debris to quaified debris recycle centers for drywall waste and allow delivery of new materials to job site,949 YORK  ST,2026-09-08,2026-09-22T21:47:53.000Z,3.0,2026-10-07,2026-09-08,Enforceable
KENNY JINGYI LI,2026-09-03T03:45:14.000Z,2026-10-07,a10Ps00000Tq0o1IAB,0058b00000GAFCDAA5,2026-09-03T17:22:42.000Z,20.0,2026-10-08,2026-09-03,Tow Sign Photo,Awaiting Applicant Info,Street Space,SSP-26-05566,012Ps000005citCIAQ,Scaffolding,2142 LARKIN  ST,2026-09-08,2026-10-02T07:30:06.000Z,2.0,2026-10-07,2026-09-08,Not Enforceable
P JORDAN BUILDERS LLC,2026-09-03T12:48:40.000Z,2026-11-07,a10Ps00000TrHRpIAN,0058b00000GAFCDAA5,2026-09-05T18:53:40.000Z,35.0,2026-11-08,2026-09-05,Tow Sign Photo,Awaiting Applicant Info,Street Space,SSP-26-05567,012Ps000005citCIAQ,Contractor and subcontractor parking. Loading and offloading materials & equipment,1468 CLAY  ST,2026-09-08,2026-09-05T18:53:56.000Z,3.0,2026-11-07,2026-09-08,Not Enforceable
NORCAL PAINTERS INCORPORATED,2026-09-03T14:47:03.000Z,2026-10-13,a10Ps00000TsDsPIAV,005Ps00000IzXSvIAN,2026-09-11T18:24:58.000Z,20.0,2026-10-14,2026-09-08,Active,Active,Street Space,SSP-26-05569,012Ps000005citCIAQ,Portable Toilet,763 45TH  AVE,2026-09-14,2026-09-11T18:24:58.000Z,2.0,2026-10-13,2026-09-14,Enforceable
NORCAL PAINTERS INCORPORATED,2026-09-03T14:54:15.000Z,2026-10-13,a10Ps00000TsGjpIAF,005Ps00000IzXSvIAN,2026-09-11T18:23:28.000Z,20.0,2026-10-14,2026-09-08,Active,Active,Street Space,SSP-26-05570,012Ps000005citCIAQ,Scaffolding,214 PROSPECT  AVE,2026-09-14,2026-09-11T18:23:28.000Z,2.0,2026-10-13,2026-09-14,Enforceable
NORCAL PAINTERS INCORPORATED,2026-09-03T15:00:55.000Z,2026-10-13,a10Ps00000TsJ6bIAF,005Ps00000IzXSvIAN,2026-09-11T18:42:25.000Z,20.0,2026-10-14,2026-09-08,Active,Active,Street Space,SSP-26-05571,012Ps000005citCIAQ,Scaffolding,2333 KIRKHAM  ST,2026-09-14,2026-09-11T18:42:25.000Z,2.0,2026-10-13,2026-09-14,Enforceable
SURE ROOFING SYSTEMS INC,2026-09-03T15:44:54.000Z,2026-10-06,a10Ps00000TsZ1hIAF,005Ps00000IzXSvIAN,2026-09-09T18:02:45.000Z,20.0,2026-10-07,2026-09-03,Active,Awaiting Applicant Info,Street Space,SSP-26-05572,012Ps000005citCIAQ,Company vehicle parking,222 HYDE  ST,2026-09-07,2026-09-09T18:02:45.000Z,2.0,2026-10-06,2026-09-07,Not Enforceable
PIONEER CONTRACTORS INC,2026-09-03T16:13:00.000Z,2026-12-15,a10Ps00000TsirNIAR,0058b00000GAFCDAA5,2026-09-03T16:58:04.000Z,120.0,2026-12-16,2026-09-03,Tow Sign Photo,Awaiting Applicant Info,Street Space,SSP-26-05573,012Ps000005citCIAQ,Construction parking,301 VAN NESS  AVE,2026-09-16,2026-09-03T16:58:04.000Z,7.0,2026-12-15,2026-09-16,Not Enforceable
DE JONG CONSTRUCTION,2026-09-03T16:58:41.000Z,2026-11-06,a10Ps00000TsvbhIAB,0058b00000GAFCDAA5,2026-09-03T18:52:49.000Z,20.0,2026-11-07,2026-09-03,Tow Sign Photo,Awaiting Applicant Info,Street Space,SSP-26-05574,012Ps000005citCIAQ,loading and  off-loading work trucks,727 ROCKDALE  DR,2026-09-07,2026-09-03T18:52:49.000Z,2.0,2026-11-06,2026-09-07,Not Enforceable
,2026-09-03T17:03:40.000Z,2027-03-07,a10Ps00000TswpVIAR,0058b00000GAFCDAA5,2026-09-04T17:25:55.000Z,20.0,2027-03-08,2026-09-04,Tow Sign Photo,Awaiting Applicant Info,Street Space,SSP-26-05575,012Ps000005citCIAQ,Construction Parking,1374 41ST  AVE,2026-09-08,2026-09-04T17:26:47.000Z,2.0,2027-03-07,2026-09-08,Not Enforceable
TOM LEE ROOFING INC,2026-09-03T17:13:57.000Z,2026-11-11,a10Ps00000Tszk9IAB,0058b00000GAFCDAA5,2026-09-03T17:47:09.000Z,20.0,2026-11-12,2026-09-03,Tow Sign Photo,Awaiting Applicant Info,Street Space,SSP-26-05576,012Ps000005citCIAQ,reroofing,233 SAN MARCOS  AVE,2026-10-12,2026-09-03T17:47:09.000Z,2.0,2026-11-11,2026-10-12,Not Enforceable
DEEP ELM CONSTRUCTION LLC,2026-09-03T17:14:50.000Z,2026-12-07,a10Ps00000TszvRIAR,0058b00000GAFCDAA5,2026-09-03T17:52:17.000Z,20.0,2026-12-08,2026-09-03,Tow Sign Photo,Awaiting Applicant Info,Street Space,SSP-26-05577,012Ps000005citCIAQ,Construction,297 RICHLAND  AVE,2026-09-08,2026-09-03T17:52:17.000Z,2.0,2026-12-07,2026-09-08,Not Enforceable
TRUEBECK CONSTRUCTION INC,2026-09-03T17:25:03.000Z,2026-11-06,a10Ps00000Tt3PZIAZ,005Ps00000LEF6MIAX,2026-09-03T22:56:35.000Z,20.0,2026-11-07,2026-09-03,Active,Active,Street Space,SSP-26-05578,012Ps000005citCIAQ,Dumpster staging material staging,3185 WASHINGTON  ST,2026-09-07,2026-09-03T22:56:35.000Z,2.0,2026-11-06,2026-09-07,Enforceable
VONNEGUT THOREAU CONSTRUCTN IN,2026-09-03T18:03:24.000Z,2026-10-08,a10Ps00000TtEmPIAV,005Ps00000IzXSvIAN,2026-09-11T16:45:10.000Z,20.0,2026-10-09,2026-09-03,Active,Active,Street Space,SSP-26-05579,012Ps000005citCIAQ,Drop off and delivery of materials; adjacent parking for trades dealing with heavy materials,1634 DOLORES  ST,2026-09-09,2026-10-03T07:30:05.000Z,2.0,2026-10-08,2026-09-09,Enforceable
"EAG STUDIO, INC.",2026-09-03T18:08:50.000Z,2027-03-08,a10Ps00000TtGHxIAN,0058b00000GAFCDAA5,2026-09-03T18:22:31.000Z,40.0,2027-03-09,2026-09-03,Tow Sign Photo,Awaiting Applicant Info,Street Space,SSP-26-05580,012Ps000005citCIAQ,"Construction vehicles, material/tool unloading, and debris loading.",58 DIGBY  ST,2026-09-09,2026-09-03T18:22:31.000Z,3.0,2027-03-08,2026-09-09,Not Enforceable
,2026-09-03T18:27:16.000Z,2026-10-07,a10Ps00000TtLxZIAV,0058b00000GAFCDAA5,2026-09-03T18:42:35.000Z,20.0,2026-10-08,2026-09-03,Tow Sign Photo,Awaiting Applicant Info,Street Space,SSP-26-05581,012Ps000005citCIAQ,scaffold,451 HILL  ST,2026-09-08,2026-10-02T07:30:05.000Z,2.0,2026-10-07,2026-09-08,Not Enforceable
VIKING SERVICES CORP,2026-09-03T18:28:59.000Z,2026-11-20,a10Ps00000TtHigIAF,0058b00000GAFCDAA5,2026-09-03T18:56:16.000Z,20.0,2026-11-21,2026-09-03,Tow Sign Photo,Awaiting Applicant Info,Street Space,SSP-26-05582,012Ps000005citCIAQ,Remodeling,101 FREDERICK  ST,2026-09-21,2026-09-03T18:56:16.000Z,2.0,2026-11-20,2026-09-21,Not Enforceable
,2026-09-03T18:30:31.000Z,2026-10-07,a10Ps00000TtN6XIAV,0058b00000GAFCDAA5,2026-09-03T18:49:30.000Z,35.0,2026-10-08,2026-09-03,Tow Sign Photo,Awaiting Applicant Info,Street Space,SSP-26-05583,012Ps000005citCIAQ,Cosmetic repair to interior of home,41 DUNSMUIR  ST,2026-09-08,2026-10-02T07:30:04.000Z,3.0,2026-10-07,2026-09-08,Not Enforceable
J WOOD PAINTING & RESTORATION,2026-09-03T19:14:13.000Z,2026-10-09,a10Ps00000TtXyjIAF,0058b00000GAFCDAA5,2026-09-03T19:42:09.000Z,20.0,2026-10-10,2026-09-03,Tow Sign Photo,Awaiting Applicant Info,Street Space,SSP-26-05584,012Ps000005citCIAQ,Scaffold,154 23RD  AVE,2026-09-10,2026-10-04T07:30:04.000Z,2.0,2026-10-09,2026-09-10,Not Enforceable
DORAN BRAD D,2026-09-03T19:37:20.000Z,2027-03-07,a10Ps00000TteaPIAR,0058b00000GAFCDAA5,2026-09-04T18:17:12.000Z,20.0,2027-03-08,2026-09-04,Tow Sign Photo,Awaiting Applicant Info,Street Space,SSP-26-05585,012Ps000005citCIAQ,Construction parking,573 DIAMOND  ST,2026-09-08,2026-09-04T18:17:12.000Z,2.0,2027-03-07,2026-09-08,Not Enforceable
MR LI SCAFFOLD CO INC,2026-09-03T19:42:47.000Z,2026-10-09,a10Ps00000TtJ2yIAF,0058b00000GAFCDAA5,2026-09-03T20:52:50.000Z,20.0,2026-10-10,2026-09-03,Tow Sign Photo,Awaiting Applicant Info,Street Space,SSP-26-05586,012Ps000005citCIAQ,scaffolding,815 PIERCE  ST,2026-09-10,2026-10-04T07:30:05.000Z,2.0,2026-10-09,2026-09-10,Not Enforceable
DORAN BRAD D,2026-09-03T19:48:54.000Z,2027-03-07,a10Ps00000TthZtIAJ,0058b00000GAFCDAA5,2026-09-04T18:25:31.000Z,20.0,2027-03-08,2026-09-04,Tow Sign Photo,Awaiting Applicant Info,Street Space,SSP-26-05587,012Ps000005citCIAQ,Construction Parking,4123 20TH  ST,2026-09-08,2026-09-04T18:25:31.000Z,2.0,2027-03-07,2026-09-08,Not Enforceable
MR LI SCAFFOLD CO INC,2026-09-03T19:51:24.000Z,2026-10-09,a10Ps00000TtiCbIAJ,0058b00000GAFCDAA5,2026-09-03T21:04:31.000Z,20.0,2026-10-10,2026-09-03,Tow Sign Photo,Awaiting Applicant Info,Street Space,SSP-26-05588,012Ps000005citCIAQ,scaffolding,1673 20TH  AVE,2026-09-10,2026-10-04T07:30:04.000Z,2.0,2026-10-09,2026-09-10,Not Enforceable
MR LI SCAFFOLD CO INC,2026-09-03T20:11:20.000Z,2026-10-09,a10Ps00000TtaRyIAJ,0058b00000GAFCDAA5,2026-09-03T20:51:00.000Z,120.0,2026-10-10,2026-09-03,Tow Sign Photo,Awaiting Applicant Info,Street Space,SSP-26-05589,012Ps000005citCIAQ,scaffolding,354 DIVISADERO  ST,2026-09-10,2026-10-04T07:30:05.000Z,8.0,2026-10-09,2026-09-10,Not Enforceable
WILL WILL CONTRUCTION CORP,2026-09-03T20:27:59.000Z,2026-10-13,a10Ps00000TtrNxIAJ,0058b00000GAFCDAA5,2026-09-03T21:10:33.000Z,20.0,2026-10-14,2026-09-03,Tow Sign Photo,Awaiting Applicant Info,Street Space,SSP-26-05590,012Ps000005citCIAQ,Scaffolding,1531 POWELL  ST,2026-09-14,2026-09-03T21:10:33.000Z,2.0,2026-10-13,2026-09-14,Not Enforceable
LECA CONSTRUCTION LLC,2026-09-03T21:02:46.000Z,2026-12-07,a10Ps00000TtzOkIAJ,005Ps00000LEF6MIAX,2026-09-11T16:31:08.000Z,20.0,2026-12-08,2026-09-04,Active,Active,Street Space,SSP-26-05591,012Ps000005citCIAQ,Loading/unloading of materials,906 BROADWAY,2026-09-08,2026-09-11T16:31:08.000Z,2.0,2026-12-07,2026-09-08,Enforceable
BLUE BAY PAINTING CONTRACTORS,2026-09-03T21:27:07.000Z,2026-11-08,a10Ps00000Tu4WTIAZ,0058b00000GAFCDAA5,2026-09-04T16:48:40.000Z,20.0,2026-11-09,2026-09-04,Tow Sign Photo,Awaiting Applicant Info,Street Space,SSP-26-05592,012Ps000005citCIAQ,street space for permitted construction,67 MIRABEL  AVE,2026-09-09,2026-09-04T16:48:40.000Z,2.0,2026-11-08,2026-09-09,Not Enforceable
RELIABLE CONSTRUCTION INC,2026-09-03T21:40:19.000Z,2026-11-13,a10Ps00000Tu7FpIAJ,0058b00000GAFCDAA5,2026-09-04T21:26:16.000Z,40.0,2026-11-14,2026-09-04,Tow Sign Photo,Awaiting Applicant Info,Street Space,SSP-26-05593,012Ps000005citCIAQ,parking and construction staging,820 VALLEJO  ST,2026-09-14,2026-09-04T21:26:16.000Z,3.0,2026-11-13,2026-09-14,Not Enforceable
REUBEN JUNIUS & ROSE LLP,2026-09-03T21:50:10.000Z,2027-03-07,a10Ps00000Tu8v3IAB,005Ps00000LEF6MIAX,2026-09-09T21:01:18.000Z,27.0,2027-03-08,2026-09-04,Active,Active,Street Space,SSP-26-05594,012Ps000005citCIAQ,Park work trucks,266 CONNECTICUT  ST,2026-09-08,2026-09-09T21:01:18.000Z,3.0,2027-03-07,2026-09-08,Enforceable
DAWSON CLINTON GENERAL CONT,2026-09-03T22:20:16.000Z,2026-11-09,a10Ps00000TuDTJIA3,005Ps00000IzXSvIAN,2026-09-09T23:28:22.000Z,20.0,2026-11-10,2026-09-08,Active,Active,Street Space,SSP-26-05597,012Ps000005citCIAQ,Jobsite delivery and temporary toilet.,516A DIAMOND  ST,2026-09-10,2026-09-09T23:28:22.000Z,2.0,2026-11-09,2026-09-10,Enforceable
MCMAHON MASONRY,2026-09-03T22:22:12.000Z,2026-10-10,a10Ps00000TuDjRIAV,0058b00000GAFCDAA5,2026-09-03T22:53:27.000Z,20.0,2026-10-11,2026-09-03,Tow Sign Photo,Awaiting Applicant Info,Street Space,SSP-26-05598,012Ps000005citCIAQ,Contractor parking and scaffolding,1527 MCALLISTER  ST,2026-09-11,2026-09-03T22:53:27.000Z,2.0,2026-10-10,2026-09-11,Not Enforceable
KASAS BUILDERS INC,2026-09-03T23:06:28.000Z,2027-03-23,a10Ps00000TuL7VIAV,0058b00000GAFCDAA5,2026-09-18T19:21:46.000Z,20.0,2027-03-24,2026-09-18,Tow Sign Photo,Awaiting Applicant Info,Street Space,SSP-26-05599,012Ps000005citCIAQ,"parking, staging equipment, portable toilet",568 MISSISSIPPI  ST,2026-09-24,2026-09-18T19:21:46.000Z,2.0,2027-03-23,2026-09-24,Not Enforceable
NONI HOMES INC,2026-09-04T01:14:38.000Z,2026-10-07,a10Ps00000TueV7IAJ,0058b00000GAFCDAA5,2026-09-04T20:08:32.000Z,25.0,2026-10-08,2026-09-04,Tow Sign Photo,Awaiting Applicant Info,Street Space,SSP-26-05600,012Ps000005citCIAQ,constraction parking,2673 FILBERT  ST,2026-09-08,2026-10-02T07:30:07.000Z,3.0,2026-10-07,2026-09-08,Not Enforceable
"JJ'S FINE PAINTING, INC.",2026-09-04T04:12:24.000Z,2026-10-06,a10Ps00000Tur7NIAR,0058b00000GAFCDAA5,2026-09-07T01:52:27.000Z,25.0,2026-10-07,2026-09-06,Tow Sign Photo,Awaiting Applicant Info,Street Space,SSP-26-05601,012Ps000005citCIAQ,Painting,2625 SAN JOSE  AVE,2026-09-07,2026-10-01T07:30:13.000Z,3.0,2026-10-06,2026-09-07,Not Enforceable
FAN KA FU,2026-09-04T04:57:49.000Z,2026-12-06,a10Ps00000TuuurIAB,005Ps00000IzXSvIAN,2026-09-11T16:44:32.000Z,20.0,2026-12-07,2026-09-08,Active,Active,Street Space,SSP-26-05602,012Ps000005citCIAQ,loading/unloading of materials and staging of equipment,1542 22ND  AVE,2026-09-07,2026-09-11T16:44:32.000Z,2.0,2026-12-06,2026-09-07,Enforceable
THE TOBONI GROUP LLC,2026-09-04T15:28:29.000Z,2026-10-09,a10Ps00000TxLR7IAN,005Ps00000LEF6MIAX,2026-09-11T16:32:31.000Z,25.0,2026-10-10,2026-09-04,Active,Active,Street Space,SSP-26-05604,012Ps000005citCIAQ,Parking,3255 PACIFIC  AVE,2026-09-10,2026-10-04T07:30:05.000Z,3.0,2026-10-09,2026-09-10,Enforceable
SATURN CONSTRUCTION CO,2026-09-04T15:39:51.000Z,2027-03-09,a10Ps00000TxO7FIAV,005Ps00000IzXSvIAN,2026-09-18T22:53:41.000Z,25.0,2027-03-10,2026-09-08,Active,Active,Street Space,SSP-26-05605,012Ps000005citCIAQ,Loading/unloading of materials and staging equipment,21 05TH  AVE,2026-09-10,2026-09-18T22:53:41.000Z,3.0,2027-03-09,2026-09-10,Enforceable
RUSSELL HINTON CO.,2026-09-04T15:47:57.000Z,2026-10-20,a10Ps00000Tx21vIAB,005Ps00000Ix5nhIAB,2026-09-04T16:06:47.000Z,40.0,2026-10-21,2026-09-04,Tow Sign Photo,Awaiting Applicant Info,Street Space,SSP-26-05606,012Ps000005citCIAQ,Parking /staging,109 GEARY  ST,2026-09-21,2026-09-04T16:06:47.000Z,4.0,2026-10-20,2026-09-21,Not Enforceable
ROBERT MEUSCHKE COMPANY INC,2026-09-04T16:01:59.000Z,2026-10-09,a10Ps00000TxTlFIAV,0058b00000GAFCDAA5,2026-09-04T16:33:05.000Z,20.0,2026-10-10,2026-09-04,Tow Sign Photo,Awaiting Applicant Info,Street Space,SSP-26-05607,012Ps000005citCIAQ,Scaffolding,2011 CALIFORNIA  ST,2026-09-10,2026-10-04T07:30:05.000Z,2.0,2026-10-09,2026-09-10,Not Enforceable
K2 BUILDERS INC,2026-09-04T16:31:43.000Z,2026-12-07,a10Ps00000TxbSfIAJ,005Ps00000LEF6MIAX,2026-09-09T15:29:00.000Z,30.0,2026-12-08,2026-09-08,Active,Active,Street Space,SSP-26-05608,012Ps000005citCIAQ,Parking of construction vehicles & unloading of project materials,980 ASHBURY  ST,2026-09-08,2026-09-09T15:29:00.000Z,3.0,2026-12-07,2026-09-08,Enforceable
BRAN PAINTING INC,2026-09-04T17:11:54.000Z,2026-10-07,a10Ps00000TxlAHIAZ,0058b00000GAFCDAA5,2026-09-04T17:39:39.000Z,100.0,2026-10-08,2026-09-04,Tow Sign Photo,Awaiting Applicant Info,Street Space,SSP-26-05610,012Ps000005citCIAQ,Scaffolding and contractor parking,149 CASTRO  ST,2026-09-08,2026-10-02T07:30:04.000Z,7.0,2026-10-07,2026-09-08,Not Enforceable
MUELLER NICHOLLS INC,2026-09-04T17:31:25.000Z,2027-04-06,a10Ps00000Txpc5IAB,0058b00000GAFCDAA5,2026-09-24T16:56:39.000Z,90.0,2027-04-07,2026-09-24,Tow Sign Photo,Awaiting Applicant Info,Street Space,SSP-26-05612,012Ps000005citCIAQ,Delivery and Construction Parking,2101 DIVISADERO  ST,2026-10-07,2026-09-24T16:57:18.000Z,6.0,2027-04-06,2026-10-07,Not Enforceable
BEVILACQUA AND SONS INC,2026-09-04T17:44:53.000Z,2026-10-08,a10Ps00000TxszlIAB,005Ps00000IzXSvIAN,2026-09-15T16:40:21.000Z,42.0,2026-10-09,2026-09-04,Active,Active,Street Space,SSP-26-05614,012Ps000005citCIAQ,"Intended use of street space is for our business commercial vehicles to safely park, load, and of-haul materials and debris.",1932 TAYLOR  ST,2026-09-09,2026-10-03T07:30:03.000Z,4.0,2026-10-08,2026-09-09,Enforceable
"BAXTER CONSTRUCTION, LLC",2026-09-04T17:52:56.000Z,2027-03-08,a10Ps00000TxvO9IAJ,005Ps00000LEF6MIAX,2026-09-08T22:10:06.000Z,60.0,2027-03-09,2026-09-04,Active,Active,Street Space,SSP-26-05615,012Ps000005citCIAQ,LOADING AND UNLOADING MATERIALS,2190 BROADWAY,2026-09-09,2026-09-08T22:10:06.000Z,4.0,2027-03-08,2026-09-09,Enforceable
"ANDREW VANNI BUILDERS, INC.",2026-09-04T18:11:41.000Z,2027-03-13,a10Ps00000TxugcIAB,005Ps00000IzXSvIAN,2026-09-22T16:07:18.000Z,120.0,2027-03-14,2026-09-04,Active,Active,Street Space,SSP-26-05616,012Ps000005citCIAQ,"Construction vehicles, operating construction temp bath",2900 SCOTT  ST,2026-09-14,2026-09-22T16:07:18.000Z,7.0,2027-03-13,2026-09-14,Enforceable
GNETZER CASTANON,2026-09-04T19:13:18.000Z,2026-10-07,a10Ps00000TyBSwIAN,005Ps00000Ix5nhIAB,2026-09-04T19:23:56.000Z,20.0,2026-10-08,2026-09-04,Tow Sign Photo,Awaiting Applicant Info,Street Space,SSP-26-05619,012Ps000005citCIAQ,parking space,743 19TH  AVE,2026-09-08,2026-10-02T07:30:04.000Z,2.0,2026-10-07,2026-09-08,Not Enforceable
GOWER DOUGLAS E & KATHRYN A,2026-09-04T20:20:08.000Z,2026-11-07,a10Ps00000TyGsQIAV,005Ps00000LEF6MIAX,2026-09-22T18:27:40.000Z,20.0,2026-11-08,2026-09-04,Active,Active,Street Space,SSP-26-05620,012Ps000005citCIAQ,Construction Parking / Material Delivery,314 CHESTNUT  ST,2026-09-08,2026-09-22T18:27:40.000Z,2.0,2026-11-07,2026-09-08,Enforceable
MR ROOFING INC,2026-09-04T20:28:06.000Z,2026-10-20,a10Ps00000TySK5IAN,0058b00000GAFCDAA5,2026-09-04T22:29:13.000Z,20.0,2026-10-21,2026-09-04,Tow Sign Photo,Awaiting Applicant Info,Street Space,SSP-26-05621,012Ps000005citCIAQ,park work trucks and garbage dump,656 07TH  AVE,2026-09-21,2026-09-04T22:29:13.000Z,2.0,2026-10-20,2026-09-21,Not Enforceable
RELIABLE CONSTRUCTION INC,2026-09-04T21:25:21.000Z,2026-10-20,a10Ps00000TybATIAZ,0058b00000GAFCDAA5,2026-09-16T22:44:48.000Z,40.0,2026-10-21,2026-09-16,Tow Sign Photo,Pending,Street Space,SSP-26-05623,012Ps000005citCIAQ,"Parking, scaffolding and staging",2116 GREENWICH  ST,2026-09-21,2026-09-16T22:44:48.000Z,3.0,2026-10-20,2026-09-21,Not Enforceable
ALIOTO MICHAEL J,2026-09-04T22:09:52.000Z,2026-12-07,a10Ps00000TygjdIAB,005Ps00000LEF6MIAX,2026-09-22T15:05:44.000Z,20.0,2026-12-08,2026-09-04,Active,Active,Street Space,SSP-26-05624,012Ps000005citCIAQ,Building Permit - Construction Staging,1575 SACRAMENTO  ST,2026-09-08,2026-09-22T15:05:44.000Z,2.0,2026-12-07,2026-09-08,Enforceable
"MARK HUFF CONSTRUCTION, INC.",2026-09-04T22:17:04.000Z,2026-10-08,a10Ps00000TyhZFIAZ,0058b00000GAFCDAA5,2026-09-04T22:55:05.000Z,20.0,2026-10-09,2026-09-04,Tow Sign Photo,Awaiting Applicant Info,Street Space,SSP-26-05625,012Ps000005citCIAQ,Remove demo  and unload materials,25 TERESITA  BLVD,2026-09-09,2026-10-03T07:30:05.000Z,2.0,2026-10-08,2026-09-09,Not Enforceable
DENG BISHENG,2026-09-04T22:26:20.000Z,2027-01-20,a10Ps00000TyiThIAJ,005Ps00000LEF6MIAX,2026-09-21T15:26:31.000Z,20.0,2027-01-21,2026-09-04,Active,Active,Street Space,SSP-26-05626,012Ps000005citCIAQ,Contractor Parking,864 LOMBARD  ST,2026-09-21,2026-09-21T15:26:31.000Z,2.0,2027-01-20,2026-09-21,Enforceable
NF CONSULTANT & DESIGN DBA TOGETHER HOME REMODELING,2026-09-04T22:28:29.000Z,2027-01-21,a10Ps00000TyiiDIAR,005Ps00000LEF6MIAX,2026-09-24T18:47:55.000Z,20.0,2027-01-22,2026-09-06,Active,Active,Street Space,SSP-26-05627,012Ps000005citCIAQ,Loading/unloading of materials and staging of equipment,3935 18TH  ST,2026-09-22,2026-09-24T18:47:55.000Z,2.0,2027-01-21,2026-09-22,Enforceable
YK MASON & SONS INC,2026-09-04T22:34:29.000Z,2026-10-15,a10Ps00000TyjBFIAZ,0058b00000GAFCDAA5,2026-09-08T23:24:36.000Z,20.0,2026-10-16,2026-09-08,Tow Sign Photo,Awaiting Applicant Info,Street Space,SSP-26-05628,012Ps000005citCIAQ,20' feet permit for parking in front only.  Scaffolding will be in the back and sides of the building.  Need no-parking signs.,1470 FULTON  ST,2026-09-16,2026-09-08T23:24:36.000Z,2.0,2026-10-15,2026-09-16,Not Enforceable
ALVAREZ CONSTRUCTION &TILE INC,2026-09-04T23:18:35.000Z,2026-12-07,a10Ps00000TynJkIAJ,005Ps00000LEF6MIAX,2026-09-14T16:14:05.000Z,25.0,2026-12-08,2026-09-08,Active,Active,Street Space,SSP-26-05630,012Ps000005citCIAQ,loading/unloading material,1270 03RD  AVE,2026-09-08,2026-09-14T16:14:05.000Z,3.0,2026-12-07,2026-09-08,Enforceable
JCCO INC.,2026-09-04T23:44:53.000Z,2026-10-08,a10Ps00000TyqflIAB,0058b00000GAFCDAA5,2026-09-08T15:59:13.000Z,20.0,2026-10-09,2026-09-08,Tow Sign Photo,Awaiting Applicant Info,Street Space,SSP-26-05631,012Ps000005citCIAQ,Reroof,4258 CESAR CHAVEZ  ST,2026-09-09,2026-10-03T07:30:05.000Z,2.0,2026-10-08,2026-09-09,Not Enforceable
SEAN DALY PAINTING LLC,2026-09-05T03:17:31.000Z,2026-10-11,a10Ps00000Tz24DIAR,005Ps00000IzXSvIAN,2026-09-11T16:31:17.000Z,220.0,2026-10-12,2026-09-08,Final Review,Awaiting Applicant Info,Street Space,SSP-26-05632,012Ps000005citCIAQ,Add Scaffolding,2080 WASHINGTON  ST,2026-09-12,2026-09-11T16:31:17.000Z,13.0,2026-10-11,2026-09-12,Not Enforceable
R&R ROOFING,2026-09-05T21:44:02.000Z,2026-10-08,a10Ps00000U0PbRIAV,005Ps00000IzXSvIAN,2026-09-11T16:28:07.000Z,20.0,2026-10-09,2026-09-08,Final Review,Awaiting Applicant Info,Street Space,SSP-26-05634,012Ps000005citCIAQ,"Loading and unloading roofing materials, equipment, and debris associated with reroof work.",2201 37TH  AVE,2026-09-09,2026-10-03T07:30:05.000Z,2.0,2026-10-08,2026-09-09,Not Enforceable
CALIFORNIA BAY ROOFING INC,2026-09-06T20:48:17.000Z,2026-10-10,a10Ps00000U2cG1IAJ,0058b00000GAFCDAA5,2026-09-15T15:24:52.000Z,20.0,2026-10-11,2026-09-15,Tow Sign Photo,Awaiting Applicant Info,Street Space,SSP-26-05635,012Ps000005citCIAQ,For park our work truck's during we perform the roofing work,557 IVY  ST,2026-09-11,2026-09-15T15:24:52.000Z,2.0,2026-10-10,2026-09-11,Not Enforceable
MALI CHESTER,2026-09-07T02:21:25.000Z,2026-11-08,a10Ps00000U2w6fIAB,005Ps00000IzXSvIAN,2026-09-11T16:51:31.000Z,20.0,2026-11-09,2026-09-08,Final Review,Awaiting Applicant Info,Street Space,SSP-26-05636,012Ps000005citCIAQ,BPA - 20 feet for parking,2709 JACKSON  ST,2026-09-09,2026-09-11T16:51:31.000Z,2.0,2026-11-08,2026-09-09,Not Enforceable
G M BUILDING AND CONSTRUCTION INC,2026-09-07T17:54:41.000Z,2026-11-12,a10Ps00000U4tKnIAJ,005Ps00000LEF6MIAX,2026-09-11T17:56:51.000Z,33.0,2026-11-13,2026-09-07,Active,Active,Street Space,SSP-26-05637,012Ps000005citCIAQ,construction,342 VALLEJO  ST,2026-09-13,2026-09-11T17:56:51.000Z,3.0,2026-11-12,2026-09-13,Enforceable
,2026-09-07T18:07:50.000Z,2026-11-09,a10Ps00000U4uS9IAJ,0058b00000GAFCDAA5,2026-09-07T18:10:41.000Z,20.0,2026-11-10,2026-09-07,Tow Sign Photo,Awaiting Applicant Info,Street Space,SSP-26-05638,012Ps000005citCIAQ,Debris Box and Construction Parking,3223 MARKET  ST,2026-09-10,2026-09-07T18:10:41.000Z,2.0,2026-11-09,2026-09-10,Not Enforceable
SURE ROOFING SYSTEMS INC,2026-09-07T18:45:03.000Z,2026-10-09,a10Ps00000U4xJZIAZ,005Ps00000IzXSvIAN,2026-09-11T18:41:32.000Z,20.0,2026-10-10,2026-09-08,Active,Active,Street Space,SSP-26-05639,012Ps000005citCIAQ,Parking for our company vehicles for duration of re-roofing project,2315 15TH  ST,2026-09-10,2026-10-04T07:30:05.000Z,2.0,2026-10-09,2026-09-10,Enforceable
,2026-09-07T19:13:51.000Z,2026-10-12,a10Ps00000U4zjZIAR,0058b00000GAFCDAA5,2026-09-07T19:49:33.000Z,20.0,2026-10-13,2026-09-07,Tow Sign Photo,Awaiting Applicant Info,Street Space,SSP-26-05640,012Ps000005citCIAQ,Bathroom  remodeling associate permit #202605201594,516 BAKER  ST,2026-09-13,2026-09-07T19:49:33.000Z,2.0,2026-10-12,2026-09-13,Not Enforceable
MADDEN JAMES A,2026-09-07T23:42:00.000Z,2026-12-19,a10Ps00000U5QwiIAF,005Ps00000LEF6MIAX,2026-09-21T15:25:32.000Z,20.0,2026-12-20,2026-09-07,Active,Active,Street Space,SSP-26-05642,012Ps000005citCIAQ,BPA- Construction Staging,2850 STEINER  ST,2026-09-20,2026-09-21T15:25:32.000Z,2.0,2026-12-19,2026-09-20,Enforceable
OZKR COMPANY,2026-09-08T06:06:09.000Z,2027-03-08,a10Ps00000U66r3IAB,005Ps00000LEF6MIAX,2026-09-09T16:45:31.000Z,20.0,2027-03-09,2026-09-07,Active,Active,Street Space,SSP-26-05644,012Ps000005citCIAQ,Interior/Exterior paint - contractor parking,917 CENTRAL  AVE,2026-09-09,2026-09-09T16:45:31.000Z,2.0,2027-03-08,2026-09-09,Enforceable
OZKR COMPANY,2026-09-08T06:10:52.000Z,2027-03-08,a10Ps00000U67WzIAJ,005Ps00000IzXSvIAN,2026-09-08T18:46:38.000Z,20.0,2027-03-09,2026-09-07,Active,Active,Street Space,SSP-26-05645,012Ps000005citCIAQ,Interior / Exterior painting and contractor parking,923 CENTRAL  AVE,2026-09-09,2026-09-08T18:46:38.000Z,2.0,2027-03-08,2026-09-09,Enforceable
GAMA CONSTRUCTION INC,2026-09-08T12:37:28.000Z,2026-12-13,a10Ps00000U7BezIAF,0058b00000GAFCDAA5,2026-09-09T16:49:17.000Z,20.0,2026-12-14,2026-09-09,Tow Sign Photo,Awaiting Applicant Info,Street Space,SSP-26-05646,012Ps000005citCIAQ,Painting,3140 CLAY  ST,2026-09-14,2026-09-09T16:49:51.000Z,2.0,2026-12-13,2026-09-14,Not Enforceable
IBUILD DESIGN AND CONSTRUCTION,2026-09-08T15:57:22.000Z,2026-10-13,a10Ps00000U8J7SIAV,0058b00000GAFCDAA5,2026-09-14T17:34:37.000Z,20.0,2026-10-14,2026-09-14,Tow Sign Photo,Awaiting Applicant Info,Street Space,SSP-26-05648,012Ps000005citCIAQ,Debris Bin,1530 HAIGHT  ST,2026-09-14,2026-09-14T17:35:05.000Z,2.0,2026-10-13,2026-09-14,Not Enforceable
GATEWAY ROOFING & WATERPRG INC,2026-09-08T16:19:53.000Z,2026-10-12,a10Ps00000U8TA1IAN,0058b00000GAFCDAA5,2026-09-08T16:49:01.000Z,40.0,2026-10-13,2026-09-08,Tow Sign Photo,Awaiting Applicant Info,Street Space,SSP-26-05649,012Ps000005citCIAQ,Re-roofing,199 TIFFANY  AVE,2026-09-13,2026-09-08T16:49:01.000Z,3.0,2026-10-12,2026-09-13,Not Enforceable
LARKSPUR BUILDERS INC.,2026-09-08T16:25:56.000Z,2027-03-12,a10Ps00000U8V6zIAF,0058b00000GAFCDAA5,2026-09-08T16:44:29.000Z,40.0,2027-03-13,2026-09-08,Tow Sign Photo,Awaiting Applicant Info,Street Space,SSP-26-05650,012Ps000005citCIAQ,Renew Parking: Job Site & Sub Parking - Residential Home Remodeling,2200 SACRAMENTO  ST,2026-09-13,2026-09-08T16:44:29.000Z,3.0,2027-03-12,2026-09-13,Not Enforceable
DEVLIN/MCNALLY CONSTRUCTION,2026-09-08T16:34:08.000Z,2026-11-10,a10Ps00000U8Xf3IAF,0058b00000GAFCDAA5,2026-09-08T16:58:51.000Z,24.0,2026-11-11,2026-09-08,Tow Sign Photo,Awaiting Applicant Info,Street Space,SSP-26-05651,012Ps000005citCIAQ,support construction activities,424 TEXAS  ST,2026-09-11,2026-09-08T16:58:51.000Z,3.0,2026-11-10,2026-09-11,Not Enforceable
"FRIENDLY BRUSH, LLC",2026-09-08T16:40:25.000Z,2026-10-11,a10Ps00000U8ZqXIAV,005Ps00000LEF6MIAX,2026-09-11T21:08:41.000Z,20.0,2026-10-12,2026-09-08,Active,Active,Street Space,SSP-26-05652,012Ps000005citCIAQ,we need scaffolding installation,691 14TH  ST,2026-09-12,2026-09-11T21:08:41.000Z,2.0,2026-10-11,2026-09-12,Enforceable
FOG CITY ROOFING LLC,2026-09-08T16:50:39.000Z,2026-10-31,a10Ps00000U8cy5IAB,005Ps00000IxBTKIA3,2026-09-28T15:26:42.000Z,20.0,2026-11-01,2026-09-28,Tow Sign Photo,Awaiting Applicant Info,Street Space,SSP-26-05654,012Ps000005citCIAQ,Provide parking for company vehicles throughout the duration of the work.,2065 ELLIS  ST,2026-10-01,2026-09-28T15:26:42.000Z,2.0,2026-10-31,2026-10-01,Not Enforceable
Axel8 Construction LLC,2026-09-08T16:58:32.000Z,2026-10-12,a10Ps00000U8gX3IAJ,0058b00000GAFCDAA5,2026-09-08T17:18:43.000Z,20.0,2026-10-13,2026-09-08,Tow Sign Photo,Awaiting Applicant Info,Street Space,SSP-26-05655,012Ps000005citCIAQ,"Parking, loading/unloading",1668 WASHINGTON  ST,2026-09-13,2026-09-08T17:18:43.000Z,2.0,2026-10-12,2026-09-13,Not Enforceable
Axel8 Construction LLC,2026-09-08T17:05:56.000Z,2026-10-12,a10Ps00000U8jzZIAR,0058b00000GAFCDAA5,2026-09-08T17:14:17.000Z,20.0,2026-10-13,2026-09-08,Tow Sign Photo,Awaiting Applicant Info,Street Space,SSP-26-05656,012Ps000005citCIAQ,"Parking, loading/unloading",1163 PINE  ST,2026-09-13,2026-09-08T17:14:17.000Z,2.0,2026-10-12,2026-09-13,Not Enforceable
"ACTUALLY DESIGN BUILD, INC.",2026-09-08T17:31:02.000Z,2027-01-13,a10Ps00000U8rQrIAJ,0058b00000GNxprAAD,2026-10-01T20:25:06.000Z,20.0,2027-01-14,2026-09-09,Tow Sign Photo,Awaiting Applicant Info,Street Space,SSP-26-05657,012Ps000005citCIAQ,Parking,378 FRANCONIA  ST,2026-09-14,2026-10-01T20:25:06.000Z,2.0,2027-01-13,2026-09-14,Not Enforceable
MANZYUK ENTERPRISES,2026-09-08T17:40:25.000Z,2027-03-13,a10Ps00000U8jOUIAZ,005Ps00000IzXSvIAN,2026-09-11T23:40:21.000Z,20.0,2027-03-14,2026-09-08,Active,Active,Street Space,SSP-26-05658,012Ps000005citCIAQ,"Temporary street space occupancy for construction activities, including construction vehicle parking and loading/unloading of materials.",1177 PACIFIC  AVE,2026-09-14,2026-09-11T23:40:21.000Z,2.0,2027-03-13,2026-09-14,Enforceable
SAROYAN CONSTRUCTION,2026-09-08T18:27:00.000Z,2027-03-11,a10Ps00000U9A0TIAV,0058b00000GAFCDAA5,2026-09-08T18:33:40.000Z,20.0,2027-03-12,2026-09-08,Tow Sign Photo,Awaiting Applicant Info,Street Space,SSP-26-05661,012Ps000005citCIAQ,BPA - Construction Staging,1931 LARKIN  ST,2026-09-12,2026-09-08T18:33:40.000Z,2.0,2027-03-11,2026-09-12,Not Enforceable
"DABL RR BUILDERS, INC.",2026-09-08T18:39:23.000Z,2026-12-13,a10Ps00000U9DrBIAV,005Ps00000IzXSvIAN,2026-09-16T19:12:50.000Z,50.0,2026-12-14,2026-09-08,Active,Active,Street Space,SSP-26-05663,012Ps000005citCIAQ,Scaffolding,900 BRODERICK  ST,2026-09-14,2026-09-16T19:12:50.000Z,4.0,2026-12-13,2026-09-14,Enforceable
DARC VENTURES INC,2026-09-08T18:47:12.000Z,2026-11-23,a10Ps00000U9GQrIAN,005Ps00000LEF6MIAX,2026-09-24T16:57:05.000Z,20.0,2026-11-24,2026-09-08,Active,Active,Street Space,SSP-26-05664,012Ps000005citCIAQ,Exterior Painting and rear yard landscaping,1358 FELL  ST,2026-09-24,2026-09-24T16:57:05.000Z,2.0,2026-11-23,2026-09-24,Enforceable
ARKSPACE DESIGN BUILD LLC,2026-09-08T19:02:22.000Z,2026-11-11,a10Ps00000U9KRFIA3,0058b00000GAFCDAA5,2026-09-08T21:33:11.000Z,20.0,2026-11-12,2026-09-08,Tow Sign Photo,Awaiting Applicant Info,Street Space,SSP-26-05665,012Ps000005citCIAQ,For on loading and offloading construction materials,1770 PACIFIC  AVE,2026-09-12,2026-09-08T21:33:11.000Z,2.0,2026-11-11,2026-09-12,Not Enforceable
REDHORSE CONSTRUCTORS INC,2026-09-08T19:12:31.000Z,2027-03-13,a10Ps00000U9NIfIAN,0058b00000GAFCDAA5,2026-09-08T22:46:16.000Z,40.0,2027-03-14,2026-09-08,Tow Sign Photo,Awaiting Applicant Info,Street Space,SSP-26-05666,012Ps000005citCIAQ,Construction Vehicles,840 EL CAMINO DEL MAR,2026-09-14,2026-09-08T22:46:16.000Z,3.0,2027-03-13,2026-09-14,Not Enforceable
"BAXTER CONSTRUCTION, LLC",2026-09-08T19:40:10.000Z,2026-12-10,a10Ps00000U9UiLIAV,005Ps00000LEF6MIAX,2026-09-18T17:30:39.000Z,100.0,2026-12-11,2026-09-08,Active,Active,Street Space,SSP-26-05667,012Ps000005citCIAQ,BPA- Construction Staging,1 STEUART  LN,2026-09-11,2026-09-18T17:30:39.000Z,6.0,2026-12-10,2026-09-11,Enforceable
VIZCON CONSTRUCTION COMPANY INC,2026-09-08T20:08:05.000Z,2026-10-13,a10Ps00000U9LDgIAN,0058b00000GAFCDAA5,2026-09-08T20:44:44.000Z,20.0,2026-10-14,2026-09-08,Tow Sign Photo,Awaiting Applicant Info,Street Space,SSP-26-05669,012Ps000005citCIAQ,Parking,1527 CHURCH  ST,2026-09-14,2026-09-08T20:44:44.000Z,2.0,2026-10-13,2026-09-14,Not Enforceable
URBAN BUILDER GEN CONTRACTING,2026-09-08T20:19:40.000Z,2026-11-10,a10Ps00000U9e8DIAR,0058b00000GAFCDAA5,2026-09-08T20:46:40.000Z,25.0,2026-11-11,2026-09-08,Tow Sign Photo,Awaiting Applicant Info,Street Space,SSP-26-05670,012Ps000005citCIAQ,Parking,833 LAKE  ST,2026-09-11,2026-09-08T20:46:40.000Z,3.0,2026-11-10,2026-09-11,Not Enforceable
,2026-09-08T20:31:50.000Z,2026-10-13,a10Ps00000U9gzdIAB,0058b00000GAFCDAA5,2026-09-10T18:20:14.000Z,20.0,2026-10-14,2026-09-10,Tow Sign Photo,Awaiting Applicant Info,Street Space,SSP-26-05671,012Ps000005citCIAQ,"Parking vehicle, portable toilet",1422 08TH  AVE,2026-09-14,2026-09-10T18:20:52.000Z,2.0,2026-10-13,2026-09-14,Not Enforceable
,2026-09-08T20:36:34.000Z,2027-01-13,a10Ps00000U9cCsIAJ,0058b00000GAFCDAA5,2026-09-08T21:08:58.000Z,8.0,2027-01-14,2026-09-08,Tow Sign Photo,Awaiting Applicant Info,Street Space,SSP-26-05672,012Ps000005citCIAQ,Construction Parking,1874 31ST  AVE,2026-09-14,2026-09-08T21:08:58.000Z,2.0,2027-01-13,2026-09-14,Not Enforceable
MCATEER JOHN C,2026-09-08T20:41:12.000Z,2026-10-13,a10Ps00000U9iN8IAJ,0058b00000GAFCDAA5,2026-09-09T04:00:38.000Z,25.0,2026-10-14,2026-09-08,Tow Sign Photo,Awaiting Applicant Info,Street Space,SSP-26-05673,012Ps000005citCIAQ,Scaffolding for a paint job,2124 BRODERICK  ST,2026-09-14,2026-09-09T04:00:38.000Z,3.0,2026-10-13,2026-09-14,Not Enforceable
SURE ROOFING SYSTEMS INC,2026-09-08T20:58:10.000Z,2026-10-13,a10Ps00000U9mlhIAB,005Ps00000IzXSvIAN,2026-09-11T16:25:12.000Z,20.0,2026-10-14,2026-09-08,Active,Active,Street Space,SSP-26-05674,012Ps000005citCIAQ,Parking for company vehicles,178 HEARST  AVE,2026-09-14,2026-09-11T16:25:12.000Z,2.0,2026-10-13,2026-09-14,Enforceable
CLAYTON TIMBRELL & CO,2026-09-08T21:01:15.000Z,2027-02-27,a10Ps00000U9Wc8IAF,0058b00000GAFCDAA5,2026-09-14T18:24:25.000Z,40.0,2027-02-28,2026-09-14,Tow Sign Photo,Awaiting Applicant Info,Street Space,SSP-26-05675,012Ps000005citCIAQ,loading/unloading of materials and staging of equipment,2 LAUREL  ST,2026-09-30,2026-09-14T18:24:59.000Z,3.0,2027-02-27,2026-09-30,Not Enforceable
AZM GROUP INC,2026-09-08T21:07:07.000Z,2026-10-14,a10Ps00000U9ocDIAR,005Ps00000IzXSvIAN,2026-09-15T17:47:27.000Z,20.0,2026-10-15,2026-09-08,Active,Active,Street Space,SSP-26-05676,012Ps000005citCIAQ,street parking,4109 24TH  ST,2026-09-15,2026-09-15T17:47:27.000Z,2.0,2026-10-14,2026-09-15,Enforceable
,2026-09-08T21:11:55.000Z,2027-01-12,a10Ps00000U9plBIAR,0058b00000GAFCDAA5,2026-09-09T20:02:23.000Z,25.0,2027-01-13,2026-09-09,Tow Sign Photo,Awaiting Applicant Info,Street Space,SSP-26-05677,012Ps000005citCIAQ,on load materials,524 CENTRAL  AVE,2026-09-13,2026-09-09T20:02:47.000Z,3.0,2027-01-12,2026-09-13,Not Enforceable
ALIOTO MICHAEL J,2026-09-08T21:14:04.000Z,2026-11-15,a10Ps00000U9q9NIAR,005Ps00000LEF6MIAX,2026-09-21T15:22:59.000Z,20.0,2026-11-16,2026-09-10,Active,Active,Street Space,SSP-26-05678,012Ps000005citCIAQ,Scaffolding and Porta Potty set-up,2550 BAKER  ST,2026-09-16,2026-09-21T15:22:59.000Z,2.0,2026-11-15,2026-09-16,Enforceable
ROBERT MEUSCHKE COMPANY INC,2026-09-08T21:31:07.000Z,2026-10-13,a10Ps00000U9ssjIAB,005Ps00000JKhAjIAL,2026-09-14T19:23:14.000Z,20.0,2026-10-14,2026-09-11,Active,Active,Street Space,SSP-26-05679,012Ps000005citCIAQ,scaffolding,2140 PACIFIC  AVE,2026-09-14,2026-09-14T19:23:14.000Z,2.0,2026-10-13,2026-09-14,Not Enforceable
KELLY PROPERTIES INC,2026-09-08T21:35:15.000Z,2026-10-13,a10Ps00000U9tf7IAB,005Ps00000IzXSvIAN,2026-09-11T16:24:08.000Z,25.0,2026-10-14,2026-09-08,Final Review,Awaiting Applicant Info,Street Space,SSP-26-05680,012Ps000005citCIAQ,Construction work,2278 WASHINGTON  ST,2026-09-14,2026-09-11T16:24:08.000Z,3.0,2026-10-13,2026-09-14,Not Enforceable
"PENINSULA IMPROVEMENTS, INC.",2026-09-08T22:06:39.000Z,2026-10-16,a10Ps00000U9zHVIAZ,0058b00000GAFCDAA5,2026-09-08T22:42:59.000Z,28.0,2026-10-17,2026-09-08,Tow Sign Photo,Awaiting Applicant Info,Street Space,SSP-26-05681,012Ps000005citCIAQ,scaffolding for repaint,3130 FILLMORE  ST,2026-09-17,2026-09-08T22:42:59.000Z,3.0,2026-10-16,2026-09-17,Not Enforceable
,2026-09-08T22:18:11.000Z,2027-02-04,a10Ps00000UA1ETIA1,005Ps00000LEF6MIAX,2026-09-29T17:07:48.000Z,160.0,2027-02-05,2026-09-29,Tow Sign Photo,Pending,Street Space,SSP-26-05682,012Ps000005citCIAQ,Loading/Unloading materials and equipment.,535 FLORIDA  ST,2026-10-05,2026-09-29T17:07:48.000Z,10.0,2027-02-04,2026-10-05,Not Enforceable
ESTRADAS CONSTRUCTION INC,2026-09-08T22:19:28.000Z,2026-11-12,a10Ps00000UA1MXIA1,0058b00000GAFCDAA5,2026-09-11T00:38:59.000Z,20.0,2026-11-13,2026-09-10,Tow Sign Photo,Awaiting Applicant Info,Street Space,SSP-26-05683,012Ps000005citCIAQ,Building Permit - Construction Staging,751 CLAY  ST,2026-09-13,2026-09-11T00:39:53.000Z,2.0,2026-11-12,2026-09-13,Not Enforceable
RS PROFESSIONAL PAINTING INC,2026-09-08T22:21:48.000Z,2026-10-15,a10Ps00000UA1eHIAT,0058b00000GAFCDAA5,2026-09-08T23:10:51.000Z,20.0,2026-10-16,2026-09-08,Tow Sign Photo,Awaiting Applicant Info,Street Space,SSP-26-05684,012Ps000005citCIAQ,portable toilet,556 DEWEY  BLVD,2026-09-16,2026-09-08T23:10:51.000Z,2.0,2026-10-15,2026-09-16,Not Enforceable
SAVARD BRIAN E,2026-09-08T22:42:32.000Z,2026-10-12,a10Ps00000UA51yIAD,005Ps00000IzXSvIAN,2026-09-11T23:44:51.000Z,60.0,2026-10-13,2026-09-08,Active,Active,Street Space,SSP-26-05685,012Ps000005citCIAQ,Scaffold install for exterior painting.,2111 GREENWICH  ST,2026-09-13,2026-09-11T23:44:51.000Z,4.0,2026-10-12,2026-09-13,Enforceable
YK MASON & SONS INC,2026-09-08T23:32:34.000Z,2026-10-13,a10Ps00000UACD7IAP,005Ps00000LEF6MIAX,2026-09-22T15:09:46.000Z,20.0,2026-10-14,2026-09-09,Active,Active,Street Space,SSP-26-05687,012Ps000005citCIAQ,Scaffolding,584 VALLEJO  ST,2026-09-14,2026-09-22T15:09:46.000Z,2.0,2026-10-13,2026-09-14,Enforceable
SANTA FE SCAFFOLD,2026-09-08T23:40:32.000Z,2026-10-16,a10Ps00000UADE1IAP,0058b00000GAFCDAA5,2026-09-09T22:00:18.000Z,40.0,2026-10-17,2026-09-09,Tow Sign Photo,Awaiting Applicant Info,Street Space,SSP-26-05688,012Ps000005citCIAQ,Scaffolding,1565 GREEN  ST,2026-09-17,2026-09-09T22:00:18.000Z,3.0,2026-10-16,2026-09-17,Not Enforceable
GOLDEN COLORS PAINTING,2026-09-08T23:42:12.000Z,2026-10-14,a10Ps00000UADQvIAP,0058b00000GAFCDAA5,2026-09-10T17:10:57.000Z,20.0,2026-10-15,2026-09-10,Tow Sign Photo,Awaiting Applicant Info,Street Space,SSP-26-05690,012Ps000005citCIAQ,Scaffolding for painting,261 32ND  AVE,2026-09-15,2026-09-10T17:11:50.000Z,2.0,2026-10-14,2026-09-15,Not Enforceable
YK MASON & SONS INC,2026-09-08T23:43:46.000Z,2026-10-13,a10Ps00000UADifIAH,005Ps00000LEF6MIAX,2026-09-22T15:10:23.000Z,40.0,2026-10-14,2026-09-09,Active,Active,Street Space,SSP-26-05691,012Ps000005citCIAQ,Scaffolding,905 DIAMOND  ST,2026-09-14,2026-09-22T15:10:23.000Z,3.0,2026-10-13,2026-09-14,Enforceable
YK MASON & SONS INC,2026-09-08T23:48:33.000Z,2026-10-24,a10Ps00000UAAT8IAP,0058b00000GAFCDAA5,2026-09-09T22:16:17.000Z,40.0,2026-10-25,2026-09-09,Tow Sign Photo,Awaiting Applicant Info,Street Space,SSP-26-05692,012Ps000005citCIAQ,Scaffolding,66 CORWIN  ST,2026-09-25,2026-09-09T22:16:17.000Z,3.0,2026-10-24,2026-09-25,Not Enforceable
,2026-09-09T03:06:54.000Z,2026-12-11,a10Ps00000UATsHIAX,0058b00000GAFCDAA5,2026-09-09T20:53:39.000Z,40.0,2026-12-12,2026-09-09,Tow Sign Photo,Awaiting Applicant Info,Street Space,SSP-26-05693,012Ps000005citCIAQ,Building Permit - Construction Staging,43 PRESIDIO  AVE,2026-09-12,2026-09-09T20:53:39.000Z,3.0,2026-12-11,2026-09-12,Not Enforceable
JUAN VAZQUEZ ESPINOZA,2026-09-09T07:01:05.000Z,2026-10-13,a10Ps00000UAeHSIA1,0058b00000GAFCDAA5,2026-09-10T16:21:46.000Z,20.0,2026-10-14,2026-09-10,Tow Sign Photo,Awaiting Applicant Info,Street Space,SSP-26-05694,012Ps000005citCIAQ,"Unloading material, park my work trucks",20 CITYVIEW  WAY,2026-09-14,2026-09-10T16:21:46.000Z,2.0,2026-10-13,2026-09-14,Not Enforceable
INON COHEN,2026-09-09T15:30:56.000Z,2026-10-13,a10Ps00000UCcrRIAT,0058b00000GAFCDAA5,2026-09-10T15:52:18.000Z,20.0,2026-10-14,2026-09-10,Tow Sign Photo,Awaiting Applicant Info,Street Space,SSP-26-05695,012Ps000005citCIAQ,Porta potty,356 VALLEY  ST,2026-09-14,2026-09-10T15:52:18.000Z,2.0,2026-10-13,2026-09-14,Not Enforceable
AMERICAN STANDARD ROOFING INC,2026-09-09T15:31:52.000Z,2026-10-13,a10Ps00000UCdHFIA1,005Ps00000IzXSvIAN,2026-09-17T19:03:35.000Z,20.0,2026-10-14,2026-09-11,Active,,Street Space,SSP-26-05696,012Ps000005citCIAQ,loading/unloading of materials and staging of equipment,5390 MISSION  ST,2026-09-14,2026-09-17T19:03:35.000Z,2.0,2026-10-13,2026-09-14,Not Enforceable
AMERICAN STANDARD ROOFING INC,2026-09-09T15:38:57.000Z,2026-10-17,a10Ps00000UCgWrIAL,005Ps00000RNpyTIAT,2026-09-24T22:26:07.000Z,20.0,2026-10-18,2026-09-10,Tow Sign Photo,Awaiting Applicant Info,Street Space,SSP-26-05697,012Ps000005citCIAQ,loading/unloading of materials and staging of equipment,1940 BUSH  ST,2026-09-18,2026-09-24T22:26:07.000Z,2.0,2026-10-17,2026-09-18,Not Enforceable
AMERICAN STANDARD ROOFING INC,2026-09-09T15:43:25.000Z,2026-10-15,a10Ps00000UCiOzIAL,0058b00000GAFCDAA5,2026-09-10T17:06:39.000Z,20.0,2026-10-16,2026-09-10,Tow Sign Photo,Awaiting Applicant Info,Street Space,SSP-26-05698,012Ps000005citCIAQ,loading/unloading of materials and staging of equipment,5333 ANZA  ST,2026-09-16,2026-09-10T17:06:39.000Z,2.0,2026-10-15,2026-09-16,Not Enforceable
LARKIN MIKE P,2026-09-09T15:47:31.000Z,2026-12-12,a10Ps00000UCjkrIAD,005Ps00000Ix5nhIAB,2026-09-09T19:01:30.000Z,20.0,2026-12-13,2026-09-09,Tow Sign Photo,Awaiting Applicant Info,Street Space,SSP-26-05699,012Ps000005citCIAQ,Contractor parking,44 SURREY  ST,2026-09-13,2026-09-09T19:01:30.000Z,2.0,2026-12-12,2026-09-13,Not Enforceable
GONZALEZ PAINTING LLC,2026-09-09T15:55:18.000Z,2026-10-13,a10Ps00000UCm4PIAT,005Ps00000KjBbhIAF,2026-09-29T20:13:07.000Z,20.0,2026-10-14,2026-09-29,Tow Sign Photo,Awaiting Applicant Info,Street Space,SSP-26-05700,012Ps000005citCIAQ,Painting,625 SCOTT  ST,2026-09-14,2026-09-29T20:13:07.000Z,2.0,2026-10-13,2026-09-14,Not Enforceable
JOHNSTONE MCAULIFFE CONST INC,2026-09-09T16:00:17.000Z,2027-03-13,a10Ps00000UCnjdIAD,005Ps00000IzXSvIAN,2026-09-11T16:18:46.000Z,25.0,2027-03-14,2026-09-09,Final Review,Awaiting Applicant Info,Street Space,SSP-26-05701,012Ps000005citCIAQ,construction materials,88 28TH  ST,2026-09-14,2026-09-11T16:18:46.000Z,3.0,2027-03-13,2026-09-14,Not Enforceable
KROUPA PAINTING AND COLOR DESIGN,2026-09-09T16:09:02.000Z,2026-10-14,a10Ps00000UCqpZIAT,0058b00000GAFCDAA5,2026-09-09T17:11:11.000Z,20.0,2026-10-15,2026-09-09,Tow Sign Photo,Awaiting Applicant Info,Street Space,SSP-26-05703,012Ps000005citCIAQ,Scaffolding for painting,3480 17TH  ST,2026-09-15,2026-09-09T17:11:11.000Z,2.0,2026-10-14,2026-09-15,Not Enforceable
NOA CONSTRUCTION LLC,2026-09-09T16:28:12.000Z,2027-03-12,a10Ps00000UCwIHIA1,0058b00000GAFCDAA5,2026-09-22T16:24:11.000Z,25.0,2027-03-13,2026-09-22,Tow Sign Photo,Awaiting Applicant Info,Street Space,SSP-26-05704,012Ps000005citCIAQ,Street parking,2516 UNION  ST,2026-09-13,2026-09-22T16:24:50.000Z,3.0,2027-03-12,2026-09-13,Not Enforceable
CLAYTON TIMBRELL & CO,2026-09-09T16:46:40.000Z,2026-12-10,a10Ps00000UD1mbIAD,005Ps00000IzXSvIAN,2026-09-11T22:15:08.000Z,20.0,2026-12-11,2026-09-09,Active,Active,Street Space,SSP-26-05705,012Ps000005citCIAQ,loading/unloading of materials and staging of equipment,3766 CLAY  ST,2026-09-11,2026-09-11T22:15:08.000Z,2.0,2026-12-10,2026-09-11,Enforceable
GIL CONSTRUCTION & ASSOC INC,2026-09-09T16:53:34.000Z,2026-11-19,a10Ps00000UCytcIAD,0058b00000GAFCDAA5,2026-09-11T16:28:00.000Z,20.0,2026-11-20,2026-09-11,Tow Sign Photo,Awaiting Applicant Info,Street Space,SSP-26-05707,012Ps000005citCIAQ,Compaay Vehicle Parking,23 MIRABEL  AVE,2026-09-20,2026-09-11T16:29:03.000Z,2.0,2026-11-19,2026-09-20,Not Enforceable
SAINT BRIDGET CONSTRUCTION,2026-09-09T17:05:46.000Z,2026-10-12,a10Ps00000UD6PhIAL,0058b00000GAFCDAA5,2026-09-10T17:43:55.000Z,20.0,2026-10-13,2026-09-10,Tow Sign Photo,Awaiting Applicant Info,Street Space,SSP-26-05708,012Ps000005citCIAQ,Need to park trucks in front of property we will be doing landscaping for to remove vegetation.,1342 26TH  AVE,2026-09-13,2026-09-10T17:43:55.000Z,2.0,2026-10-12,2026-09-13,Not Enforceable
AMEX ROOFING,2026-09-09T17:06:06.000Z,2026-11-14,a10Ps00000UD6UXIA1,0058b00000GAFCDAA5,2026-09-17T22:26:47.000Z,20.0,2026-11-15,2026-09-17,Tow Sign Photo,Awaiting Applicant Info,Street Space,SSP-26-05709,012Ps000005citCIAQ,To unload roofing materials and upload some trash,220 09TH  ST,2026-09-15,2026-09-17T22:26:47.000Z,2.0,2026-11-14,2026-09-15,Not Enforceable
"SUNSET BUILDERS, LLC",2026-09-09T17:41:34.000Z,2027-01-13,a10Ps00000UDGnFIAX,005Ps00000IzXSvIAN,2026-09-09T18:07:32.000Z,20.0,2027-01-14,2026-09-09,Final Review,Awaiting Applicant Info,Street Space,SSP-26-05710,012Ps000005citCIAQ,contractor offloading and parking,342 23RD  AVE,2026-09-14,2026-09-09T18:07:32.000Z,2.0,2027-01-13,2026-09-14,Not Enforceable
PEDRO LOPEZ OLVERA,2026-09-09T18:15:27.000Z,2026-11-13,a10Ps00000UDQQ1IAP,005Ps00000IzXSvIAN,2026-09-16T16:36:43.000Z,20.0,2026-11-14,2026-09-10,Active,Active,Street Space,SSP-26-05711,012Ps000005citCIAQ,Temporary placement of one portable toilet on the public sidewalk adjacent to the construction project and temporary use of the adjacent street parking space for construction-related activities.,1305 BAKER  ST,2026-09-14,2026-09-16T16:36:43.000Z,2.0,2026-11-13,2026-09-14,Enforceable
MR LI SCAFFOLD CO INC,2026-09-09T18:20:51.000Z,2026-10-14,a10Ps00000UDS3dIAH,005Ps00000Ix5nhIAB,2026-09-09T18:39:49.000Z,20.0,2026-10-15,2026-09-09,Tow Sign Photo,Awaiting Applicant Info,Street Space,SSP-26-05712,012Ps000005citCIAQ,Scaffolding and parking,523 19TH  AVE,2026-09-15,2026-09-09T18:39:49.000Z,2.0,2026-10-14,2026-09-15,Not Enforceable
MR LI SCAFFOLD CO INC,2026-09-09T18:24:03.000Z,2026-10-10,a10Ps00000UDT9NIAX,005Ps00000IxBTKIA3,2026-09-09T19:24:30.000Z,40.0,2026-10-11,2026-09-09,Tow Sign Photo,Awaiting Applicant Info,Street Space,SSP-26-05713,012Ps000005citCIAQ,Scaffolding,1857 STOCKTON  ST,2026-09-11,2026-09-09T19:24:30.000Z,3.0,2026-10-10,2026-09-11,Not Enforceable
MR LI SCAFFOLD CO INC,2026-09-09T18:31:09.000Z,2026-10-14,a10Ps00000UDV37IAH,005Ps00000IxBTKIA3,2026-09-09T19:22:57.000Z,40.0,2026-10-15,2026-09-09,Tow Sign Photo,Awaiting Applicant Info,Street Space,SSP-26-05714,012Ps000005citCIAQ,Scaffolding,300 FELTON  ST,2026-09-15,2026-09-09T19:22:57.000Z,3.0,2026-10-14,2026-09-15,Not Enforceable
INNOVATION PAINTING PLUS,2026-09-09T18:51:59.000Z,2026-10-13,a10Ps00000UDaijIAD,005Ps00000LEF6MIAX,2026-09-11T19:29:57.000Z,25.0,2026-10-14,2026-09-09,Active,Active,Street Space,SSP-26-05715,012Ps000005citCIAQ,painting and portable toilet,775 33RD  AVE,2026-09-14,2026-09-11T19:29:57.000Z,3.0,2026-10-13,2026-09-14,Enforceable
LOPEZ CRUZ CORPORATION,2026-09-09T19:03:08.000Z,2026-12-11,a10Ps00000UDdVJIA1,005Ps00000LEF6MIAX,2026-09-14T16:10:50.000Z,40.0,2026-12-12,2026-09-09,Active,Active,Street Space,SSP-26-05716,012Ps000005citCIAQ,Construction parking,2127 BROADWAY,2026-09-12,2026-09-14T16:10:50.000Z,3.0,2026-12-11,2026-09-12,Enforceable
,2026-09-09T19:05:36.000Z,2026-11-14,a10Ps00000UDWteIAH,0058b00000GAFCDAA5,2026-09-10T23:13:08.000Z,20.0,2026-11-15,2026-09-10,Tow Sign Photo,Awaiting Applicant Info,Street Space,SSP-26-05717,012Ps000005citCIAQ,Painting the exterior of the house.,1005 CORTLAND  AVE,2026-09-15,2026-09-10T23:13:08.000Z,2.0,2026-11-14,2026-09-15,Not Enforceable
STROUB CONSTRUCTION INC.,2026-09-09T19:23:51.000Z,2027-03-13,a10Ps00000UDhibIAD,005Ps00000IxBTKIA3,2026-10-02T21:11:44.000Z,41.0,2027-03-14,2026-09-18,Active,Active,Street Space,SSP-26-05719,012Ps000005citCIAQ,Construction work material delivery drop off and staff parking,250 LAUREL  ST,2026-09-14,2026-10-02T21:11:44.000Z,4.0,2027-03-13,2026-09-14,Enforceable
MC REMODELING,2026-09-09T19:33:07.000Z,2026-10-12,a10Ps00000UDjvhIAD,0058b00000GAFCDAA5,2026-09-09T20:16:37.000Z,80.0,2026-10-13,2026-09-09,Tow Sign Photo,Awaiting Applicant Info,Street Space,SSP-26-05720,012Ps000005citCIAQ,sacffolding for exterior painting,3106 25TH  ST,2026-09-13,2026-09-09T20:16:37.000Z,6.0,2026-10-12,2026-09-13,Not Enforceable
BE JAMES TEAM,2026-09-09T19:52:53.000Z,2026-10-15,a10Ps00000UDoybIAD,005Ps00000LEF6MIAX,2026-09-14T23:17:44.000Z,25.0,2026-10-16,2026-09-10,Active,Active,Street Space,SSP-26-05721,012Ps000005citCIAQ,"Placement of a portable toilet, debris box, and temporary loading/unloading of construction materials and equipment for a residential garage conversion.",130 SAINT CHARLES  AVE,2026-09-16,2026-09-14T23:17:44.000Z,3.0,2026-10-15,2026-09-16,Enforceable
NORTH BAY CONSTRUCTION,2026-09-09T20:10:56.000Z,2026-11-13,a10Ps00000UDtWrIAL,005Ps00000LEF6MIAX,2026-09-14T21:39:48.000Z,20.0,2026-11-14,2026-09-10,Final Review,Awaiting Applicant Info,Street Space,SSP-26-05722,012Ps000005citCIAQ,Parking and toilet,1108 MASONIC  AVE,2026-09-14,2026-09-14T21:39:48.000Z,2.0,2026-11-13,2026-09-14,Not Enforceable
HABITAT FOR HUMANITY GREATER SAN FRANCISCO,2026-09-09T20:16:00.000Z,2027-03-13,a10Ps00000UDuZNIA1,005Ps00000IzXSvIAN,2026-09-18T22:56:37.000Z,25.0,2027-03-14,2026-09-16,Active,,Street Space,SSP-26-05723,012Ps000005citCIAQ,To install the jobsite temporary fencing wall in front of the building and to use the street space for the dumpster and parking,3017 20TH  ST,2026-09-14,2026-09-18T22:56:37.000Z,3.0,2027-03-13,2026-09-14,Not Enforceable
YK MASON & SONS INC,2026-09-09T20:26:36.000Z,2026-10-16,a10Ps00000UDxLxIAL,0058b00000GAFCDAA5,2026-09-10T20:50:52.000Z,40.0,2026-10-17,2026-09-10,Tow Sign Photo,Awaiting Applicant Info,Street Space,SSP-26-05725,012Ps000005citCIAQ,Scaffolding and parking spaces in front.  Need both no-parking signs and placard.,1057 STEINER  ST,2026-09-17,2026-09-10T20:50:52.000Z,3.0,2026-10-16,2026-09-17,Not Enforceable
MANZYUK ENTERPRISES,2026-09-09T20:27:59.000Z,2027-02-13,a10Ps00000UDxnNIAT,005Ps00000IzXSvIAN,2026-09-23T17:07:47.000Z,20.0,2027-02-14,2026-09-10,Active,Active,Street Space,SSP-26-05726,012Ps000005citCIAQ,"Temporary street space occupancy for construction activities, including construction vehicle parking and loading/unloading of materials.",1381 07TH  AVE,2026-09-14,2026-09-23T17:07:47.000Z,2.0,2027-02-13,2026-09-14,Enforceable
YK MASON & SONS INC,2026-09-09T20:39:32.000Z,2026-10-31,a10Ps00000UDvLmIAL,0058b00000GAFCDAA5,2026-09-10T20:31:02.000Z,160.0,2026-11-01,2026-09-10,Tow Sign Photo,Awaiting Applicant Info,Street Space,SSP-26-05727,012Ps000005citCIAQ,Scaffolding both street sides @ Post and Buchanan.  Meter in in front of Post-buying 1 meter.  NO parking allowed on Buchanan.  Need no-parking signs on Post and placard.,1698 POST  ST,2026-10-01,2026-09-10T20:31:02.000Z,4.0,2026-10-31,2026-10-01,Not Enforceable
,2026-09-09T21:02:12.000Z,2026-10-13,a10Ps00000UE4yXIAT,0058b00000GAFCDAA5,2026-09-11T04:37:09.000Z,34.0,2026-10-14,2026-09-10,Tow Sign Photo,Awaiting Applicant Info,Street Space,SSP-26-05728,012Ps000005citCIAQ,Fix windows on building,2655 BALBOA  ST,2026-09-14,2026-09-11T04:37:09.000Z,3.0,2026-10-13,2026-09-14,Not Enforceable
J.J.J.& J. CORP.,2026-09-09T21:19:46.000Z,2026-10-13,a10Ps00000UE7y1IAD,0058b00000GAFCDAA5,2026-09-10T21:08:01.000Z,20.0,2026-10-14,2026-09-10,Tow Sign Photo,Awaiting Applicant Info,Street Space,SSP-26-05729,012Ps000005citCIAQ,Parking and unloading window product,43 WALTER  ST,2026-09-14,2026-09-10T21:08:01.000Z,2.0,2026-10-13,2026-09-14,Not Enforceable
LEMMA TIMOTHY,2026-09-09T21:20:52.000Z,2027-01-13,a10Ps00000UDpwIIAT,0058b00000GAFCDAA5,2026-09-11T05:01:02.000Z,25.0,2027-01-14,2026-09-10,Tow Sign Photo,Awaiting Applicant Info,Street Space,SSP-26-05730,012Ps000005citCIAQ,Parking for construction vehicle.,4071 20TH  ST,2026-09-14,2026-09-11T05:01:02.000Z,3.0,2027-01-13,2026-09-14,Not Enforceable
BANA CONSTRUCTION INC,2026-09-09T21:29:46.000Z,2026-12-14,a10Ps00000UEA33IAH,005Ps00000IzXSvIAN,2026-09-17T21:57:26.000Z,50.0,2026-12-15,2026-09-15,Active,Active,Street Space,SSP-26-05731,012Ps000005citCIAQ,parking for related Building Permit.,1664 LARKIN  ST,2026-09-15,2026-09-17T21:57:26.000Z,4.0,2026-12-14,2026-09-15,Enforceable
HAMERLAK PIOTR W,2026-09-09T21:45:18.000Z,2026-10-13,a10Ps00000UECRRIA5,005Ps00000IzXSvIAN,2026-09-11T22:07:35.000Z,20.0,2026-10-14,2026-09-10,Active,Active,Street Space,SSP-26-05732,012Ps000005citCIAQ,loading and unloading of materials staging of equipment,39 MARNE  AVE,2026-09-14,2026-09-11T22:07:35.000Z,2.0,2026-10-13,2026-09-14,Enforceable
,2026-09-09T22:10:33.000Z,2026-10-27,a10Ps00000UEGJlIAP,005Ps00000IxBTKIA3,2026-09-17T17:44:58.000Z,20.0,2026-10-28,2026-09-17,Tow Sign Photo,Pending,Street Space,SSP-26-05733,012Ps000005citCIAQ,parking deliver materials,2128 VAN NESS  AVE,2026-09-28,2026-09-17T17:44:58.000Z,2.0,2026-10-27,2026-09-28,Not Enforceable
MINT CONSTRUCTION INC,2026-09-09T22:55:50.000Z,2026-10-18,a10Ps00000UEOfVIAX,0058b00000GAFCDAA5,2026-09-15T22:17:55.000Z,20.0,2026-10-19,2026-09-15,Tow Sign Photo,Awaiting Applicant Info,Street Space,SSP-26-05734,012Ps000005citCIAQ,Reserve one curb parking space in front of property for contractor vehicle access during permitted bathroom remodeling work. No excavation.,2130 HARRISON  ST,2026-09-19,2026-09-15T22:18:50.000Z,2.0,2026-10-18,2026-09-19,Not Enforceable
KENNY JINGYI LI,2026-09-09T23:47:10.000Z,2026-10-13,a10Ps00000UEIlRIAX,0058b00000GAFCDAA5,2026-09-10T22:04:58.000Z,20.0,2026-10-14,2026-09-10,Tow Sign Photo,Awaiting Applicant Info,Street Space,SSP-26-05735,012Ps000005citCIAQ,Scaffolding,924 FULTON  ST,2026-09-14,2026-09-10T22:04:58.000Z,2.0,2026-10-13,2026-09-14,Not Enforceable
KENNY JINGYI LI,2026-09-10T00:11:11.000Z,2026-10-13,a10Ps00000UEXqrIAH,0058b00000GAFCDAA5,2026-09-16T20:15:36.000Z,20.0,2026-10-14,2026-09-16,Tow Sign Photo,Awaiting Applicant Info,Street Space,SSP-26-05736,012Ps000005citCIAQ,Scaffolding,836 WASHINGTON  ST,2026-09-14,2026-09-16T20:15:52.000Z,2.0,2026-10-13,2026-09-14,Not Enforceable
KENNY JINGYI LI,2026-09-10T00:17:10.000Z,2026-10-13,a10Ps00000UEYGfIAP,0058b00000GAFCDAA5,2026-09-10T22:05:07.000Z,20.0,2026-10-14,2026-09-10,Tow Sign Photo,Awaiting Applicant Info,Street Space,SSP-26-05737,012Ps000005citCIAQ,Scaffolding,1215 PACIFIC  AVE,2026-09-14,2026-09-10T22:05:07.000Z,2.0,2026-10-13,2026-09-14,Not Enforceable
GELBER RAMIREZ,2026-09-10T00:53:38.000Z,2026-10-16,a10Ps00000UEbT3IAL,005Ps00000LEF6MIAX,2026-09-15T23:44:23.000Z,40.0,2026-10-17,2026-09-09,Active,Active,Street Space,SSP-26-05738,012Ps000005citCIAQ,Vehicle parking,3440 24TH  ST,2026-09-17,2026-09-15T23:44:23.000Z,3.0,2026-10-16,2026-09-17,Enforceable
SEAMUS COLLINS CONSTRUCTION INC,2026-09-10T03:30:19.000Z,2027-03-13,a10Ps00000UEnCTIA1,0058b00000GAFCDAA5,2026-09-11T14:44:22.000Z,25.0,2027-03-14,2026-09-11,Tow Sign Photo,Awaiting Applicant Info,Street Space,SSP-26-05739,012Ps000005citCIAQ,parking for construction,129 LAIDLEY  ST,2026-09-14,2026-09-11T14:45:03.000Z,3.0,2027-03-13,2026-09-14,Not Enforceable
COLLINS FINBARR J,2026-09-10T14:06:21.000Z,2026-10-15,a10Ps00000UGFBVIA5,005Ps00000IzXSvIAN,2026-09-16T16:35:54.000Z,40.0,2026-10-16,2026-09-10,Active,Active,Street Space,SSP-26-05741,012Ps000005citCIAQ,Construction Workers Parking / Loading Materials etc.,1990 GREEN  ST,2026-09-16,2026-09-16T16:35:54.000Z,3.0,2026-10-15,2026-09-16,Enforceable
"HOME PRIDE CONSTRUCTION, INC",2026-09-10T14:23:00.000Z,2026-11-13,a10Ps00000UGKzBIAX,005Ps00000LEF6MIAX,2026-09-25T21:08:32.000Z,20.0,2026-11-14,2026-09-24,Final Review,Awaiting Applicant Info,Street Space,SSP-26-05742,012Ps000005citCIAQ,Parking / Dumpster,774 35TH  AVE,2026-09-14,2026-09-25T21:08:32.000Z,2.0,2026-11-13,2026-09-14,Not Enforceable
,2026-09-10T14:50:25.000Z,2026-10-13,a10Ps00000UGUTtIAP,005Ps00000LEF6MIAX,2026-09-21T15:21:28.000Z,20.0,2026-10-14,2026-09-11,Active,Active,Street Space,SSP-26-05743,012Ps000005citCIAQ,loading,490 FILLMORE  ST,2026-09-14,2026-09-21T15:21:28.000Z,2.0,2026-10-13,2026-09-14,Enforceable
RS PROFESSIONAL PAINTING INC,2026-09-10T15:32:26.000Z,2026-10-16,a10Ps00000UGhyzIAD,0058b00000GAFCDAA5,2026-09-10T18:36:08.000Z,20.0,2026-10-17,2026-09-10,Tow Sign Photo,Awaiting Applicant Info,Street Space,SSP-26-05744,012Ps000005citCIAQ,Scaffolding and Portable Toilet,2038 HYDE  ST,2026-09-17,2026-09-10T18:36:08.000Z,2.0,2026-10-16,2026-09-17,Not Enforceable
SCHUCHART/DOW INC,2026-09-10T15:56:35.000Z,2026-12-15,a10Ps00000UGoqnIAD,005Ps00000LEF6MIAX,2026-09-17T19:14:29.000Z,100.0,2026-12-16,2026-09-10,Active,Active,Street Space,SSP-26-05745,012Ps000005citCIAQ,Construction Parking,490 AVILA  ST,2026-09-16,2026-09-17T19:14:29.000Z,6.0,2026-12-15,2026-09-16,Enforceable
GRC ROOFING INC,2026-09-10T15:59:37.000Z,2026-10-13,a10Ps00000UGplFIAT,0058b00000GAFCDAA5,2026-09-10T23:47:55.000Z,20.0,2026-10-14,2026-09-10,Tow Sign Photo,Awaiting Applicant Info,Street Space,SSP-26-05746,012Ps000005citCIAQ,Sheet metal installation,167 DELMAR  ST,2026-09-14,2026-09-10T23:47:55.000Z,2.0,2026-10-13,2026-09-14,Not Enforceable
HECTOR GONZALEZ,2026-09-10T16:11:25.000Z,2026-10-13,a10Ps00000UGtTtIAL,0058b00000GAFCDAA5,2026-09-10T17:16:00.000Z,20.0,2026-10-14,2026-09-10,Tow Sign Photo,Awaiting Applicant Info,Street Space,SSP-26-05747,012Ps000005citCIAQ,Space for dumpster/parking,115 PINEHURST  WAY,2026-09-14,2026-09-10T17:16:00.000Z,2.0,2026-10-13,2026-09-14,Not Enforceable
DANZIGER ROBERT M,2026-09-10T16:26:43.000Z,2026-10-13,a10Ps00000UGy0XIAT,005Ps00000IzXSvIAN,2026-09-28T17:57:04.000Z,29.0,2026-10-14,2026-09-16,Active,Active,Street Space,SSP-26-05750,012Ps000005citCIAQ,Parking,415 EL CAMINO DEL MAR,2026-09-14,2026-09-28T17:57:04.000Z,3.0,2026-10-13,2026-09-14,Enforceable
PERSEPOLIS CONSTRUCTION,2026-09-10T16:48:46.000Z,2026-11-10,a10Ps00000UH4QvIAL,0058b00000GAFCDAA5,2026-09-10T17:20:04.000Z,20.0,2026-11-11,2026-09-10,Tow Sign Photo,Awaiting Applicant Info,Street Space,SSP-26-05751,012Ps000005citCIAQ,loading unloading space,1867 25TH  AVE,2026-09-11,2026-09-10T17:20:04.000Z,2.0,2026-11-10,2026-09-11,Not Enforceable
PLANT CONSTRUCTION COMPANY LP,2026-09-10T17:11:17.000Z,2027-03-13,a10Ps00000UHB2bIAH,005Ps00000IzXSvIAN,2026-09-17T16:46:23.000Z,25.0,2027-03-14,2026-09-10,Active,Active,Street Space,SSP-26-05753,012Ps000005citCIAQ,Construction Parking,100 COLUMBUS  AVE,2026-09-14,2026-09-17T16:46:23.000Z,3.0,2027-03-13,2026-09-14,Enforceable
ANDREW CHEKENE ENTERPRISES INC,2026-09-10T17:26:19.000Z,2026-10-15,a10Ps00000UHGlRIAX,005Ps00000LEF6MIAX,2026-09-15T18:33:17.000Z,40.0,2026-10-16,2026-09-11,Active,Active,Street Space,SSP-26-05754,012Ps000005citCIAQ,Building Permit - Construction Staging,520 CHESTNUT  ST,2026-09-16,2026-09-15T18:33:17.000Z,3.0,2026-10-15,2026-09-16,Enforceable
KELLY KEVIN M,2026-09-10T17:26:46.000Z,2026-10-15,a10Ps00000UHGqHIAX,005Ps00000LEF6MIAX,2026-09-15T21:12:53.000Z,20.0,2026-10-16,2026-09-10,Active,Active,Street Space,SSP-26-05755,012Ps000005citCIAQ,Parking,179 PARKER  AVE,2026-09-16,2026-09-15T21:12:53.000Z,2.0,2026-10-15,2026-09-16,Enforceable
CAL-QUALITY PAINTING INC.,2026-09-10T17:41:48.000Z,2026-10-13,a10Ps00000UHKDxIAP,0058b00000GAFCDAA5,2026-09-10T18:12:54.000Z,20.0,2026-10-14,2026-09-10,Tow Sign Photo,Awaiting Applicant Info,Street Space,SSP-26-05756,012Ps000005citCIAQ,Scaffolding and contractor parking,3626 17TH  ST,2026-09-14,2026-09-10T18:12:54.000Z,2.0,2026-10-13,2026-09-14,Not Enforceable
PLANT CONSTRUCTION COMPANY LP,2026-09-10T17:49:01.000Z,2027-03-15,a10Ps00000UHLzdIAH,0058b00000GAFCDAA5,2026-09-10T18:26:31.000Z,160.0,2027-03-16,2026-09-10,Tow Sign Photo,Awaiting Applicant Info,Street Space,SSP-26-05757,012Ps000005citCIAQ,Construction space,800 CHESTNUT  ST,2026-09-16,2026-09-10T18:26:31.000Z,9.0,2027-03-15,2026-09-16,Not Enforceable
DANIELE CONSTRUCTION INC,2026-09-10T17:57:35.000Z,2026-10-21,a10Ps00000UHOB7IAP,005Ps00000IzXSvIAN,2026-09-17T16:44:51.000Z,25.0,2026-10-22,2026-09-10,Active,Active,Street Space,SSP-26-05758,012Ps000005citCIAQ,"porta potty, debris box. loading and unloading site material",1244 BROADWAY,2026-09-22,2026-09-17T16:44:51.000Z,3.0,2026-10-21,2026-09-22,Enforceable
IMPERIA CORP,2026-09-10T18:06:23.000Z,2026-10-13,a10Ps00000UHQHlIAP,0058b00000GAFCDAA5,2026-09-10T22:33:08.000Z,20.0,2026-10-14,2026-09-10,Tow Sign Photo,Awaiting Applicant Info,Street Space,SSP-26-05759,012Ps000005citCIAQ,load unload roofing materials,572 LAKEVIEW  AVE,2026-09-14,2026-09-10T22:33:08.000Z,2.0,2026-10-13,2026-09-14,Not Enforceable
LECA CONSTRUCTION LLC,2026-09-10T18:19:28.000Z,2026-12-13,a10Ps00000UHUBhIAP,0058b00000GAFCDAA5,2026-09-10T22:18:01.000Z,20.0,2026-12-14,2026-09-10,Tow Sign Photo,Awaiting Applicant Info,Street Space,SSP-26-05760,012Ps000005citCIAQ,"loading/unloading of construction materials related to SF building permit numbers: 202510318677, 202511149702, and 202509034461",67 SHARON  ST,2026-09-14,2026-09-10T22:18:01.000Z,2.0,2026-12-13,2026-09-14,Not Enforceable
RAIN DEFENSE,2026-09-10T18:24:22.000Z,2026-10-15,a10Ps00000UHVpJIAX,0058b00000GAFCDAA5,2026-09-11T17:18:11.000Z,20.0,2026-10-16,2026-09-11,Tow Sign Photo,Awaiting Applicant Info,Street Space,SSP-26-05761,012Ps000005citCIAQ,20 feet for our truck to park while guys work,495 32ND  AVE,2026-09-16,2026-09-11T17:18:57.000Z,2.0,2026-10-15,2026-09-16,Not Enforceable
CFY CONSTRUCTION INC,2026-09-10T18:36:37.000Z,2026-10-21,a10Ps00000UHZOHIA5,0058b00000GAFCDAA5,2026-09-10T22:23:02.000Z,20.0,2026-10-22,2026-09-10,Tow Sign Photo,Awaiting Applicant Info,Street Space,SSP-26-05762,012Ps000005citCIAQ,Parking for the work truck to upload and off load materials.,522 LAKE  ST,2026-09-22,2026-09-10T22:23:02.000Z,2.0,2026-10-21,2026-09-22,Not Enforceable
YEFA CONSTRUCTION INC,2026-09-10T18:41:12.000Z,2026-12-15,a10Ps00000UHSGMIA5,0058b00000GAFCDAA5,2026-09-11T00:16:22.000Z,20.0,2026-12-16,2026-09-10,Tow Sign Photo,Awaiting Applicant Info,Street Space,SSP-26-05763,012Ps000005citCIAQ,loading/unloading goods,351 DAY  ST,2026-09-16,2026-09-11T00:16:22.000Z,2.0,2026-12-15,2026-09-16,Not Enforceable
TRIOND REMODELING,2026-09-10T19:00:02.000Z,2026-10-13,a10Ps00000UHepNIAT,0058b00000GAFCDAA5,2026-09-10T23:43:45.000Z,20.0,2026-10-14,2026-09-10,Tow Sign Photo,Awaiting Applicant Info,Street Space,SSP-26-05764,012Ps000005citCIAQ,Parking during contruction,469 FREDERICK  ST,2026-09-14,2026-09-10T23:43:45.000Z,2.0,2026-10-13,2026-09-14,Not Enforceable
RH MASTER BUILDERS,2026-09-10T19:22:52.000Z,2026-11-13,a10Ps00000UHJOQIA5,005Ps00000Ix5nhIAB,2026-09-11T18:33:49.000Z,20.0,2026-11-14,2026-09-11,Tow Sign Photo,Awaiting Applicant Info,Street Space,SSP-26-05765,012Ps000005citCIAQ,"Scaffolding for exterior construction work at 1037 Pacific Ave, including window replacement and exterior siding/stucco work associated with the issued building permit.",1037 PACIFIC  AVE,2026-09-14,2026-09-11T18:33:49.000Z,2.0,2026-11-13,2026-09-14,Not Enforceable
"MINERVA CONSTRUCTION, INC.",2026-09-10T19:36:02.000Z,2026-10-14,a10Ps00000UHoGrIAL,005Ps00000IzXSvIAN,2026-09-11T22:31:03.000Z,100.0,2026-10-15,2026-09-10,Active,Active,Street Space,SSP-26-05766,012Ps000005citCIAQ,Loading/Unloading materials/equipment,650 CAPITOL  AVE,2026-09-15,2026-09-11T22:31:03.000Z,6.0,2026-10-14,2026-09-15,Enforceable
"MINERVA CONSTRUCTION, INC.",2026-09-10T19:57:28.000Z,2026-10-27,a10Ps00000UHtV3IAL,0058b00000GAFCDAA5,2026-09-16T17:29:53.000Z,250.0,2026-10-28,2026-09-16,Tow Sign Photo,Awaiting Applicant Info,Street Space,SSP-26-05767,012Ps000005citCIAQ,loading and unloading materials and equipment,650 CAPITOL  AVE,2026-09-28,2026-09-16T17:30:54.000Z,14.0,2026-10-27,2026-09-28,Not Enforceable
HEIRLOOM BUILDERS INC.,2026-09-10T20:09:51.000Z,2026-12-13,a10Ps00000UHwMTIA1,0058b00000GAFCDAA5,2026-09-10T22:05:04.000Z,20.0,2026-12-14,2026-09-10,Tow Sign Photo,Awaiting Applicant Info,Street Space,SSP-26-05768,012Ps000005citCIAQ,Construction Vehicle Parking,3859 21ST  ST,2026-09-14,2026-09-10T22:05:04.000Z,2.0,2026-12-13,2026-09-14,Not Enforceable
ALONSO SALAZAR MANUEL ANIBAL,2026-09-10T20:11:57.000Z,2027-03-16,a10Ps00000UHvVIIA1,005Ps00000IzXSvIAN,2026-09-16T16:34:16.000Z,25.0,2027-03-17,2026-09-10,Active,Active,Street Space,SSP-26-05769,012Ps000005citCIAQ,load and unload material,1339 11TH  AVE,2026-09-17,2026-09-16T16:34:16.000Z,3.0,2027-03-16,2026-09-17,Enforceable
YK MASON & SONS INC,2026-09-10T20:46:27.000Z,2026-10-24,a10Ps00000UHoX1IAL,0058b00000GAFCDAA5,2026-09-11T23:25:56.000Z,20.0,2026-10-25,2026-09-11,Tow Sign Photo,Awaiting Applicant Info,Street Space,SSP-26-05770,012Ps000005citCIAQ,Scaffolding and parking space in front.  Need both no-parking signs and placard.,274 18TH  AVE,2026-09-25,2026-09-11T23:26:01.000Z,2.0,2026-10-24,2026-09-25,Not Enforceable
LOVE PAINTING PC,2026-09-10T20:56:46.000Z,2026-11-13,a10Ps00000UI6bxIAD,0058b00000GAFCDAA5,2026-09-30T18:59:18.000Z,25.0,2026-11-14,2026-09-30,Tow Sign Photo,Awaiting Applicant Info,Street Space,SSP-26-05771,012Ps000005citCIAQ,Scaffolding and exterior painting,1128 PINE  ST,2026-10-14,2026-09-30T19:00:07.000Z,3.0,2026-11-13,2026-10-14,Not Enforceable
YK MASON & SONS INC,2026-09-10T20:57:53.000Z,2026-10-21,a10Ps00000UI6yXIAT,0058b00000GAFCDAA5,2026-09-11T23:23:43.000Z,20.0,2026-10-22,2026-09-11,Tow Sign Photo,Awaiting Applicant Info,Street Space,SSP-26-05772,012Ps000005citCIAQ,Scaffolding in front and parking space in front.  Need both no-parking signs and placard.,636 VERMONT  ST,2026-09-22,2026-09-11T23:23:46.000Z,2.0,2026-10-21,2026-09-22,Not Enforceable
LOVE PAINTING PC,2026-09-10T21:04:13.000Z,2026-11-05,a10Ps00000UI8CLIA1,0058b00000GAFCDAA5,2026-09-30T19:00:24.000Z,25.0,2026-11-06,2026-09-30,Tow Sign Photo,Awaiting Applicant Info,Street Space,SSP-26-05773,012Ps000005citCIAQ,Scaffolding and painting,455 42ND  AVE,2026-10-06,2026-09-30T19:01:06.000Z,3.0,2026-11-05,2026-10-06,Not Enforceable
SF PERMITTING INC,2026-09-10T21:11:13.000Z,2026-11-15,a10Ps00000UI9YDIA1,005Ps00000LEF6MIAX,2026-09-15T23:14:29.000Z,20.0,2026-11-16,2026-09-11,Active,Active,Street Space,SSP-26-05774,012Ps000005citCIAQ,work vehicle,511 SCOTT  ST,2026-09-16,2026-09-15T23:14:29.000Z,2.0,2026-11-15,2026-09-16,Enforceable
SLM DEVELOPMENT INC,2026-09-10T21:24:34.000Z,2027-03-14,a10Ps00000UIBwbIAH,005Ps00000IzXSvIAN,2026-09-22T23:07:18.000Z,30.0,2027-03-15,2026-09-10,Active,Active,Street Space,SSP-26-05775,012Ps000005citCIAQ,parking for crew and put trash container,4135 19TH  ST,2026-09-15,2026-09-22T23:07:18.000Z,3.0,2027-03-14,2026-09-15,Enforceable
NOELKE ROBERT T,2026-09-10T21:26:32.000Z,2026-10-16,a10Ps00000UICHZIA5,0058b00000GAFCDAA5,2026-09-10T22:17:13.000Z,20.0,2026-10-17,2026-09-10,Tow Sign Photo,Awaiting Applicant Info,Street Space,SSP-26-05776,012Ps000005citCIAQ,building maintenance,144 WINFIELD  ST,2026-09-17,2026-09-10T22:17:13.000Z,2.0,2026-10-16,2026-09-17,Not Enforceable
MANNYS ROOFING INC,2026-09-10T21:53:00.000Z,2026-10-13,a10Ps00000UIGY5IAP,0058b00000GAFCDAA5,2026-09-10T22:33:00.000Z,20.0,2026-10-14,2026-09-10,Tow Sign Photo,Awaiting Applicant Info,Street Space,SSP-26-05778,012Ps000005citCIAQ,Work trucks,1158 STANYAN  ST,2026-09-14,2026-09-10T22:33:00.000Z,2.0,2026-10-13,2026-09-14,Not Enforceable
DE BRUS MAOLCHOLM,2026-09-10T21:58:10.000Z,2026-11-12,a10Ps00000UIHHFIA5,005Ps00000LEF6MIAX,2026-09-15T15:06:26.000Z,35.0,2026-11-13,2026-09-11,Active,Active,Street Space,SSP-26-05779,012Ps000005citCIAQ,Building Permit - Construction Staging,2021 CALIFORNIA  ST,2026-09-13,2026-09-15T15:06:26.000Z,3.0,2026-11-12,2026-09-13,Enforceable
SWEITZER INC.,2026-09-10T22:03:53.000Z,2027-01-14,a10Ps00000UII5FIAX,005Ps00000IzXSvIAN,2026-09-24T22:21:31.000Z,50.0,2027-01-15,2026-09-23,Active,Active,Street Space,SSP-26-05780,012Ps000005citCIAQ,construction parking,2222 FILLMORE  ST,2026-09-15,2026-09-24T22:21:31.000Z,4.0,2027-01-14,2026-09-15,Enforceable
PEREZ ROUGH FRAME SPECIALISTS,2026-09-10T22:19:24.000Z,2026-10-13,a10Ps00000UIGt6IAH,005Ps00000LEF6MIAX,2026-09-14T18:44:18.000Z,20.0,2026-10-14,2026-09-11,Final Review,Awaiting Applicant Info,Street Space,SSP-26-05781,012Ps000005citCIAQ,Park Work Vehicles,812 LYON  ST,2026-09-14,2026-09-14T18:44:18.000Z,2.0,2026-10-13,2026-09-14,Not Enforceable
BUILDING EFFICIENCY INC,2026-09-10T22:28:25.000Z,2026-10-13,a10Ps00000UILO5IAP,0058b00000GAFCDAA5,2026-09-11T18:13:29.000Z,20.0,2026-10-14,2026-09-11,Tow Sign Photo,Awaiting Applicant Info,Street Space,SSP-26-05782,012Ps000005citCIAQ,HVAC Van to occupy space during permit hours,1424 ALABAMA  ST,2026-09-14,2026-09-11T18:13:29.000Z,2.0,2026-10-13,2026-09-14,Not Enforceable
BEN HARDY & COMPANY,2026-09-10T22:30:57.000Z,2027-01-13,a10Ps00000UILkfIAH,0058b00000GAFCDAA5,2026-09-11T20:00:27.000Z,20.0,2027-01-14,2026-09-11,Tow Sign Photo,Awaiting Applicant Info,Street Space,SSP-26-05783,012Ps000005citCIAQ,loading/unloading of materials and staging of equipment,882 CAROLINA  ST,2026-09-14,2026-09-11T20:00:27.000Z,2.0,2027-01-13,2026-09-14,Not Enforceable
NEAL'S PAINTING COMPANY INC,2026-09-10T22:38:21.000Z,2026-10-14,a10Ps00000UIMtdIAH,005Ps00000IzXSvIAN,2026-09-14T16:29:40.000Z,20.0,2026-10-15,2026-09-11,Active,Active,Street Space,SSP-26-05784,012Ps000005citCIAQ,Parking and scaffolding,2780 SACRAMENTO  ST,2026-09-15,2026-09-14T16:29:40.000Z,2.0,2026-10-14,2026-09-15,Enforceable
TOM LEE ROOFING INC,2026-09-10T22:58:52.000Z,2026-11-18,a10Ps00000UIQlxIAH,0058b00000GAFCDAA5,2026-09-11T14:57:20.000Z,20.0,2026-11-19,2026-09-11,Tow Sign Photo,Awaiting Applicant Info,Street Space,SSP-26-05785,012Ps000005citCIAQ,reroofing,2921 WASHINGTON  ST,2026-10-19,2026-09-11T14:57:20.000Z,2.0,2026-11-18,2026-10-19,Not Enforceable
TOM LEE ROOFING INC,2026-09-10T23:01:18.000Z,2026-11-18,a10Ps00000UIR6vIAH,0058b00000GAFCDAA5,2026-09-11T15:08:14.000Z,20.0,2026-11-19,2026-09-11,Tow Sign Photo,Awaiting Applicant Info,Street Space,SSP-26-05786,012Ps000005citCIAQ,reroofing,761 CLAYTON  ST,2026-10-19,2026-09-11T15:08:14.000Z,2.0,2026-11-18,2026-10-19,Not Enforceable
TOM LEE ROOFING INC,2026-09-10T23:04:09.000Z,2026-11-18,a10Ps00000UICMQIA5,0058b00000GAFCDAA5,2026-09-11T15:33:25.000Z,20.0,2026-11-19,2026-09-11,Tow Sign Photo,Awaiting Applicant Info,Street Space,SSP-26-05787,012Ps000005citCIAQ,reroofing,1295 SLOAT  BLVD,2026-10-19,2026-09-11T15:33:25.000Z,2.0,2026-11-18,2026-10-19,Not Enforceable
0303 CONSTRUCTION INC.,2026-09-10T23:16:28.000Z,2026-12-13,a10Ps00000UISvpIAH,005Ps00000LEF6MIAX,2026-09-15T21:10:32.000Z,20.0,2026-12-14,2026-09-11,Active,Active,Street Space,SSP-26-05788,012Ps000005citCIAQ,"Material, equipment and manpower delivery and handling",2243 WASHINGTON  ST,2026-09-14,2026-09-15T21:10:32.000Z,2.0,2026-12-13,2026-09-14,Enforceable
EVEREST WATERPROOFING,2026-09-10T23:24:37.000Z,2026-10-16,a10Ps00000UITrtIAH,0058b00000GAFCDAA5,2026-09-11T18:03:41.000Z,20.0,2026-10-17,2026-09-11,Tow Sign Photo,Awaiting Applicant Info,Street Space,SSP-26-05790,012Ps000005citCIAQ,parking,601 LEAVENWORTH  ST,2026-09-17,2026-09-11T18:03:41.000Z,2.0,2026-10-16,2026-09-17,Not Enforceable
TOM LEE ROOFING INC,2026-09-10T23:25:28.000Z,2026-11-18,a10Ps00000UITyLIAX,0058b00000GAFCDAA5,2026-09-11T15:34:03.000Z,20.0,2026-11-19,2026-09-11,Tow Sign Photo,Awaiting Applicant Info,Street Space,SSP-26-05791,012Ps000005citCIAQ,reroofing,305 PROSPECT  AVE,2026-10-19,2026-09-11T15:34:03.000Z,2.0,2026-11-18,2026-10-19,Not Enforceable
METZLER BROTHERS GENERAL CONTRACTORS INC,2026-09-11T00:10:16.000Z,2026-11-12,a10Ps00000UIYoLIAX,005Ps00000LEF6MIAX,2026-09-14T18:36:26.000Z,20.0,2026-11-13,2026-09-10,Active,Active,Street Space,SSP-26-05792,012Ps000005citCIAQ,Building Permit - Construction Staging,871 CORBETT  AVE,2026-10-13,2026-09-14T18:36:26.000Z,2.0,2026-11-12,2026-10-13,Not Enforceable
EDL CONSTRUCTION CORP.,2026-09-11T01:40:37.000Z,2026-10-15,a10Ps00000UIg7ZIAT,0058b00000GAFCDAA5,2026-09-15T19:14:03.000Z,21.0,2026-10-16,2026-09-15,Tow Sign Photo,Awaiting Applicant Info,Street Space,SSP-26-05793,012Ps000005citCIAQ,Scaffolding on the 22nd St frontage for exterior repair and repaint of a 3-story building. No excavation. 22nd St frontage only.,3315 22ND  ST,2026-09-16,2026-09-15T19:14:03.000Z,3.0,2026-10-15,2026-09-16,Not Enforceable
ZOETHI ROOFING AND GUTTERS INC,2026-09-11T03:14:06.000Z,2026-10-13,a10Ps00000UIoI1IAL,005Ps00000IzXSvIAN,2026-09-11T23:41:30.000Z,20.0,2026-10-14,2026-09-11,Final Review,Awaiting Applicant Info,Street Space,SSP-26-05794,012Ps000005citCIAQ,20,326 DELANO  AVE,2026-09-14,2026-09-11T23:41:30.000Z,2.0,2026-10-13,2026-09-14,Not Enforceable
PARKSWAY CONSTRUCTION INC,2026-09-11T04:06:27.000Z,2026-10-13,a10Ps00000UIsBxIAL,0058b00000GAFCDAA5,2026-09-11T16:06:22.000Z,20.0,2026-10-14,2026-09-11,Tow Sign Photo,Awaiting Applicant Info,Street Space,SSP-26-05795,012Ps000005citCIAQ,Parking for dump truck,2205 SACRAMENTO  ST,2026-09-14,2026-09-11T16:06:22.000Z,2.0,2026-10-13,2026-09-14,Not Enforceable
DORAN FOX,2026-09-11T05:24:57.000Z,2026-10-18,a10Ps00000UIym1IAD,0058b00000GAFCDAA5,2026-09-18T18:21:31.000Z,41.0,2026-10-19,2026-09-18,Tow Sign Photo,Awaiting Applicant Info,Street Space,SSP-26-05796,012Ps000005citCIAQ,Scaffolding for permitted window replacement work at 2040 Broadway,2040 BROADWAY,2026-09-19,2026-09-18T18:21:50.000Z,4.0,2026-10-18,2026-09-19,Not Enforceable
"BAXTER CONSTRUCTION, LLC",2026-09-11T14:16:02.000Z,2026-11-15,a10Ps00000UKhqjIAD,005Ps00000IzXSvIAN,2026-09-21T17:39:27.000Z,20.0,2026-11-16,2026-09-11,Active,Active,Street Space,SSP-26-05797,012Ps000005citCIAQ,Parking,3537 23RD  ST,2026-09-16,2026-09-21T17:39:27.000Z,2.0,2026-11-15,2026-09-16,Enforceable
DO CANTO MANOEL R,2026-09-11T15:01:26.000Z,2027-03-14,a10Ps00000UKx7VIAT,0058b00000GAFCDAA5,2026-09-12T00:20:39.000Z,20.0,2027-03-15,2026-09-11,Tow Sign Photo,Awaiting Applicant Info,Street Space,SSP-26-05799,012Ps000005citCIAQ,Material onloading and offloading,70 ZIRCON  PL,2026-09-15,2026-09-12T00:20:39.000Z,2.0,2027-03-14,2026-09-15,Not Enforceable
LEE DARREN,2026-09-11T16:08:08.000Z,2026-11-14,a10Ps00000ULGenIAH,005Ps00000IzXSvIAN,2026-09-14T16:27:05.000Z,20.0,2026-11-15,2026-09-11,Active,Active,Street Space,SSP-26-05800,012Ps000005citCIAQ,Portable toilet and construction zone parking,115 PIERCE  ST,2026-09-15,2026-09-14T16:27:05.000Z,2.0,2026-11-14,2026-09-15,Enforceable
SATURN CONSTRUCTION CO,2026-09-11T17:11:16.000Z,2026-11-11,a10Ps00000ULXhFIAX,0058b00000GAFCDAA5,2026-09-11T17:39:25.000Z,20.0,2026-11-12,2026-09-11,Tow Sign Photo,Awaiting Applicant Info,Street Space,SSP-26-05804,012Ps000005citCIAQ,BPA - Construction Staging,145 ULLOA  ST,2026-09-12,2026-09-11T17:39:25.000Z,2.0,2026-11-11,2026-09-12,Not Enforceable
JRG ROOFING INC,2026-09-11T17:17:03.000Z,2026-10-14,a10Ps00000ULYtRIAX,0058b00000GAFCDAA5,2026-09-11T17:35:35.000Z,20.0,2026-10-15,2026-09-11,Tow Sign Photo,Awaiting Applicant Info,Street Space,SSP-26-05805,012Ps000005citCIAQ,Unloading materials,1859 44TH  AVE,2026-09-15,2026-09-11T17:35:35.000Z,2.0,2026-10-14,2026-09-15,Not Enforceable
MAURO ALEXIS RODRIGUEZ GALVEZ,2026-09-11T17:21:04.000Z,2026-10-13,a10Ps00000ULZeDIAX,0058b00000GAFCDAA5,2026-09-11T17:31:32.000Z,20.0,2026-10-14,2026-09-11,Tow Sign Photo,Awaiting Applicant Info,Street Space,SSP-26-05806,012Ps000005citCIAQ,painting,2007 PACIFIC  AVE,2026-09-14,2026-09-11T17:31:32.000Z,2.0,2026-10-13,2026-09-14,Not Enforceable
MB JESSEE INC,2026-09-11T18:00:04.000Z,2026-10-16,a10Ps00000ULj0rIAD,0058b00000GAFCDAA5,2026-09-23T15:39:20.000Z,137.0,2026-10-17,2026-09-23,Tow Sign Photo,Awaiting Applicant Info,Street Space,SSP-26-05808,012Ps000005citCIAQ,Scaffolding,1900 BROADWAY,2026-09-17,2026-09-23T15:39:47.000Z,9.0,2026-10-16,2026-09-17,Not Enforceable
BANA CONSTRUCTION INC,2026-09-11T18:28:47.000Z,2027-03-15,a10Ps00000ULpr3IAD,005Ps00000LEF6MIAX,2026-09-17T19:23:31.000Z,20.0,2027-03-16,2026-09-15,Active,Active,Street Space,SSP-26-05809,012Ps000005citCIAQ,parking for contractor.,249 21ST  AVE,2026-09-16,2026-09-17T19:23:31.000Z,2.0,2027-03-15,2026-09-16,Enforceable
MR ROOFING INC,2026-09-11T19:41:29.000Z,2026-10-16,a10Ps00000UM7RNIA1,0058b00000GAFCDAA5,2026-09-14T16:49:50.000Z,20.0,2026-10-17,2026-09-14,Tow Sign Photo,Awaiting Applicant Info,Street Space,SSP-26-05811,012Ps000005citCIAQ,park work truck and garbage dump,4385 25TH  ST,2026-09-17,2026-09-14T16:49:50.000Z,2.0,2026-10-16,2026-09-17,Not Enforceable
BIGHAM TAYLOR RFG,2026-09-11T20:13:19.000Z,2026-12-16,a10Ps00000UMDWnIAP,005Ps00000IzXSvIAN,2026-09-23T18:40:38.000Z,40.0,2026-12-17,2026-09-17,Active,Active,Street Space,SSP-26-05812,012Ps000005citCIAQ,Truck Parking,150 HOOPER  ST,2026-09-17,2026-09-23T18:40:38.000Z,3.0,2026-12-16,2026-09-17,Enforceable
MR ROOFING INC,2026-09-11T20:48:55.000Z,2026-10-14,a10Ps00000UMKrdIAH,0058b00000GAFCDAA5,2026-09-14T17:08:54.000Z,20.0,2026-10-15,2026-09-14,Tow Sign Photo,Awaiting Applicant Info,Street Space,SSP-26-05814,012Ps000005citCIAQ,park working trucks and garbage dump,956 SILVER  AVE,2026-09-15,2026-09-14T17:08:54.000Z,2.0,2026-10-14,2026-09-15,Not Enforceable
,2026-09-11T20:51:17.000Z,2026-10-14,a10Ps00000UMLMHIA5,0058b00000GAFCDAA5,2026-09-14T17:35:27.000Z,20.0,2026-10-15,2026-09-14,Tow Sign Photo,Awaiting Applicant Info,Street Space,SSP-26-05815,012Ps000005citCIAQ,Scaffolding,129 FAIR OAKS  ST,2026-09-15,2026-09-14T17:35:27.000Z,2.0,2026-10-14,2026-09-15,Not Enforceable
MR ROOFING INC,2026-09-11T20:59:14.000Z,2026-10-27,a10Ps00000UMMqDIAX,0058b00000GAFCDAA5,2026-09-14T17:43:09.000Z,20.0,2026-10-28,2026-09-14,Tow Sign Photo,Awaiting Applicant Info,Street Space,SSP-26-05816,012Ps000005citCIAQ,park work trucks and garbage dump,387 LOS PALMOS  DR,2026-09-28,2026-09-14T17:43:09.000Z,2.0,2026-10-27,2026-09-28,Not Enforceable
J E BROWN CO MECH CONTRACTORS,2026-09-11T21:09:10.000Z,2026-10-27,a10Ps00000UMO7FIAX,005Ps00000LEF6MIAX,2026-09-29T21:23:30.000Z,32.0,2026-10-28,2026-09-21,Active,Active,Street Space,SSP-26-05817,012Ps000005citCIAQ,parking of vehicles to off load and load equipment,1145 GREEN  ST,2026-09-28,2026-09-29T21:23:30.000Z,3.0,2026-10-27,2026-09-28,Enforceable
ONE INCH TO THE LEFT INC,2026-09-11T21:11:25.000Z,2027-01-15,a10Ps00000UMOK9IAP,005Ps00000IzXSvIAN,2026-09-21T21:12:22.000Z,20.0,2027-01-16,2026-09-17,Active,Active,Street Space,SSP-26-05818,012Ps000005citCIAQ,Materials and tools loading and unloading.,424 PACHECO  ST,2026-09-16,2026-09-21T21:12:22.000Z,2.0,2027-01-15,2026-09-16,Enforceable
EMPIRE PAINTING & CONSTRUCTION,2026-09-11T21:23:14.000Z,2026-10-15,a10Ps00000UMPzNIAX,0058b00000GAFCDAA5,2026-09-11T22:00:39.000Z,160.0,2026-10-16,2026-09-11,Tow Sign Photo,Awaiting Applicant Info,Street Space,SSP-26-05819,012Ps000005citCIAQ,Scaffolding,1001 FRANKLIN  ST,2026-09-16,2026-09-11T22:00:39.000Z,10.0,2026-10-15,2026-09-16,Not Enforceable
"APOLLO BUILDING AND ROOFING GROUP, INC.",2026-09-11T21:31:44.000Z,2026-10-23,a10Ps00000UMRDBIA5,005Ps00000LEF6MIAX,2026-09-28T21:15:11.000Z,20.0,2026-10-24,2026-09-11,Active,Active,Street Space,SSP-26-05821,012Ps000005citCIAQ,scaffolding for reroofing,3686 17TH  ST,2026-09-24,2026-09-28T21:15:11.000Z,2.0,2026-10-23,2026-09-24,Enforceable
EXCELSIOR ROOFING INC,2026-09-11T21:36:16.000Z,2026-10-24,a10Ps00000UMRgDIAX,0058b00000GAFCDAA5,2026-09-14T18:03:52.000Z,20.0,2026-10-25,2026-09-14,Tow Sign Photo,Awaiting Applicant Info,Street Space,SSP-26-05822,012Ps000005citCIAQ,loading/unloading of materials,125 MERCURY  ST,2026-09-25,2026-09-14T18:03:52.000Z,2.0,2026-10-24,2026-09-25,Not Enforceable
SINCERE CONSTRUCTION CO INC,2026-09-11T21:45:01.000Z,2026-11-20,a10Ps00000UMNHhIAP,005Ps00000LEF6MIAX,2026-09-18T16:12:49.000Z,20.0,2026-11-21,2026-09-14,Active,Active,Street Space,SSP-26-05823,012Ps000005citCIAQ,Contractor Parking,65 UPLAND  DR,2026-09-21,2026-09-18T16:12:49.000Z,2.0,2026-11-20,2026-09-21,Enforceable
DAVISON ALEXANDER S,2026-09-11T21:45:11.000Z,2026-10-15,a10Ps00000UMTBlIAP,0058b00000GAFCDAA5,2026-09-11T22:14:52.000Z,20.0,2026-10-16,2026-09-11,Tow Sign Photo,Awaiting Applicant Info,Street Space,SSP-26-05824,012Ps000005citCIAQ,painting building,133 RICHARDSON  AVE,2026-09-16,2026-09-11T22:14:52.000Z,2.0,2026-10-15,2026-09-16,Not Enforceable
SF PRO ROOFING INC.,2026-09-11T22:11:14.000Z,2026-10-14,a10Ps00000UMUXgIAP,0058b00000GAFCDAA5,2026-09-14T18:12:48.000Z,20.0,2026-10-15,2026-09-14,Tow Sign Photo,Awaiting Applicant Info,Street Space,SSP-26-05825,012Ps000005citCIAQ,Parking,117 CRESCENT  AVE,2026-09-15,2026-09-14T18:12:48.000Z,2.0,2026-10-14,2026-09-15,Not Enforceable
WESTCO ROOFING CO INC,2026-09-11T22:21:59.000Z,2026-10-20,a10Ps00000UMXYjIAP,005Ps00000LEF6MIAX,2026-09-18T19:21:35.000Z,20.0,2026-10-21,2026-09-14,Active,Active,Street Space,SSP-26-05827,012Ps000005citCIAQ,Parking space for reroofing project,1019 BOSWORTH  ST,2026-09-21,2026-09-18T19:21:35.000Z,2.0,2026-10-20,2026-09-21,Enforceable
URBAN WEST CONSTRUCTION INC,2026-09-11T23:04:18.000Z,2026-10-16,a10Ps00000UMcq9IAD,005Ps00000IzXSvIAN,2026-09-28T23:18:30.000Z,115.0,2026-10-17,2026-09-14,Active,Active,Street Space,SSP-26-05828,012Ps000005citCIAQ,"Scaffold support , and sliding door delivery/staging",2141 GEARY  BLVD,2026-09-17,2026-09-28T23:18:30.000Z,7.0,2026-10-16,2026-09-17,Enforceable
MCDANIEL TERRY,2026-09-11T23:36:29.000Z,2026-10-15,a10Ps00000UMfKzIAL,005Ps00000IzXSvIAN,2026-09-17T16:43:48.000Z,40.0,2026-10-16,2026-09-14,Active,Active,Street Space,SSP-26-05830,012Ps000005citCIAQ,"parking for unloading and loading of materials and tools, porta potty placement",1932 LEAVENWORTH  ST,2026-09-16,2026-09-17T16:43:48.000Z,3.0,2026-10-15,2026-09-16,Enforceable
,2026-09-11T23:40:38.000Z,2026-10-14,a10Ps00000UMfjBIAT,0058b00000GAFCDAA5,2026-09-14T19:49:04.000Z,20.0,2026-10-15,2026-09-14,Tow Sign Photo,Awaiting Applicant Info,Street Space,SSP-26-05831,012Ps000005citCIAQ,Loading/unloading of materials and access to sidewalk for repair,1153 PACIFIC  AVE,2026-09-15,2026-09-14T19:49:04.000Z,2.0,2026-10-14,2026-09-15,Not Enforceable
LEFFERS MATTHEW PATRICK,2026-09-11T23:59:38.000Z,2027-03-14,a10Ps00000UMhWTIA1,005Ps00000LEF6MIAX,2026-09-28T18:43:19.000Z,24.0,2027-03-15,2026-09-22,Active,Active,Street Space,SSP-26-05832,012Ps000005citCIAQ,Parking and debris box,850 CAPP  ST,2026-09-15,2026-09-28T18:43:19.000Z,3.0,2027-03-14,2026-09-15,Enforceable
ARCHITECTURAL ENGINEERING & MGMT,2026-09-12T03:56:37.000Z,2026-10-14,a10Ps00000UMsy9IAD,0058b00000GAFCDAA5,2026-09-16T21:28:51.000Z,25.0,2026-10-15,2026-09-16,Tow Sign Photo,Awaiting Applicant Info,Street Space,SSP-26-05833,012Ps000005citCIAQ,BPA,134 ATHENS  ST,2026-09-15,2026-09-16T21:28:51.000Z,3.0,2026-10-14,2026-09-15,Not Enforceable
BAO HENGDA INC,2026-09-12T17:42:22.000Z,2026-11-15,a10Ps00000UNQevIAH,0058b00000GAFCDAA5,2026-09-14T23:52:18.000Z,20.0,2026-11-16,2026-09-14,Tow Sign Photo,Awaiting Applicant Info,Street Space,SSP-26-05835,012Ps000005citCIAQ,"2259 27th AVE San Francisco, CA 94116",2259 27TH  AVE,2026-09-16,2026-09-14T23:52:18.000Z,2.0,2026-11-15,2026-09-16,Not Enforceable
RELIABLE CONSTRUCTION INC,2026-09-12T21:06:41.000Z,2026-11-27,a10Ps00000UNom1IAD,0058b00000GAFCDAA5,2026-09-14T23:04:44.000Z,20.0,2026-11-28,2026-09-14,Tow Sign Photo,Awaiting Applicant Info,Street Space,SSP-26-05836,012Ps000005citCIAQ,materials staging and parking,3620 ULLOA  ST,2026-09-28,2026-09-14T23:04:44.000Z,2.0,2026-11-27,2026-09-28,Not Enforceable
VELIC CONSTRUCTION INC,2026-09-13T16:39:53.000Z,2027-03-15,a10Ps00000UOhtlIAD,005Ps00000IxBTKIA3,2026-09-16T23:49:24.000Z,25.0,2027-03-16,2026-09-16,Tow Sign Photo,Pending,Street Space,SSP-26-05838,012Ps000005citCIAQ,"Material loading unloading, car parking 25 feet long.",850 ELIZABETH  ST,2026-09-16,2026-09-16T23:49:24.000Z,3.0,2027-03-15,2026-09-16,Not Enforceable
NORTH GATE BUILDERS INC,2026-09-13T17:34:45.000Z,2026-11-29,a10Ps00000UOgT6IAL,005Ps00000LEF6MIAX,2026-09-25T16:38:07.000Z,20.0,2026-11-30,2026-09-14,Active,Active,Street Space,SSP-26-05839,012Ps000005citCIAQ,Parking for construction crew and subcontractors,411 SHRADER  ST,2026-09-30,2026-09-25T16:38:07.000Z,2.0,2026-11-29,2026-09-30,Enforceable
"BEJARANO CONSTRUCTION, INC.",2026-09-13T19:58:52.000Z,2026-10-17,a10Ps00000UOmiFIAT,0058b00000GAFCDAA5,2026-09-18T20:23:16.000Z,20.0,2026-10-18,2026-09-18,Tow Sign Photo,Pending,Street Space,SSP-26-05840,012Ps000005citCIAQ,load and unload material,248 03RD  AVE,2026-09-18,2026-09-18T20:24:04.000Z,2.0,2026-10-17,2026-09-18,Not Enforceable
XILISH HOME IMPROVEMENT,2026-09-13T20:48:21.000Z,2026-10-23,a10Ps00000UOqnQIAT,005Ps00000IzXSvIAN,2026-09-23T16:08:08.000Z,20.0,2026-10-24,2026-09-21,Active,Active,Street Space,SSP-26-05841,012Ps000005citCIAQ,Building Maintenance,1608 POWELL  ST,2026-09-24,2026-09-23T16:08:08.000Z,2.0,2026-10-23,2026-09-24,Enforceable
,2026-09-13T22:42:59.000Z,2026-10-20,a10Ps00000UP0JhIAL,0058b00000GAFCDAA5,2026-09-15T17:48:47.000Z,25.0,2026-10-21,2026-09-15,Tow Sign Photo,Awaiting Applicant Info,Street Space,SSP-26-05842,012Ps000005citCIAQ,Exterior House Painting,335 CORNWALL  ST,2026-09-21,2026-09-15T17:48:51.000Z,3.0,2026-10-20,2026-09-21,Not Enforceable
DE BRUS MAOLCHOLM,2026-09-14T12:58:03.000Z,2026-11-17,a10Ps00000UROg5IAH,0058b00000GAFCDAA5,2026-09-15T17:11:51.000Z,60.0,2026-11-18,2026-09-15,Tow Sign Photo,Awaiting Applicant Info,Street Space,SSP-26-05843,012Ps000005citCIAQ,loading and unloading equipment and materials for project to and from jobsite,1340 CLAY  ST,2026-09-18,2026-09-15T17:12:50.000Z,4.0,2026-11-17,2026-09-18,Not Enforceable
CASEMENT FRANCIS H,2026-09-14T13:38:40.000Z,2027-03-16,a10Ps00000URcHdIAL,005Ps00000IzXSvIAN,2026-09-18T22:57:23.000Z,40.0,2027-03-17,2026-09-16,Active,Active,Street Space,SSP-26-05844,012Ps000005citCIAQ,Work associated with permit,4250 26TH  ST,2026-09-17,2026-09-18T22:57:23.000Z,3.0,2027-03-16,2026-09-17,Enforceable
EXCELSIOR ROOFING INC,2026-09-14T13:45:41.000Z,2026-10-17,a10Ps00000URRHOIA5,0058b00000GAFCDAA5,2026-09-14T20:47:32.000Z,20.0,2026-10-18,2026-09-14,Tow Sign Photo,Awaiting Applicant Info,Street Space,SSP-26-05845,012Ps000005citCIAQ,loading/unloading of materials,1830 MCALLISTER  ST,2026-09-18,2026-09-14T20:47:32.000Z,2.0,2026-10-17,2026-09-18,Not Enforceable
WEN GENERAL CONSTRUCTION INC,2026-09-14T14:32:07.000Z,2026-10-17,a10Ps00000URqZ8IAL,0058b00000GAFCDAA5,2026-09-16T21:13:26.000Z,25.0,2026-10-18,2026-09-16,Tow Sign Photo,Awaiting Applicant Info,Street Space,SSP-26-05846,012Ps000005citCIAQ,maintenance repair in unit,451 KANSAS  ST,2026-09-18,2026-09-16T21:13:49.000Z,3.0,2026-10-17,2026-09-18,Not Enforceable
NORCAL PAINTERS INCORPORATED,2026-09-14T14:56:04.000Z,2026-10-20,a10Ps00000US3rJIAT,005Ps00000IzXSvIAN,2026-09-17T17:58:02.000Z,20.0,2026-10-21,2026-09-14,Active,Active,Street Space,SSP-26-05847,012Ps000005citCIAQ,Scaffolding on right side of building (Fillmore Street side),285 HERMANN  ST,2026-09-21,2026-09-17T17:58:02.000Z,2.0,2026-10-20,2026-09-21,Enforceable
BATES TAMARA,2026-09-14T14:58:26.000Z,2026-10-18,a10Ps00000URnJbIAL,005Ps00000IzXSvIAN,2026-09-22T23:04:52.000Z,74.0,2026-10-19,2026-09-14,Active,Active,Street Space,SSP-26-05848,012Ps000005citCIAQ,Parking for work trucks,1100 SACRAMENTO  ST,2026-09-19,2026-09-22T23:04:52.000Z,6.0,2026-10-18,2026-09-19,Enforceable
MATTHEW KELLY,2026-09-14T14:59:29.000Z,2026-12-23,a10Ps00000URvliIAD,0058b00000GAFCDAA5,2026-09-15T00:37:13.000Z,20.0,2026-12-24,2026-09-14,Tow Sign Photo,Awaiting Applicant Info,Street Space,SSP-26-05849,012Ps000005citCIAQ,construction parking & potty,708 COLE  ST,2026-09-24,2026-09-15T00:37:13.000Z,2.0,2026-12-23,2026-09-24,Not Enforceable
KEVIN WEBB CONSTRUCTION INC,2026-09-14T16:00:34.000Z,2026-11-19,a10Ps00000USPa5IAH,0058b00000GAFCDAA5,2026-09-14T16:02:36.000Z,20.0,2026-11-20,2026-09-14,Tow Sign Photo,Awaiting Applicant Info,Street Space,SSP-26-05850,012Ps000005citCIAQ,Scaffold erection. Material unloading,2271 CALIFORNIA  ST,2026-09-20,2026-09-14T16:02:36.000Z,2.0,2026-11-19,2026-09-20,Not Enforceable
PIO MCGARR,2026-09-14T16:56:17.000Z,2026-10-20,a10Ps00000USgJBIA1,005Ps00000IzXSvIAN,2026-09-18T18:37:00.000Z,60.0,2026-10-21,2026-09-14,Active,Active,Street Space,SSP-26-05851,012Ps000005citCIAQ,construction parking,3200 24TH  ST,2026-09-21,2026-09-18T18:37:00.000Z,5.0,2026-10-20,2026-09-21,Enforceable
NANCY BUILT LLC,2026-09-14T16:56:21.000Z,2026-10-17,a10Ps00000USZEUIA5,005Ps00000IzXSvIAN,2026-09-16T22:20:31.000Z,25.0,2026-10-18,2026-09-14,Final Review,Awaiting Applicant Info,Street Space,SSP-26-05852,012Ps000005citCIAQ,parking,3632 21ST  ST,2026-09-18,2026-09-16T22:20:31.000Z,3.0,2026-10-17,2026-09-18,Not Enforceable
FORMA CONSTRUCTION INC,2026-09-14T16:59:35.000Z,2027-03-27,a10Ps00000UShQXIA1,0058b00000GAFCDAA5,2026-09-17T15:54:07.000Z,42.0,2027-03-28,2026-09-17,Tow Sign Photo,Awaiting Applicant Info,Street Space,SSP-26-05853,012Ps000005citCIAQ,Building remodel activities,2520 DIVISADERO  ST,2026-09-28,2026-09-17T15:54:50.000Z,4.0,2027-03-27,2026-09-28,Not Enforceable
KAISER FOUNDATION HOSPITAL,2026-09-14T17:06:45.000Z,2027-03-17,a10Ps00000USjP7IAL,005Ps00000LEF6MIAX,2026-10-02T15:15:23.000Z,20.0,2027-03-18,2026-09-28,Active,Active,Street Space,SSP-26-05854,012Ps000005citCIAQ,Debris Box,2425 GEARY  BLVD,2026-09-18,2026-10-02T15:15:23.000Z,2.0,2027-03-17,2026-09-18,Not Enforceable
E&S GRANITE & TILE INC.,2026-09-14T17:10:28.000Z,2026-10-16,a10Ps00000USkt3IAD,005Ps00000IzXSvIAN,2026-09-17T21:00:20.000Z,20.0,2026-10-17,2026-09-14,Active,Active,Street Space,SSP-26-05855,012Ps000005citCIAQ,Construction parking,277 FREDERICK  ST,2026-09-17,2026-09-17T21:00:20.000Z,2.0,2026-10-16,2026-09-17,Enforceable
MURAL VIEW PAINTING,2026-09-14T17:14:12.000Z,2026-10-17,a10Ps00000USmLNIA1,0058b00000GAFCDAA5,2026-09-14T17:24:12.000Z,40.0,2026-10-18,2026-09-14,Tow Sign Photo,Awaiting Applicant Info,Street Space,SSP-26-05856,012Ps000005citCIAQ,Parking,720 BAKER  ST,2026-09-18,2026-09-14T17:24:12.000Z,3.0,2026-10-17,2026-09-18,Not Enforceable
2K BUILDERS LLC,2026-09-14T17:28:53.000Z,2027-04-05,a10Ps00000USqf7IAD,0058b00000GAFCDAA5,2026-09-14T17:35:11.000Z,25.0,2027-04-06,2026-09-14,Tow Sign Photo,Awaiting Applicant Info,Street Space,SSP-26-05857,012Ps000005citCIAQ,Parking and or material drop off,2132 PINE  ST,2026-10-06,2026-09-14T17:35:11.000Z,3.0,2027-04-05,2026-10-06,Not Enforceable
MR ROOFING INC,2026-09-14T17:56:20.000Z,2026-11-11,a10Ps00000USzDlIAL,0058b00000GAFCDAA5,2026-09-15T16:39:52.000Z,20.0,2026-11-12,2026-09-15,Tow Sign Photo,Awaiting Applicant Info,Street Space,SSP-26-05859,012Ps000005citCIAQ,park work vehicle with work supplies and garbage dump,24 BERKELEY  WAY,2026-10-12,2026-09-15T16:39:52.000Z,2.0,2026-11-11,2026-10-12,Not Enforceable
FRONTLINE ROOFING INC,2026-09-14T18:00:26.000Z,2026-10-17,a10Ps00000USmhyIAD,0058b00000GAFCDAA5,2026-09-15T18:12:33.000Z,40.0,2026-10-18,2026-09-15,Tow Sign Photo,Awaiting Applicant Info,Street Space,SSP-26-05860,012Ps000005citCIAQ,to put are work truck,1259 FRANCISCO  ST,2026-09-18,2026-09-15T18:12:33.000Z,3.0,2026-10-17,2026-09-18,Not Enforceable
McMahon Construction LLC,2026-09-14T18:04:45.000Z,2026-12-14,a10Ps00000UT1gzIAD,005Ps00000LEF6MIAX,2026-09-22T18:26:56.000Z,20.0,2026-12-15,2026-09-14,Active,Active,Street Space,SSP-26-05861,012Ps000005citCIAQ,"Portable toilet and delivery of materials, etc.",24 PRESIDIO  AVE,2026-09-15,2026-09-22T18:26:56.000Z,2.0,2026-12-14,2026-09-15,Enforceable
DEVLIN/MCNALLY CONSTRUCTION,2026-09-14T18:32:30.000Z,2026-10-17,a10Ps00000UT8qXIAT,0058b00000GAFCDAA5,2026-09-15T19:32:36.000Z,40.0,2026-10-18,2026-09-15,Tow Sign Photo,Awaiting Applicant Info,Street Space,SSP-26-05862,012Ps000005citCIAQ,support construction activities,346 01ST  ST,2026-09-18,2026-09-15T19:33:24.000Z,3.0,2026-10-17,2026-09-18,Not Enforceable
"CHRISTOPHER GATE CONSTRUCTION, INC",2026-09-14T18:37:21.000Z,2027-03-20,a10Ps00000UT9jNIAT,005Ps00000LEF6MIAX,2026-10-01T20:57:09.000Z,20.0,2027-03-21,2026-09-15,Active,Active,Street Space,SSP-26-05863,012Ps000005citCIAQ,Building Repair,4261 23RD  ST,2026-09-21,2026-10-01T20:57:09.000Z,2.0,2027-03-20,2026-09-21,Enforceable
CHRISTOPHER'S CONSTRUCTION INC,2026-09-14T18:49:12.000Z,2026-11-17,a10Ps00000UTD5RIAX,0058b00000GAFCDAA5,2026-09-15T17:11:25.000Z,20.0,2026-11-18,2026-09-15,Tow Sign Photo,Awaiting Applicant Info,Street Space,SSP-26-05864,012Ps000005citCIAQ,"Contractor parking, loading/unloading of materials, staging equipment",349 CUMBERLAND  ST,2026-09-18,2026-09-15T17:11:25.000Z,2.0,2026-11-17,2026-09-18,Not Enforceable
RINALDI VINCE ANTONIO,2026-09-14T18:59:00.000Z,2026-10-20,a10Ps00000UTAZ2IAP,005Ps00000LEF6MIAX,2026-09-25T22:40:41.000Z,20.0,2026-10-21,2026-09-14,Active,Active,Street Space,SSP-26-05865,012Ps000005citCIAQ,Street space for work,1036 VALLEJO  ST,2026-09-21,2026-09-25T22:40:41.000Z,2.0,2026-10-20,2026-09-21,Enforceable
MACKEN GAVIN,2026-09-14T19:02:36.000Z,2026-12-25,a10Ps00000UTGkrIAH,0058b00000GAFCDAA5,2026-09-14T19:07:50.000Z,25.0,2026-12-26,2026-09-14,Tow Sign Photo,Awaiting Applicant Info,Street Space,SSP-26-05866,012Ps000005citCIAQ,Storage of materials & work-related vehicles for job at 1909 BRODERICK ST.,1909 BRODERICK  ST,2026-09-26,2026-09-14T19:07:50.000Z,3.0,2026-12-25,2026-09-26,Not Enforceable
,2026-09-14T19:31:12.000Z,2026-11-20,a10Ps00000UTNG5IAP,0058b00000GAFCDAA5,2026-09-14T20:11:26.000Z,20.0,2026-11-21,2026-09-14,Tow Sign Photo,Awaiting Applicant Info,Street Space,SSP-26-05868,012Ps000005citCIAQ,Parking,882 FLORIDA  ST,2026-09-21,2026-09-14T20:11:26.000Z,2.0,2026-11-20,2026-09-21,Not Enforceable
ICO CONSTRUCTION INC,2026-09-14T19:31:45.000Z,2026-11-17,a10Ps00000UTNPlIAP,005Ps00000LEF6MIAX,2026-09-16T18:57:52.000Z,32.0,2026-11-18,2026-09-14,Final Review,Awaiting Applicant Info,Street Space,SSP-26-05869,012Ps000005citCIAQ,for demo work,34 HEMWAY  TER,2026-09-18,2026-09-16T18:57:52.000Z,3.0,2026-11-17,2026-09-18,Not Enforceable
DEEP ELM CONSTRUCTION LLC,2026-09-14T19:51:07.000Z,2026-10-17,a10Ps00000UTS1FIAX,0058b00000GAFCDAA5,2026-09-15T18:48:29.000Z,20.0,2026-10-18,2026-09-15,Tow Sign Photo,Awaiting Applicant Info,Street Space,SSP-26-05870,012Ps000005citCIAQ,loading/unloading of materials and staging of equipment,942 CLAYTON  ST,2026-09-18,2026-09-15T18:48:29.000Z,2.0,2026-10-17,2026-09-18,Not Enforceable
MODAMAS PAINTING AND RESTORATION INC,2026-09-14T19:53:25.000Z,2026-11-08,a10Ps00000UTScLIAX,0058b00000GAFCDAA5,2026-09-15T18:14:50.000Z,20.0,2026-11-09,2026-09-15,Tow Sign Photo,Awaiting Applicant Info,Street Space,SSP-26-05871,012Ps000005citCIAQ,Painting,69 SCOTT  ST,2026-10-09,2026-09-15T18:14:50.000Z,2.0,2026-11-08,2026-10-09,Not Enforceable
MODAMAS PAINTING AND RESTORATION INC,2026-09-14T20:05:19.000Z,2026-12-08,a10Ps00000UTW01IAH,0058b00000GAFCDAA5,2026-09-15T18:14:46.000Z,34.0,2026-12-09,2026-09-15,Tow Sign Photo,Awaiting Applicant Info,Street Space,SSP-26-05872,012Ps000005citCIAQ,Painting,6 LLOYD  ST,2026-10-09,2026-09-15T18:14:46.000Z,3.0,2026-12-08,2026-10-09,Not Enforceable
DAMAR CONSTRN & REMODELG INC,2026-09-14T20:43:05.000Z,2026-10-17,a10Ps00000UTfMfIAL,005Ps00000LEF6MIAX,2026-09-16T18:58:48.000Z,20.0,2026-10-18,2026-09-15,Active,Active,Street Space,SSP-26-05873,012Ps000005citCIAQ,Painting,2618 BUCHANAN  ST,2026-09-18,2026-09-16T18:58:48.000Z,2.0,2026-10-17,2026-09-18,Enforceable
YW BUILDERS INC.,2026-09-14T21:16:20.000Z,2026-11-19,a10Ps00000UTmRNIA1,0058b00000GAFCDAA5,2026-09-14T21:17:50.000Z,20.0,2026-11-20,2026-09-14,Tow Sign Photo,Awaiting Applicant Info,Street Space,SSP-26-05874,012Ps000005citCIAQ,Building Permit - Construction Staging,56 NEWBURG  ST,2026-09-20,2026-09-14T21:17:50.000Z,2.0,2026-11-19,2026-09-20,Not Enforceable
WE DO CONSTRUCTION INC,2026-09-14T21:18:56.000Z,2026-11-17,a10Ps00000UTn0rIAD,0058b00000GAFCDAA5,2026-09-15T18:22:52.000Z,40.0,2026-11-18,2026-09-15,Tow Sign Photo,Awaiting Applicant Info,Street Space,SSP-26-05875,012Ps000005citCIAQ,parking,1755 FILBERT  ST,2026-09-18,2026-09-15T18:22:52.000Z,3.0,2026-11-17,2026-09-18,Not Enforceable
MARS CONSTRUCTION AND REMODELING,2026-09-14T22:06:39.000Z,2026-11-16,a10Ps00000UTuQXIA1,005Ps00000LEF6MIAX,2026-09-22T15:13:50.000Z,20.0,2026-11-17,2026-09-17,Final Review,Awaiting Applicant Info,Street Space,SSP-26-05877,012Ps000005citCIAQ,parking for workers,64 SANCHEZ  ST,2026-09-17,2026-09-22T15:13:50.000Z,2.0,2026-11-16,2026-09-17,Not Enforceable
FORMA CONSTRUCTION INC,2026-09-14T22:13:20.000Z,2026-12-01,a10Ps00000UTvPpIAL,0058b00000GAFCDAA5,2026-09-29T19:05:30.000Z,37.0,2026-12-02,2026-09-29,Tow Sign Photo,Awaiting Applicant Info,Street Space,SSP-26-05878,012Ps000005citCIAQ,Street Parking for General Contractor Team/Subcontractors and Material Deliveries,2560 VALLEJO  ST,2026-10-02,2026-09-29T19:06:06.000Z,3.0,2026-12-01,2026-10-02,Not Enforceable
URBAN NEST CONSTRUCTION,2026-09-14T22:14:43.000Z,2026-12-17,a10Ps00000UTvcjIAD,0058b00000GAFCDAA5,2026-09-14T22:30:31.000Z,20.0,2026-12-18,2026-09-14,Tow Sign Photo,Awaiting Applicant Info,Street Space,SSP-26-05879,012Ps000005citCIAQ,Construction work parking,1449 HYDE  ST,2026-09-18,2026-09-14T22:30:31.000Z,2.0,2026-12-17,2026-09-18,Not Enforceable
"ACTUALLY DESIGN BUILD, INC.",2026-09-14T22:23:30.000Z,2026-10-16,a10Ps00000UTwybIAD,005Ps00000LEF6MIAX,2026-09-21T18:34:10.000Z,20.0,2026-10-17,2026-09-15,Active,Active,Street Space,SSP-26-05880,012Ps000005citCIAQ,Parking,265 DIVISADERO  ST,2026-09-17,2026-09-21T18:34:10.000Z,2.0,2026-10-16,2026-09-17,Enforceable
FMA BUILDERS,2026-09-14T22:32:25.000Z,2026-11-20,a10Ps00000UTyPJIA1,0058b00000GAFCDAA5,2026-09-15T19:39:51.000Z,30.0,2026-11-21,2026-09-15,Tow Sign Photo,Awaiting Applicant Info,Street Space,SSP-26-05881,012Ps000005citCIAQ,Repainting exterior.,2505 GREEN  ST,2026-09-21,2026-09-15T19:39:51.000Z,3.0,2026-11-20,2026-09-21,Not Enforceable
,2026-09-14T22:49:40.000Z,2026-11-17,a10Ps00000UU1TdIAL,005Ps00000IzXSvIAN,2026-09-23T16:06:40.000Z,20.0,2026-11-18,2026-09-14,Active,Active,Street Space,SSP-26-05882,012Ps000005citCIAQ,Porta Potty  for House Painting,917 MINNESOTA  ST,2026-09-18,2026-09-23T16:06:40.000Z,2.0,2026-11-17,2026-09-18,Enforceable
CIQU CONSTRUCTION,2026-09-14T22:50:26.000Z,2027-03-20,a10Ps00000UU1dJIAT,005Ps00000LEF6MIAX,2026-09-25T22:33:42.000Z,30.0,2027-03-21,2026-09-21,Active,Active,Street Space,SSP-26-05883,012Ps000005citCIAQ,Parking for painters and landscaping.,3016 JACKSON  ST,2026-09-21,2026-09-25T22:33:42.000Z,3.0,2027-03-20,2026-09-21,Enforceable
YK MASON & SONS INC,2026-09-14T23:15:43.000Z,2026-10-17,a10Ps00000UU57RIAT,0058b00000GAFCDAA5,2026-09-15T22:39:14.000Z,20.0,2026-10-18,2026-09-15,Tow Sign Photo,Awaiting Applicant Info,Street Space,SSP-26-05884,012Ps000005citCIAQ,Scaffolding in front and 1 parking space in front.  Need both no-parking signs and placard.,40 CAPRA  WAY,2026-09-18,2026-09-15T22:39:14.000Z,2.0,2026-10-17,2026-09-18,Not Enforceable
YK MASON & SONS INC,2026-09-14T23:21:23.000Z,2026-10-17,a10Ps00000UU4ZcIAL,0058b00000GAFCDAA5,2026-09-15T22:42:21.000Z,20.0,2026-10-18,2026-09-15,Tow Sign Photo,Awaiting Applicant Info,Street Space,SSP-26-05885,012Ps000005citCIAQ,Scaffolding and parking space in front.  Need both no-parking signs and placard.,250 02ND  AVE,2026-09-18,2026-09-15T22:42:21.000Z,2.0,2026-10-17,2026-09-18,Not Enforceable
YK MASON & SONS INC,2026-09-14T23:27:12.000Z,2026-11-04,a10Ps00000UU5SSIA1,0058b00000GAFCDAA5,2026-09-15T22:45:17.000Z,20.0,2026-11-05,2026-09-15,Tow Sign Photo,Awaiting Applicant Info,Street Space,SSP-26-05886,012Ps000005citCIAQ,Scaffolding and parking space in front.  Need both no-parking signs and placard.,660 CAMPBELL  AVE,2026-10-05,2026-09-15T22:45:17.000Z,2.0,2026-11-04,2026-10-05,Not Enforceable
YK MASON & SONS INC,2026-09-14T23:32:37.000Z,2026-10-17,a10Ps00000UU7HJIA1,0058b00000GAFCDAA5,2026-09-15T22:46:51.000Z,20.0,2026-10-18,2026-09-15,Tow Sign Photo,Awaiting Applicant Info,Street Space,SSP-26-05887,012Ps000005citCIAQ,For contractor parking in front only.  Need no-parking signs.,75 DIVISADERO  ST,2026-09-18,2026-09-15T22:46:51.000Z,2.0,2026-10-17,2026-09-18,Not Enforceable
GREEN GROUP REMODELING,2026-09-14T23:46:31.000Z,2026-10-17,a10Ps00000UU8wXIAT,0058b00000GAFCDAA5,2026-09-17T00:22:20.000Z,20.0,2026-10-18,2026-09-16,Tow Sign Photo,Awaiting Applicant Info,Street Space,SSP-26-05888,012Ps000005citCIAQ,For parking during project.,4023 FOLSOM  ST,2026-09-18,2026-09-17T00:22:20.000Z,2.0,2026-10-17,2026-09-18,Not Enforceable
MCDANIEL TERRY,2026-09-15T00:03:16.000Z,2027-01-17,a10Ps00000UUB4nIAH,005Ps00000IzXSvIAN,2026-09-21T17:40:54.000Z,30.0,2027-01-18,2026-09-16,Active,Active,Street Space,SSP-26-05889,012Ps000005citCIAQ,Parking spaces for work vehicles to deliver and unload materials and equipment related to job.,585 MARINA  BLVD,2026-09-18,2026-09-21T17:40:54.000Z,3.0,2027-01-17,2026-09-18,Enforceable
GREEN GROUP REMODELING,2026-09-15T00:10:24.000Z,2026-12-21,a10Ps00000UUBpZIAX,005Ps00000IzXSvIAN,2026-09-23T18:29:15.000Z,20.0,2026-12-22,2026-09-17,Active,Active,Street Space,SSP-26-05890,012Ps000005citCIAQ,Parking during project,202 ROOSEVELT  WAY,2026-09-22,2026-09-23T18:29:15.000Z,2.0,2026-12-21,2026-09-22,Enforceable
GREAT OCEAN CONSTRUCTION INC,2026-09-15T00:11:25.000Z,2026-10-17,a10Ps00000UUC0rIAH,005Ps00000LEF6MIAX,2026-09-16T15:01:42.000Z,40.0,2026-10-18,2026-09-15,Active,Active,Street Space,SSP-26-05891,012Ps000005citCIAQ,Materials loading and unloading,3086 BALBOA  ST,2026-09-18,2026-09-16T15:01:42.000Z,3.0,2026-10-17,2026-09-18,Enforceable
MARWAN AHWAL,2026-09-15T00:42:32.000Z,2026-10-17,a10Ps00000UUEqfIAH,0058b00000GAFCDAA5,2026-09-15T23:52:39.000Z,25.0,2026-10-18,2026-09-15,Tow Sign Photo,Awaiting Applicant Info,Street Space,SSP-26-05892,012Ps000005citCIAQ,Scaffolding for repainting,176 PARNASSUS  AVE,2026-09-18,2026-09-15T23:52:39.000Z,3.0,2026-10-17,2026-09-18,Not Enforceable
DOWLER CIARAN FRANCIS,2026-09-15T00:44:54.000Z,2026-10-17,a10Ps00000UUF0LIAX,005Ps00000IzXSvIAN,2026-09-18T18:22:58.000Z,20.0,2026-10-18,2026-09-15,Active,Active,Street Space,SSP-26-05893,012Ps000005citCIAQ,truck parking,4331 23RD  ST,2026-09-18,2026-09-18T18:22:58.000Z,2.0,2026-10-17,2026-09-18,Enforceable
MARWAN AHWAL,2026-09-15T00:52:40.000Z,2027-10-31,a10Ps00000UUFhtIAH,0058b00000GAFCDAA5,2026-09-17T19:35:04.000Z,60.0,2027-11-01,2026-09-17,Tow Sign Photo,Awaiting Applicant Info,Street Space,SSP-26-05894,012Ps000005citCIAQ,Scaffolding for repainting,526 ELLIS  ST,2027-10-01,2026-09-17T19:35:04.000Z,2.0,2027-10-31,2027-10-01,Not Enforceable
NORCAL PAINTERS INCORPORATED,2026-09-15T01:08:32.000Z,2026-10-20,a10Ps00000UUFOYIA5,005Ps00000LEF6MIAX,2026-09-17T16:25:13.000Z,20.0,2026-10-21,2026-09-15,Active,Active,Street Space,SSP-26-05895,012Ps000005citCIAQ,Portable Toilet,2551 CLAY  ST,2026-09-21,2026-09-17T16:25:13.000Z,2.0,2026-10-20,2026-09-21,Enforceable
TOUCH DESIGN AND BUILD INC.,2026-09-15T01:19:29.000Z,2026-10-19,a10Ps00000UUHq9IAH,005Ps00000LEF6MIAX,2026-09-17T19:18:44.000Z,20.0,2026-10-20,2026-09-16,Final Review,Awaiting Applicant Info,Street Space,SSP-26-05896,012Ps000005citCIAQ,"VEHICLE PARKING, LOADING/ UNLOADING",50 CAPRA  WAY,2026-09-20,2026-09-17T19:18:44.000Z,2.0,2026-10-19,2026-09-20,Not Enforceable
KELLS CONSTRUCTION INC,2026-09-15T03:52:40.000Z,2026-11-20,a10Ps00000UUU4DIAX,0058b00000GAFCDAA5,2026-09-29T01:47:27.000Z,40.0,2026-11-21,2026-09-28,Tow Sign Photo,Awaiting Applicant Info,Street Space,SSP-26-05898,012Ps000005citCIAQ,Parking for construction vechicles,3672 SACRAMENTO  ST,2026-09-21,2026-09-29T01:47:47.000Z,3.0,2026-11-20,2026-09-21,Not Enforceable
G B GROUP INC THE,2026-09-15T04:35:13.000Z,2027-03-20,a10Ps00000UUb2TIAT,0058b00000GAFCDAA5,2026-09-16T18:51:40.000Z,74.0,2027-03-21,2026-09-16,Tow Sign Photo,Awaiting Applicant Info,Street Space,SSP-26-05899,012Ps000005citCIAQ,PARKING,6 MINT  PLZ,2026-09-21,2026-09-16T18:51:50.000Z,5.0,2027-03-20,2026-09-21,Not Enforceable
G B GROUP INC THE,2026-09-15T04:57:44.000Z,2027-03-20,a10Ps00000UUcmXIAT,0058b00000GAFCDAA5,2026-09-16T18:51:40.000Z,80.0,2027-03-21,2026-09-16,Tow Sign Photo,Awaiting Applicant Info,Street Space,SSP-26-05900,012Ps000005citCIAQ,other,2 MINT  PLZ,2026-09-21,2026-09-16T18:51:50.000Z,5.0,2027-03-20,2026-09-21,Not Enforceable
SF CROWN ROOFING INC,2026-09-15T14:11:18.000Z,2026-10-20,a10Ps00000UW6aTIAT,005Ps00000IzXSvIAN,2026-09-16T16:26:11.000Z,20.0,2026-10-21,2026-09-15,Active,Active,Street Space,SSP-26-05902,012Ps000005citCIAQ,park work vehicles,2475 19TH  AVE,2026-09-21,2026-09-16T16:26:11.000Z,2.0,2026-10-20,2026-09-21,Enforceable
TOUCH DESIGN AND BUILD INC.,2026-09-15T14:26:00.000Z,2026-10-19,a10Ps00000UWC1ZIAX,005Ps00000IzXSvIAN,2026-09-17T19:02:22.000Z,20.0,2026-10-20,2026-09-16,Active,Active,Street Space,SSP-26-05904,012Ps000005citCIAQ,VEHICHLE PARKING. LOADING/UNLOADING,50 CAPRA  WAY,2026-09-20,2026-09-17T19:02:22.000Z,2.0,2026-10-19,2026-09-20,Enforceable
CHAN CARL,2026-09-15T15:52:16.000Z,2026-10-20,a10Ps00000UWd8DIAT,0058b00000GAFCDAA5,2026-09-15T16:16:56.000Z,25.0,2026-10-21,2026-09-15,Tow Sign Photo,Awaiting Applicant Info,Street Space,SSP-26-05905,012Ps000005citCIAQ,Parking space.,2015 POWELL  ST,2026-09-21,2026-09-15T16:16:56.000Z,3.0,2026-10-20,2026-09-21,Not Enforceable
FRANK-GROSSMAN LANDSCAPE ETC,2026-09-15T16:10:51.000Z,2026-12-20,a10Ps00000UWihNIAT,0058b00000GAFCDAA5,2026-09-15T16:24:49.000Z,20.0,2026-12-21,2026-09-15,Tow Sign Photo,Awaiting Applicant Info,Street Space,SSP-26-05906,012Ps000005citCIAQ,Debris Box and portable toilet - landscaping,3333 JACKSON  ST,2026-09-21,2026-09-15T16:24:49.000Z,2.0,2026-12-20,2026-09-21,Not Enforceable
S A BAXTER INC,2026-09-15T16:55:12.000Z,2026-12-20,a10Ps00000UWuU1IAL,0058b00000GAFCDAA5,2026-09-15T21:52:38.000Z,20.0,2026-12-21,2026-09-15,Tow Sign Photo,Awaiting Applicant Info,Street Space,SSP-26-05907,012Ps000005citCIAQ,Construction Parking,1566 19TH  ST,2026-09-21,2026-09-15T21:52:38.000Z,2.0,2026-12-20,2026-09-21,Not Enforceable
KULTIVATE LABS,2026-09-15T17:16:54.000Z,2026-10-20,a10Ps00000UX0cfIAD,005Ps00000LEF6MIAX,2026-09-28T22:10:30.000Z,100.0,2026-10-21,2026-09-15,Final Review,Awaiting Applicant Info,Street Space,SSP-26-05908,012Ps000005citCIAQ,Boom lift and scissor lift will be occupying the sidewalk during the painting of a mural project,85 05TH  ST,2026-09-21,2026-09-28T22:10:30.000Z,6.0,2026-10-20,2026-09-21,Not Enforceable
BAYTOWN CONSTRUCTION JAVIER CLAUDIO,2026-09-15T17:31:59.000Z,2026-11-20,a10Ps00000UX4efIAD,005Ps00000IzXSvIAN,2026-09-21T17:24:58.000Z,40.0,2026-11-21,2026-09-18,Active,Active,Street Space,SSP-26-05909,012Ps000005citCIAQ,Contractor Parking,2139 GREEN  ST,2026-09-21,2026-09-21T17:24:58.000Z,3.0,2026-11-20,2026-09-21,Enforceable
JACKOVICS ENTERPRISES INC.,2026-09-15T17:39:19.000Z,2026-10-22,a10Ps00000UX6gTIAT,0058b00000GAFCDAA5,2026-09-16T22:05:14.000Z,120.0,2026-10-23,2026-09-16,Tow Sign Photo,Awaiting Applicant Info,Street Space,SSP-26-05910,012Ps000005citCIAQ,Construction Zone,1600 JACKSON  ST,2026-09-23,2026-09-16T22:05:48.000Z,7.0,2026-10-22,2026-09-23,Not Enforceable
MODAMAS PAINTING AND RESTORATION INC,2026-09-15T18:08:18.000Z,2026-10-16,a10Ps00000UXEULIA5,0058b00000GAFCDAA5,2026-09-15T18:14:50.000Z,50.0,2026-10-17,2026-09-15,Tow Sign Photo,Awaiting Applicant Info,Street Space,SSP-26-05912,012Ps000005citCIAQ,Scaffolding,1545 GREEN  ST,2026-09-17,2026-09-15T18:14:50.000Z,4.0,2026-10-16,2026-09-17,Not Enforceable
MODAMAS PAINTING AND RESTORATION INC,2026-09-15T18:09:06.000Z,2026-10-24,a10Ps00000UXEe1IAH,0058b00000GAFCDAA5,2026-09-15T18:14:46.000Z,20.0,2026-10-25,2026-09-15,Tow Sign Photo,Awaiting Applicant Info,Street Space,SSP-26-05913,012Ps000005citCIAQ,Repainting building,280 FREDERICK  ST,2026-09-25,2026-09-15T18:14:46.000Z,2.0,2026-10-24,2026-09-25,Not Enforceable
,2026-09-15T18:19:44.000Z,2026-10-18,a10Ps00000UX4bTIAT,0058b00000GAFCDAA5,2026-09-15T19:03:23.000Z,40.0,2026-10-19,2026-09-15,Tow Sign Photo,Awaiting Applicant Info,Street Space,SSP-26-05914,012Ps000005citCIAQ,Construction,1000 LOMBARD  ST,2026-09-19,2026-09-15T19:03:23.000Z,3.0,2026-10-18,2026-09-19,Not Enforceable
MCGUIRE AND HESTER,2026-09-15T18:27:52.000Z,2026-10-20,a10Ps00000UXJtpIAH,005Ps00000IzXSvIAN,2026-09-16T19:09:33.000Z,20.0,2026-10-21,2026-09-15,Active,Active,Street Space,SSP-26-05915,012Ps000005citCIAQ,Parking/work in street,635 SAN JOSE  AVE,2026-09-21,2026-09-16T19:09:33.000Z,2.0,2026-10-20,2026-09-21,Enforceable
BICARDO BUILDERS INC,2026-09-15T18:45:13.000Z,2026-11-19,a10Ps00000UXNvpIAH,005Ps00000LEF6MIAX,2026-09-22T15:06:30.000Z,30.0,2026-11-20,2026-09-15,Active,Active,Street Space,SSP-26-05916,012Ps000005citCIAQ,un loading materials,2480 FILBERT  ST,2026-09-20,2026-09-22T15:06:30.000Z,3.0,2026-11-19,2026-09-20,Enforceable
M HERNANDEZ CONSTRUCTION INC,2026-09-15T19:09:36.000Z,2026-12-17,a10Ps00000UXMuwIAH,0058b00000GAFCDAA5,2026-09-21T17:25:27.000Z,40.0,2026-12-18,2026-09-21,Tow Sign Photo,Awaiting Applicant Info,Street Space,SSP-26-05917,012Ps000005citCIAQ,Construction parking for JOC 93-09-93-10 South East Community Center Interim Use Project.  Please reference Encroachment Permit 25IE-00185.,,2026-09-18,2026-09-21T17:25:27.000Z,3.0,2026-12-17,2026-09-18,Not Enforceable
GIL CONSTRUCTION & ASSOC INC,2026-09-15T19:29:21.000Z,2026-11-20,a10Ps00000UXXrxIAH,0058b00000GAFCDAA5,2026-09-16T14:59:57.000Z,20.0,2026-11-21,2026-09-16,Tow Sign Photo,Awaiting Applicant Info,Street Space,SSP-26-05918,012Ps000005citCIAQ,Company Vehicle Parking,424 FRANCISCO  ST,2026-09-21,2026-09-16T15:00:50.000Z,2.0,2026-11-20,2026-09-21,Not Enforceable
,2026-09-15T19:36:50.000Z,2026-10-18,a10Ps00000UXZSLIA5,005Ps00000IzQsrIAF,2026-09-15T19:47:02.000Z,29.0,2026-10-19,,Tow Sign Photo,Completed,Street Space,SSP-26-05919,012Ps000005citCIAQ,parking,2217 UNION  ST,2026-09-19,2026-09-15T19:47:02.000Z,3.0,2026-10-18,2026-09-19,Not Enforceable
BAYTEL,2026-09-15T19:39:32.000Z,2026-10-18,a10Ps00000UXa53IAD,005Ps00000LEF6MIAX,2026-09-21T20:42:43.000Z,20.0,2026-10-19,2026-09-15,Active,Active,Street Space,SSP-26-05920,012Ps000005citCIAQ,parking,26 LUPINE  AVE,2026-09-19,2026-09-21T20:42:43.000Z,2.0,2026-10-18,2026-09-19,Enforceable
,2026-09-15T19:43:43.000Z,2027-03-23,a10Ps00000UXaJcIAL,0058b00000GAFCDAA5,2026-09-18T23:46:40.000Z,23.0,2027-03-24,2026-09-18,Tow Sign Photo,Awaiting Applicant Info,Street Space,SSP-26-05921,012Ps000005citCIAQ,BPA - Construction Staging,1727A STOCKTON  ST,2026-09-24,2026-09-18T23:46:46.000Z,3.0,2027-03-23,2026-09-24,Not Enforceable
PADILLA SERGIO,2026-09-15T20:03:32.000Z,2026-11-19,a10Ps00000UXfW9IAL,005Ps00000IzXSvIAN,2026-09-23T16:32:10.000Z,40.0,2026-11-20,2026-09-16,Active,Active,Street Space,SSP-26-05922,012Ps000005citCIAQ,Parking,2121 BROADWAY,2026-09-20,2026-09-23T16:32:10.000Z,3.0,2026-11-19,2026-09-20,Enforceable
BAY REMODELING KITCHEN & BATH INC,2026-09-15T20:24:22.000Z,2026-11-20,a10Ps00000UXk61IAD,0058b00000GAFCDAA5,2026-09-24T16:12:13.000Z,25.0,2026-11-21,2026-09-24,Tow Sign Photo,Awaiting Applicant Info,Street Space,SSP-26-05923,012Ps000005citCIAQ,Parking,1684 FULTON  ST,2026-09-21,2026-09-24T16:12:54.000Z,3.0,2026-11-20,2026-09-21,Not Enforceable
BAY METRO CORPORATION,2026-09-15T20:24:56.000Z,2026-12-20,a10Ps00000UXkHJIA1,0058b00000GAFCDAA5,2026-09-15T20:34:23.000Z,20.0,2026-12-21,2026-09-15,Tow Sign Photo,Awaiting Applicant Info,Street Space,SSP-26-05924,012Ps000005citCIAQ,Contractor Parking,2418 FULTON  ST,2026-09-21,2026-09-15T20:34:23.000Z,2.0,2026-12-20,2026-09-21,Not Enforceable
HAND + HAMMER DEVELOPMENT,2026-09-15T20:36:10.000Z,2026-12-20,a10Ps00000UXn3tIAD,0058b00000GAFCDAA5,2026-09-21T20:02:12.000Z,20.0,2026-12-21,2026-09-21,Tow Sign Photo,Awaiting Applicant Info,Street Space,SSP-26-05925,012Ps000005citCIAQ,We require street parking for a remodleing project.,856 BAKER  ST,2026-09-21,2026-09-21T20:02:52.000Z,2.0,2026-12-20,2026-09-21,Not Enforceable
DEVLIN/MCNALLY CONSTRUCTION,2026-09-15T21:38:45.000Z,2027-03-17,a10Ps00000UXzY5IAL,005Ps00000LEF6MIAX,2026-09-24T16:43:20.000Z,40.0,2027-03-18,2026-09-15,Final Review,Awaiting Applicant Info,Street Space,SSP-26-05927,012Ps000005citCIAQ,support construction activities,749 27TH  ST,2026-09-18,2026-09-24T16:43:20.000Z,3.0,2027-03-17,2026-09-18,Not Enforceable
J.J.J.& J. CORP.,2026-09-15T21:50:01.000Z,2026-11-11,a10Ps00000UY1WfIAL,0058b00000GAFCDAA5,2026-09-24T17:29:20.000Z,40.0,2026-11-12,2026-09-24,Tow Sign Photo,Awaiting Applicant Info,Street Space,SSP-26-05928,012Ps000005citCIAQ,Parkinig and unloading window product,1215 GREENWICH  ST,2026-10-12,2026-09-24T17:29:48.000Z,3.0,2026-11-11,2026-10-12,Not Enforceable
CARLOS RODRIGUEZ,2026-09-15T22:04:29.000Z,2026-11-18,a10Ps00000UY3YTIA1,0058b00000GAFCDAA5,2026-09-15T22:25:49.000Z,20.0,2026-11-19,2026-09-15,Tow Sign Photo,Awaiting Applicant Info,Street Space,SSP-26-05929,012Ps000005citCIAQ,general work for house,2320 DIVISADERO  ST,2026-09-19,2026-09-15T22:25:49.000Z,2.0,2026-11-18,2026-09-19,Not Enforceable
BAYLAND DESIGN & BUILD LLC,2026-09-15T22:15:56.000Z,2026-10-20,a10Ps00000UY57FIAT,0058b00000GAFCDAA5,2026-09-16T21:52:09.000Z,20.0,2026-10-21,2026-09-16,Tow Sign Photo,Awaiting Applicant Info,Street Space,SSP-26-05931,012Ps000005citCIAQ,loading/unloading materials,386 CHESTNUT  ST,2026-09-21,2026-09-16T21:52:09.000Z,2.0,2026-10-20,2026-09-21,Not Enforceable
SIERRA ROOFING AND SOLAR,2026-09-15T22:24:34.000Z,2026-10-16,a10Ps00000UY6CzIAL,0058b00000GAFCDAA5,2026-09-15T22:51:18.000Z,80.0,2026-10-17,2026-09-15,Tow Sign Photo,Awaiting Applicant Info,Street Space,SSP-26-05932,012Ps000005citCIAQ,Company Vehicle Parking,1461 BROADWAY,2026-09-17,2026-09-15T22:51:18.000Z,5.0,2026-10-16,2026-09-17,Not Enforceable
MCGUIRE AND HESTER,2026-09-15T22:54:31.000Z,2026-10-17,a10Ps00000UY9ijIAD,0058b00000GAFCDAA5,2026-09-17T18:18:03.000Z,60.0,2026-10-18,2026-09-17,Tow Sign Photo,Awaiting Applicant Info,Street Space,SSP-26-05934,012Ps000005citCIAQ,"Staging materials, dumpster, and equipment needed as access at the Transamerica Redwood Park is limited.",600 MONTGOMERY  ST,2026-09-18,2026-09-17T18:19:04.000Z,4.0,2026-10-17,2026-09-18,Not Enforceable
"COOKLINE CONSTRUCTION, INC.",2026-09-15T22:56:34.000Z,2026-11-20,a10Ps00000UY9sPIAT,005Ps00000IzXSvIAN,2026-09-22T22:57:52.000Z,20.0,2026-11-21,2026-09-17,Final Review,Awaiting Applicant Info,Street Space,SSP-26-05935,012Ps000005citCIAQ,Subcontractor parking for loading materials for interior cosmetic repairs.,130 CLEMENT  ST,2026-09-21,2026-09-22T22:57:52.000Z,2.0,2026-11-20,2026-09-21,Not Enforceable
TOM LEE ROOFING INC,2026-09-15T23:11:16.000Z,2026-11-18,a10Ps00000UYB9RIAX,0058b00000GAFCDAA5,2026-09-28T21:26:44.000Z,20.0,2026-11-19,2026-09-28,Tow Sign Photo,Awaiting Applicant Info,Street Space,SSP-26-05936,012Ps000005citCIAQ,reroofing,4351A 17TH  ST,2026-10-19,2026-09-28T21:26:49.000Z,2.0,2026-11-18,2026-10-19,Not Enforceable
,2026-09-15T23:14:41.000Z,2026-10-20,a10Ps00000UYBUPIA5,0058b00000GAFCDAA5,2026-09-21T04:55:59.000Z,20.0,2026-10-21,2026-09-20,Tow Sign Photo,Awaiting Applicant Info,Street Space,SSP-26-05937,012Ps000005citCIAQ,interor painting,442 JOOST  AVE,2026-09-21,2026-09-21T04:57:02.000Z,2.0,2026-10-20,2026-09-21,Not Enforceable
,2026-09-15T23:16:38.000Z,2026-10-20,a10Ps00000UYBivIAH,005Ps00000LEF6MIAX,2026-09-24T16:52:02.000Z,20.0,2026-10-21,2026-09-15,Final Review,Awaiting Applicant Info,Street Space,SSP-26-05938,012Ps000005citCIAQ,"Construction Parking, Portable toilet, dumpster",1045 14TH  ST,2026-09-21,2026-09-24T16:52:02.000Z,2.0,2026-10-20,2026-09-21,Not Enforceable
BERNAL HILL BUILDERS INC,2026-09-15T23:34:42.000Z,2026-11-21,a10Ps00000UYDO9IAP,0058b00000GAFCDAA5,2026-09-16T19:32:39.000Z,20.0,2026-11-22,2026-09-16,Tow Sign Photo,Awaiting Applicant Info,Street Space,SSP-26-05939,012Ps000005citCIAQ,20 feet of Parking,2221 STEINER  ST,2026-09-22,2026-09-16T19:32:39.000Z,2.0,2026-11-21,2026-09-22,Not Enforceable
YK MASON & SONS INC,2026-09-15T23:54:02.000Z,2026-11-04,a10Ps00000UYF4zIAH,005Ps00000IxBTKIA3,2026-09-17T22:47:32.000Z,20.0,2026-11-05,2026-09-16,Tow Sign Photo,Awaiting Applicant Info,Street Space,SSP-26-05942,012Ps000005citCIAQ,Scaffolding in front and parking space in front.  Need both no-parking signs and placard.,3776 25TH  ST,2026-10-05,2026-09-17T22:47:32.000Z,2.0,2026-11-04,2026-10-05,Not Enforceable
,2026-09-16T02:38:47.000Z,2027-03-31,a10Ps00000UYTsjIAH,005Ps00000LEF6MIAX,2026-10-02T19:53:26.000Z,20.0,2027-04-01,2026-09-28,Active,Active,Street Space,SSP-26-05943,012Ps000005citCIAQ,Parking for construction project,822 37TH  AVE,2026-10-01,2026-10-02T19:53:26.000Z,2.0,2027-03-31,2026-10-01,Not Enforceable
"GLAM CONSTRUCTION, INC.",2026-09-16T03:05:50.000Z,2026-10-21,a10Ps00000UYVmTIAX,0058b00000GAFCDAA5,2026-09-16T22:04:04.000Z,20.0,2026-10-22,2026-09-16,Tow Sign Photo,Awaiting Applicant Info,Street Space,SSP-26-05944,012Ps000005citCIAQ,Re-Roofing,4543 CALIFORNIA  ST,2026-09-22,2026-09-16T22:04:04.000Z,2.0,2026-10-21,2026-09-22,Not Enforceable
APOLINAR ANTONIO LUNA PACHECO,2026-09-16T05:22:23.000Z,2026-10-20,a10Ps00000UYZDTIA5,0058b00000GAFCDAA5,2026-09-16T22:08:06.000Z,20.0,2026-10-21,2026-09-16,Tow Sign Photo,Awaiting Applicant Info,Street Space,SSP-26-05945,012Ps000005citCIAQ,To park dump truck,707 PAGE  ST,2026-09-21,2026-09-16T22:08:06.000Z,2.0,2026-10-20,2026-09-21,Not Enforceable
PIVOTAL BUILDERS INC.,2026-09-16T13:34:06.000Z,2026-11-21,a10Ps00000UZYyQIAX,0058b00000GAFCDAA5,2026-09-16T13:45:03.000Z,20.0,2026-11-22,2026-09-16,Tow Sign Photo,Awaiting Applicant Info,Street Space,SSP-26-05946,012Ps000005citCIAQ,DBI BPA – Construction Staging,1300 07TH  AVE,2026-09-22,2026-09-16T13:45:03.000Z,2.0,2026-11-21,2026-09-22,Not Enforceable
ALDER CONSTRUCTION CA,2026-09-16T14:02:15.000Z,2026-12-20,a10Ps00000UZwSrIAL,0058b00000GAFCDAA5,2026-09-17T13:36:33.000Z,20.0,2026-12-21,2026-09-17,Tow Sign Photo,Awaiting Applicant Info,Street Space,SSP-26-05947,012Ps000005citCIAQ,Park,3529 DIVISADERO  ST,2026-09-21,2026-09-17T13:36:50.000Z,2.0,2026-12-20,2026-09-21,Not Enforceable
SF PERMITTING INC,2026-09-16T15:12:38.000Z,2026-11-21,a10Ps00000UZ0WxIAL,005Ps00000IzXSvIAN,2026-09-22T21:08:06.000Z,20.0,2026-11-22,2026-09-16,Active,Active,Street Space,SSP-26-05948,012Ps000005citCIAQ,work car,153 ARKANSAS  ST,2026-09-22,2026-09-22T21:08:06.000Z,2.0,2026-11-21,2026-09-22,Enforceable
ANDREW CHEKENE ENTERPRISES INC,2026-09-16T15:51:20.000Z,2026-11-22,a10Ps00000UaVSDIA3,005Ps00000IzXSvIAN,2026-09-23T23:46:15.000Z,160.0,2026-11-23,2026-09-17,Active,Active,Street Space,SSP-26-05949,012Ps000005citCIAQ,porta potty & debri box,415 DE HARO  ST,2026-09-23,2026-09-23T23:46:15.000Z,10.0,2026-11-22,2026-09-23,Enforceable
,2026-09-16T16:14:18.000Z,2026-11-16,a10Ps00000Uad81IAB,005Ps00000Ix5nhIAB,2026-09-16T16:36:43.000Z,20.0,2026-11-17,2026-09-16,Tow Sign Photo,Awaiting Applicant Info,Street Space,SSP-26-05950,012Ps000005citCIAQ,Construction,230 CHERRY  ST,2026-09-17,2026-09-16T16:36:43.000Z,2.0,2026-11-16,2026-09-17,Not Enforceable
"A2Z REMODELING, INC.",2026-09-16T16:37:22.000Z,2026-11-19,a10Ps00000Uak6HIAR,005Ps00000LEF6MIAX,2026-09-24T16:46:56.000Z,20.0,2026-11-20,2026-09-16,Final Review,Awaiting Applicant Info,Street Space,SSP-26-05951,012Ps000005citCIAQ,Building Permit - Construction Staging,455 SCOTT  ST,2026-09-20,2026-09-24T16:46:56.000Z,2.0,2026-11-19,2026-09-20,Not Enforceable
,2026-09-16T16:55:22.000Z,2027-01-20,a10Ps00000UaLeAIAV,0058b00000GAFCDAA5,2026-09-16T17:05:09.000Z,20.0,2027-01-21,2026-09-16,Tow Sign Photo,Awaiting Applicant Info,Street Space,SSP-26-05952,012Ps000005citCIAQ,Parking for contractor + subs,1300 KIRKHAM  ST,2026-09-21,2026-09-16T17:05:09.000Z,2.0,2027-01-20,2026-09-21,Not Enforceable
HARRY RUSSELL MURPHY,2026-09-16T17:12:41.000Z,2026-10-20,a10Ps00000UaYoJIAV,0058b00000GAFCDAA5,2026-09-18T15:59:12.000Z,20.0,2026-10-21,2026-09-18,Tow Sign Photo,Awaiting Applicant Info,Street Space,SSP-26-05953,012Ps000005citCIAQ,"To load and unload painting materials, ladders, power washer, sanders, paints oils, vacuums, drop clothes, protection, etc. for the project",1231 SHRADER  ST,2026-09-21,2026-09-18T16:00:05.000Z,2.0,2026-10-20,2026-09-21,Not Enforceable
MR LI SCAFFOLD CO INC,2026-09-16T17:16:12.000Z,2026-10-22,a10Ps00000UauX3IAJ,0058b00000GAFCDAA5,2026-09-16T17:37:42.000Z,20.0,2026-10-23,2026-09-16,Tow Sign Photo,Awaiting Applicant Info,Street Space,SSP-26-05954,012Ps000005citCIAQ,Scaffolding and Parking,1282 TREAT  AVE,2026-09-23,2026-09-16T17:37:42.000Z,2.0,2026-10-22,2026-09-23,Not Enforceable
MR LI SCAFFOLD CO INC,2026-09-16T17:19:56.000Z,2026-10-22,a10Ps00000UapZ2IAJ,0058b00000GAFCDAA5,2026-09-16T17:38:47.000Z,20.0,2026-10-23,2026-09-16,Tow Sign Photo,Awaiting Applicant Info,Street Space,SSP-26-05955,012Ps000005citCIAQ,Scaffolding and Parking,791 24TH  AVE,2026-09-23,2026-09-16T17:38:47.000Z,2.0,2026-10-22,2026-09-23,Not Enforceable
OLCAN CONSTRUCTION INC,2026-09-16T17:29:16.000Z,2026-11-24,a10Ps00000UayCTIAZ,005Ps00000LEF6MIAX,2026-09-21T23:49:56.000Z,20.0,2026-11-25,2026-09-18,Active,Active,Street Space,SSP-26-05956,012Ps000005citCIAQ,Parking,326 CAPP  ST,2026-09-25,2026-09-21T23:49:56.000Z,2.0,2026-11-24,2026-09-25,Enforceable
HARRY RUSSELL MURPHY,2026-09-16T17:34:21.000Z,2026-10-20,a10Ps00000UazmrIAB,0058b00000GAFCDAA5,2026-09-18T15:56:08.000Z,20.0,2026-10-21,2026-09-18,Tow Sign Photo,Awaiting Applicant Info,Street Space,SSP-26-05957,012Ps000005citCIAQ,Load and unload materials necessary to waterproof existing second floor deck over kitcchen.  This job entails removing existing 2 x 2 tiles on bison floating floor system and recoating waterproof membrane below.,3649 17TH  ST,2026-09-21,2026-09-18T15:56:49.000Z,2.0,2026-10-20,2026-09-21,Not Enforceable
"GLAM CONSTRUCTION, INC.",2026-09-16T17:35:39.000Z,2026-10-21,a10Ps00000Ub07pIAB,0058b00000GAFCDAA5,2026-09-17T20:37:40.000Z,20.0,2026-10-22,2026-09-17,Tow Sign Photo,Awaiting Applicant Info,Street Space,SSP-26-05958,012Ps000005citCIAQ,Re-Roofing,30 THOR  AVE,2026-09-22,2026-09-17T20:37:40.000Z,2.0,2026-10-21,2026-09-22,Not Enforceable
"GLAM CONSTRUCTION, INC.",2026-09-16T17:41:19.000Z,2026-10-22,a10Ps00000UakRGIAZ,0058b00000GAFCDAA5,2026-09-17T20:42:25.000Z,20.0,2026-10-23,2026-09-17,Tow Sign Photo,Awaiting Applicant Info,Street Space,SSP-26-05959,012Ps000005citCIAQ,Re-Roofing,1575 INNES  AVE,2026-09-23,2026-09-17T20:42:25.000Z,2.0,2026-10-22,2026-09-23,Not Enforceable
JORGE CONTRERAS,2026-09-16T17:47:25.000Z,2026-12-27,a10Ps00000Ub3FNIAZ,0058b00000GAFCDAA5,2026-09-23T19:02:45.000Z,20.0,2026-12-28,2026-09-23,Tow Sign Photo,Awaiting Applicant Info,Street Space,SSP-26-05961,012Ps000005citCIAQ,Parking of vehicles for interior renovations per the issued permit.,419 LAGUNA  ST,2026-09-28,2026-09-23T19:02:57.000Z,2.0,2026-12-27,2026-09-28,Not Enforceable
ALDER CONSTRUCTION CA,2026-09-16T18:15:41.000Z,2027-01-09,a10Ps00000UamjEIAR,0058b00000GAFCDAA5,2026-09-16T18:22:30.000Z,20.0,2027-01-10,2026-09-16,Tow Sign Photo,Awaiting Applicant Info,Street Space,SSP-26-05962,012Ps000005citCIAQ,Parking,1865 CALIFORNIA  ST,2026-10-10,2026-09-16T18:22:30.000Z,2.0,2027-01-09,2026-10-10,Not Enforceable
I&A CONTRACTOR INC,2026-09-16T18:30:39.000Z,2026-10-20,a10Ps00000UbFWfIAN,0058b00000GAFCDAA5,2026-09-17T21:16:31.000Z,20.0,2026-10-21,2026-09-17,Tow Sign Photo,Awaiting Applicant Info,Street Space,SSP-26-05963,012Ps000005citCIAQ,Parking,1870 44TH  AVE,2026-09-21,2026-09-17T21:16:31.000Z,2.0,2026-10-20,2026-09-21,Not Enforceable
THOMPSON BUILDERS CORP,2026-09-16T18:38:43.000Z,2027-03-27,a10Ps00000UbHYTIA3,0058b00000GAFCDAA5,2026-09-16T19:03:22.000Z,100.0,2027-03-28,2026-09-16,Tow Sign Photo,Awaiting Applicant Info,Street Space,SSP-26-05964,012Ps000005citCIAQ,Parking- 5 meters only,400 BAY  ST,2026-09-28,2026-09-16T19:03:22.000Z,7.0,2027-03-27,2026-09-28,Not Enforceable
SCORPION SCAFFOLDING INC,2026-09-16T18:45:59.000Z,2026-10-16,a10Ps00000UbJVRIA3,0058b00000GAFCDAA5,2026-09-16T19:16:21.000Z,20.0,2026-10-17,2026-09-16,Tow Sign Photo,Awaiting Applicant Info,Street Space,SSP-26-05965,012Ps000005citCIAQ,scaffolding erection,1403A LYON  ST,2026-09-17,2026-09-16T19:16:21.000Z,2.0,2026-10-16,2026-09-17,Not Enforceable
WALKER ROBERT A,2026-09-16T19:05:05.000Z,2027-02-20,a10Ps00000UbO3hIAF,0058b00000GAFCDAA5,2026-09-18T18:22:58.000Z,25.0,2027-02-21,2026-09-18,Tow Sign Photo,Awaiting Applicant Info,Street Space,SSP-26-05967,012Ps000005citCIAQ,Building Permit - Construction Staging,956 NOE  ST,2026-09-21,2026-09-18T18:22:58.000Z,3.0,2027-02-20,2026-09-21,Not Enforceable
,2026-09-16T19:06:21.000Z,2026-11-20,a10Ps00000UbObZIAV,0058b00000GAFCDAA5,2026-09-18T23:55:45.000Z,20.0,2026-11-21,2026-09-18,Tow Sign Photo,Awaiting Applicant Info,Street Space,SSP-26-05968,012Ps000005citCIAQ,Loading/unloading of materials & general work,45 COOK  ST,2026-09-21,2026-09-18T23:55:45.000Z,2.0,2026-11-20,2026-09-21,Not Enforceable
JIMENEZ SANDRA B,2026-09-16T19:09:11.000Z,2026-12-24,a10Ps00000UbPEHIA3,0058b00000GAFCDAA5,2026-09-22T22:32:31.000Z,40.0,2026-12-25,2026-09-22,Tow Sign Photo,Awaiting Applicant Info,Street Space,SSP-26-05969,012Ps000005citCIAQ,Building Permit - Construction Staging,1870 JACKSON  ST,2026-09-25,2026-09-22T22:32:31.000Z,3.0,2026-12-24,2026-09-25,Not Enforceable
BANA CONSTRUCTION INC,2026-09-16T19:21:01.000Z,2026-12-21,a10Ps00000UbS2TIAV,005Ps00000LEF6MIAX,2026-10-02T19:15:27.000Z,40.0,2026-12-22,2026-09-21,Active,Active,Street Space,SSP-26-05970,012Ps000005citCIAQ,Building Permit - Construction Staging,875 GROVE  ST,2026-09-22,2026-10-02T19:15:27.000Z,3.0,2026-12-21,2026-09-22,Not Enforceable
415 REMODELING INC,2026-09-16T19:31:27.000Z,2026-11-20,a10Ps00000UbUInIAN,0058b00000GAFCDAA5,2026-09-21T13:02:29.000Z,20.0,2026-11-21,2026-09-21,Tow Sign Photo,Awaiting Applicant Info,Street Space,SSP-26-05971,012Ps000005citCIAQ,Building Permit - Construction Staging,63 BRONTE  ST,2026-09-21,2026-09-21T13:02:49.000Z,2.0,2026-11-20,2026-09-21,Not Enforceable
MODAMAS PAINTING AND RESTORATION INC,2026-09-16T19:32:53.000Z,2026-10-23,a10Ps00000UbUdlIAF,0058b00000GAFCDAA5,2026-09-18T20:52:51.000Z,20.0,2026-10-24,2026-09-18,Tow Sign Photo,Awaiting Applicant Info,Street Space,SSP-26-05972,012Ps000005citCIAQ,Painting,34 COLLINS  ST,2026-09-24,2026-09-18T20:52:51.000Z,2.0,2026-10-23,2026-09-24,Not Enforceable
NEAL'S PAINTING COMPANY INC,2026-09-16T19:47:44.000Z,2026-10-21,a10Ps00000UbPpOIAV,005Ps00000IzXSvIAN,2026-09-23T23:06:32.000Z,20.0,2026-10-22,2026-09-19,Active,Active,Street Space,SSP-26-05973,012Ps000005citCIAQ,SCAFFOLDING AND PARKING,3632 LYON  ST,2026-09-22,2026-09-23T23:06:32.000Z,2.0,2026-10-21,2026-09-22,Enforceable
JEFF KING AND COMPANY INC,2026-09-16T19:57:11.000Z,2026-11-21,a10Ps00000Uba6TIAR,005Ps00000LEF6MIAX,2026-09-30T15:46:43.000Z,20.0,2026-11-22,2026-09-16,Active,Active,Street Space,SSP-26-05974,012Ps000005citCIAQ,"Portable toilet, handwashing station, loading/unloading materials",29 WEST CLAY  ST,2026-09-22,2026-09-30T15:46:43.000Z,2.0,2026-11-21,2026-09-22,Enforceable
YK MASON & SONS INC,2026-09-16T20:20:31.000Z,2026-10-21,a10Ps00000UbfKfIAJ,0058b00000GAFCDAA5,2026-09-21T22:39:10.000Z,20.0,2026-10-22,2026-09-21,Tow Sign Photo,Awaiting Applicant Info,Street Space,SSP-26-05976,012Ps000005citCIAQ,Scaffolding,2002 BUSH  ST,2026-09-22,2026-09-21T22:39:10.000Z,2.0,2026-10-21,2026-09-22,Not Enforceable
KENNY JINGYI LI,2026-09-16T20:20:32.000Z,2026-10-23,a10Ps00000UbTcuIAF,0058b00000GAFCDAA5,2026-09-21T19:34:56.000Z,20.0,2026-10-24,2026-09-21,Tow Sign Photo,Awaiting Applicant Info,Street Space,SSP-26-05977,012Ps000005citCIAQ,Scaffolding,235 27TH  AVE,2026-09-24,2026-09-21T19:34:56.000Z,2.0,2026-10-23,2026-09-24,Not Enforceable
A & J GENERAL CONTRACTOR INC,2026-09-16T20:22:12.000Z,2026-11-20,a10Ps00000UbfcPIAR,0058b00000GAFCDAA5,2026-09-16T22:06:53.000Z,20.0,2026-11-21,2026-09-16,Tow Sign Photo,Awaiting Applicant Info,Street Space,SSP-26-05978,012Ps000005citCIAQ,Painting,143 PROSPECT  AVE,2026-09-21,2026-09-16T22:06:53.000Z,2.0,2026-11-20,2026-09-21,Not Enforceable
YK MASON & SONS INC,2026-09-16T20:26:55.000Z,2026-10-21,a10Ps00000UbgyHIAR,0058b00000GAFCDAA5,2026-09-21T22:47:51.000Z,20.0,2026-10-22,2026-09-21,Tow Sign Photo,Awaiting Applicant Info,Street Space,SSP-26-05980,012Ps000005citCIAQ,Scaffolding,683 12TH  AVE,2026-09-22,2026-09-21T22:47:51.000Z,2.0,2026-10-21,2026-09-22,Not Enforceable
YK MASON & SONS INC,2026-09-16T20:34:27.000Z,2026-12-23,a10Ps00000UbidVIAR,0058b00000GAFCDAA5,2026-09-21T22:33:14.000Z,60.0,2026-12-24,2026-09-21,Tow Sign Photo,Awaiting Applicant Info,Street Space,SSP-26-05981,012Ps000005citCIAQ,Scaffolding,2890 CALIFORNIA  ST,2026-09-24,2026-09-21T22:33:14.000Z,4.0,2026-12-23,2026-09-24,Not Enforceable
MARINA BAY ROOFING INC,2026-09-16T20:34:43.000Z,2026-10-20,a10Ps00000UbigjIAB,0058b00000GAFCDAA5,2026-09-20T17:12:42.000Z,60.0,2026-10-21,2026-09-20,Tow Sign Photo,Awaiting Applicant Info,Street Space,SSP-26-05982,012Ps000005citCIAQ,Re-Roofing construction,2431 MISSION  ST,2026-09-21,2026-09-20T17:12:51.000Z,4.0,2026-10-20,2026-09-21,Not Enforceable
RELIABLE CONSTRUCTION INC,2026-09-16T20:35:31.000Z,2026-11-20,a10Ps00000UbiqPIAR,0058b00000GAFCDAA5,2026-09-22T21:05:09.000Z,20.0,2026-11-21,2026-09-22,Tow Sign Photo,Awaiting Applicant Info,Street Space,SSP-26-05983,012Ps000005citCIAQ,Building Maintenance,339 FREDERICK  ST,2026-09-21,2026-09-22T21:05:51.000Z,2.0,2026-11-20,2026-09-21,Not Enforceable
YK MASON & SONS INC,2026-09-16T20:41:21.000Z,2026-12-06,a10Ps00000UbkKLIAZ,005Ps00000J8X2HIAV,2026-10-04T03:19:57.000Z,20.0,2026-12-07,2026-09-21,Final Review,Pending,Street Space,SSP-26-05984,012Ps000005citCIAQ,Scaffolding,772 CLAYTON  ST,2026-10-07,2026-10-04T03:19:57.000Z,2.0,2026-12-06,2026-10-07,Not Enforceable
DE BRUS MAOLCHOLM,2026-09-16T20:44:20.000Z,2026-10-23,a10Ps00000UblEnIAJ,005Ps00000IzXSvIAN,2026-09-22T22:17:48.000Z,80.0,2026-10-24,2026-09-21,Active,Active,Street Space,SSP-26-05985,012Ps000005citCIAQ,Building Permit - Construction Staging,659 UNION  ST,2026-09-24,2026-09-22T22:17:48.000Z,5.0,2026-10-23,2026-09-24,Enforceable
YK MASON & SONS INC,2026-09-16T20:45:42.000Z,2026-11-07,a10Ps00000UbknOIAR,0058b00000GAFCDAA5,2026-09-21T22:45:23.000Z,20.0,2026-11-08,2026-09-21,Tow Sign Photo,Awaiting Applicant Info,Street Space,SSP-26-05986,012Ps000005citCIAQ,Scaffolding,331 28TH  AVE,2026-10-08,2026-09-21T22:45:23.000Z,2.0,2026-11-07,2026-10-08,Not Enforceable
PORRO CONSTRUCTED DESIGN INC,2026-09-16T20:55:16.000Z,2027-03-20,a10Ps00000UbnbZIAR,005Ps00000LEF6MIAX,2026-10-02T22:48:07.000Z,18.0,2027-03-21,2026-09-23,Final Review,Awaiting Applicant Info,Street Space,SSP-26-05987,012Ps000005citCIAQ,Parking for construction,3416 BRODERICK  ST,2026-09-21,2026-10-02T22:48:07.000Z,2.0,2027-03-20,2026-09-21,Not Enforceable
CAMERON BUILDERS SF,2026-09-16T21:15:04.000Z,2027-02-22,a10Ps00000UbrvJIAR,0058b00000GAFCDAA5,2026-09-16T21:39:47.000Z,25.0,2027-02-23,2026-09-16,Tow Sign Photo,Awaiting Applicant Info,Street Space,SSP-26-05988,012Ps000005citCIAQ,Construction/Parking,55 ROSEWOOD  DR,2026-09-23,2026-09-16T21:39:47.000Z,3.0,2027-02-22,2026-09-23,Not Enforceable
THE 519 CORPORATION,2026-09-16T21:22:11.000Z,2026-10-20,a10Ps00000Ubt2fIAB,0058b00000GAFCDAA5,2026-09-21T15:35:51.000Z,20.0,2026-10-21,2026-09-21,Tow Sign Photo,Awaiting Applicant Info,Street Space,SSP-26-05989,012Ps000005citCIAQ,Parking and delivery drop offs,706 09TH  AVE,2026-09-21,2026-09-21T15:37:04.000Z,2.0,2026-10-20,2026-09-21,Not Enforceable
RB ROOFING CO INC,2026-09-16T21:38:11.000Z,2026-10-21,a10Ps00000UbvsTIAR,0058b00000GAFCDAA5,2026-09-18T23:42:34.000Z,20.0,2026-10-22,2026-09-18,Tow Sign Photo,Awaiting Applicant Info,Street Space,SSP-26-05990,012Ps000005citCIAQ,for re-roof - temporary parking space for material loading/unloading,216 BRADFORD  ST,2026-09-22,2026-09-18T23:42:34.000Z,2.0,2026-10-21,2026-09-22,Not Enforceable
,2026-09-16T21:45:52.000Z,2026-10-19,a10Ps00000Ubx7tIAB,0058b00000GAFCDAA5,2026-09-16T21:58:53.000Z,20.0,2026-10-20,2026-09-16,Tow Sign Photo,Awaiting Applicant Info,Street Space,SSP-26-05991,012Ps000005citCIAQ,"Scaffolding, portable toilet, and contractor parking for re-roofing project.",68 HARRIET  ST,2026-09-20,2026-09-16T21:58:53.000Z,2.0,2026-10-19,2026-09-20,Not Enforceable
"GLAM CONSTRUCTION, INC.",2026-09-16T22:16:30.000Z,2026-10-22,a10Ps00000Uc27ZIAR,0058b00000GAFCDAA5,2026-09-18T23:19:18.000Z,20.0,2026-10-23,2026-09-18,Tow Sign Photo,Awaiting Applicant Info,Street Space,SSP-26-05992,012Ps000005citCIAQ,Re-Roofing,651 15TH  AVE,2026-09-23,2026-09-18T23:19:18.000Z,2.0,2026-10-22,2026-09-23,Not Enforceable
LARKSPUR BUILDERS INC.,2026-09-16T22:17:51.000Z,2027-03-22,a10Ps00000Uc2PJIAZ,0058b00000GAFCDAA5,2026-09-23T17:12:40.000Z,28.0,2027-03-23,2026-09-23,Tow Sign Photo,Awaiting Applicant Info,Street Space,SSP-26-05993,012Ps000005citCIAQ,"Renewal. Requesting temporary use of one (1) on-street parking space (28 linear feet) in front of 3969 Washington Street  during an ongoing residential construction project: for delivery vehicle access, temporary parking for company, subcontractors, and inspection vehicles, as well as loading and unloading construction materials and equipment.",3969 WASHINGTON  ST,2026-09-23,2026-09-23T17:12:50.000Z,3.0,2027-03-22,2026-09-23,Not Enforceable
SEISMIC RETROFITTERS,2026-09-16T22:20:52.000Z,2026-10-20,a10Ps00000Uc2sLIAR,0058b00000GAFCDAA5,2026-09-22T16:34:18.000Z,25.0,2026-10-21,2026-09-22,Tow Sign Photo,Awaiting Applicant Info,Street Space,SSP-26-05994,012Ps000005citCIAQ,Space for dirt box / parking.,1275 STANYAN  ST,2026-09-21,2026-09-22T16:34:51.000Z,3.0,2026-10-20,2026-09-21,Not Enforceable
FIDELIS GREEN INC.,2026-09-16T22:21:31.000Z,2026-11-19,a10Ps00000Uc30PIAR,0058b00000GAFCDAA5,2026-09-21T16:18:58.000Z,50.0,2026-11-20,2026-09-21,Tow Sign Photo,Awaiting Applicant Info,Street Space,SSP-26-05995,012Ps000005citCIAQ,Parking for crew truck and trailer,1510 CASTRO  ST,2026-09-20,2026-09-21T16:19:11.000Z,4.0,2026-11-19,2026-09-20,Not Enforceable
"NIBBI BROS. ASSOCIATES, INC.",2026-09-16T22:57:43.000Z,2026-10-21,a10Ps00000UbzMcIAJ,005Ps00000LEF6MIAX,2026-09-21T18:33:22.000Z,300.0,2026-10-22,2026-09-18,Active,Active,Street Space,SSP-26-05996,012Ps000005citCIAQ,"Utility installation, bioretention planter wall construction",465 IRWIN  ST,2026-09-22,2026-09-21T18:33:22.000Z,18.0,2026-10-21,2026-09-22,Enforceable
DEEP ELM CONSTRUCTION LLC,2026-09-16T22:59:32.000Z,2026-10-23,a10Ps00000Uc9QnIAJ,0058b00000GAFCDAA5,2026-09-18T16:54:47.000Z,20.0,2026-10-24,2026-09-18,Tow Sign Photo,Awaiting Applicant Info,Street Space,SSP-26-05997,012Ps000005citCIAQ,20,508 DIVISADERO  ST,2026-09-24,2026-09-18T16:54:47.000Z,2.0,2026-10-23,2026-09-24,Not Enforceable
MN CONSTRUCTION INC,2026-09-16T23:07:42.000Z,2026-11-17,a10Ps00000UcAZlIAN,0058b00000GAFCDAA5,2026-09-21T18:40:15.000Z,20.0,2026-11-18,2026-09-21,Tow Sign Photo,Awaiting Applicant Info,Street Space,SSP-26-05999,012Ps000005citCIAQ,debris box; material loading/unloading,646 04TH  AVE,2026-09-18,2026-09-21T18:40:49.000Z,2.0,2026-11-17,2026-09-18,Not Enforceable
"NIBBI BROS. ASSOCIATES, INC.",2026-09-16T23:10:39.000Z,2026-10-21,a10Ps00000UcAujIAF,005Ps00000LEF6MIAX,2026-09-21T18:31:50.000Z,136.0,2026-10-22,2026-09-18,Active,Active,Street Space,SSP-26-06000,012Ps000005citCIAQ,"Utility installation, bioretention planter construction",485 IRWIN  ST,2026-09-22,2026-09-21T18:31:50.000Z,10.0,2026-10-21,2026-09-22,Enforceable
UTTING EWEN NEIL,2026-09-16T23:12:11.000Z,2027-03-19,a10Ps00000UcB4PIAV,0058b00000GAFCDAA5,2026-09-19T19:07:46.000Z,20.0,2027-03-20,2026-09-19,Tow Sign Photo,Awaiting Applicant Info,Street Space,SSP-26-06001,012Ps000005citCIAQ,construction activities,369 DUNCAN  ST,2026-09-20,2026-09-19T19:08:01.000Z,2.0,2027-03-19,2026-09-20,Not Enforceable
ENDORA BUILDERS,2026-09-16T23:36:12.000Z,2026-11-20,a10Ps00000UcDvpIAF,0058b00000GAFCDAA5,2026-09-21T16:47:01.000Z,40.0,2026-11-21,2026-09-21,Tow Sign Photo,Awaiting Applicant Info,Street Space,SSP-26-06002,012Ps000005citCIAQ,Construction Parking,2140 LAKE  ST,2026-09-21,2026-09-21T16:48:05.000Z,3.0,2026-11-20,2026-09-21,Not Enforceable
DUNROS CONSTRUCTION INC,2026-09-17T00:32:25.000Z,2026-11-17,a10Ps00000UcC0WIAV,005Ps00000LEF6MIAX,2026-09-22T18:25:59.000Z,25.0,2026-11-18,2026-09-18,Final Review,Awaiting Applicant Info,Street Space,SSP-26-06004,012Ps000005citCIAQ,Parking for construction work,1460 PAGE  ST,2026-09-18,2026-09-22T18:25:59.000Z,3.0,2026-11-17,2026-09-18,Not Enforceable
KENNY JINGYI LI,2026-09-17T04:46:51.000Z,2026-10-21,a10Ps00000UcbjdIAB,0058b00000GAFCDAA5,2026-09-18T23:56:52.000Z,20.0,2026-10-22,2026-09-18,Tow Sign Photo,Awaiting Applicant Info,Street Space,SSP-26-06005,012Ps000005citCIAQ,Scaffolding,1437 07TH  AVE,2026-09-22,2026-09-18T23:56:52.000Z,2.0,2026-10-21,2026-09-22,Not Enforceable
CONTINUUM CONSTRUCTION,2026-09-17T12:27:07.000Z,2026-10-22,a10Ps00000UdVHBIA3,0058b00000GAFCDAA5,2026-09-17T12:28:53.000Z,30.0,2026-10-23,2026-09-17,Tow Sign Photo,Awaiting Applicant Info,Street Space,SSP-26-06006,012Ps000005citCIAQ,Constrution related,615 47TH  AVE,2026-09-23,2026-09-17T12:28:53.000Z,3.0,2026-10-22,2026-09-23,Not Enforceable
A.V CONSTRUCTION SERVICES INC.,2026-09-17T14:32:39.000Z,2026-11-23,a10Ps00000Ue8f7IAB,005Ps00000LEF6MIAX,2026-10-02T16:08:01.000Z,40.0,2026-11-24,2026-09-21,Active,Active,Street Space,SSP-26-06007,012Ps000005citCIAQ,Building Permit - Construction Staging,248 VALLEY  ST,2026-09-24,2026-10-02T16:08:01.000Z,3.0,2026-11-23,2026-09-24,Not Enforceable
ALDER CONSTRUCTION CA,2026-09-17T14:37:04.000Z,2026-10-26,a10Ps00000UeAPBIA3,0058b00000GAFCDAA5,2026-09-17T14:39:57.000Z,20.0,2026-10-27,2026-09-17,Tow Sign Photo,Awaiting Applicant Info,Street Space,SSP-26-06008,012Ps000005citCIAQ,Parking,589 CONGO  ST,2026-09-27,2026-09-17T14:39:57.000Z,2.0,2026-10-26,2026-09-27,Not Enforceable
TITANIUM ROOF INNOVATIONS,2026-09-17T14:48:24.000Z,2026-10-20,a10Ps00000UeDgPIAV,005Ps00000IxBTKIA3,2026-09-18T23:23:57.000Z,17.0,2026-10-21,2026-09-18,Tow Sign Photo,Awaiting Applicant Info,Street Space,SSP-26-06009,012Ps000005citCIAQ,Reroofing,157 RAE  AVE,2026-09-21,2026-09-18T23:23:57.000Z,2.0,2026-10-20,2026-09-21,Not Enforceable
NORCAL PAINTERS INCORPORATED,2026-09-17T15:02:42.000Z,2026-10-27,a10Ps00000UeI3NIAV,005Ps00000LEF6MIAX,2026-09-22T18:21:25.000Z,20.0,2026-10-28,2026-09-18,Active,Active,Street Space,SSP-26-06010,012Ps000005citCIAQ,Scaffolding,1730 FILBERT  ST,2026-09-28,2026-09-22T18:21:25.000Z,2.0,2026-10-27,2026-09-28,Enforceable
NORCAL PAINTERS INCORPORATED,2026-09-17T15:14:31.000Z,2026-10-27,a10Ps00000UeMVBIA3,005Ps00000IzXSvIAN,2026-09-22T17:40:47.000Z,20.0,2026-10-28,2026-09-18,Active,Active,Street Space,SSP-26-06011,012Ps000005citCIAQ,Portable Toilet,626 20TH  AVE,2026-09-28,2026-09-22T17:40:47.000Z,2.0,2026-10-27,2026-09-28,Enforceable
NORCAL PAINTERS INCORPORATED,2026-09-17T15:24:55.000Z,2026-10-27,a10Ps00000UeQ49IAF,005Ps00000IzXSvIAN,2026-09-22T17:40:03.000Z,20.0,2026-10-28,2026-09-18,Active,Active,Street Space,SSP-26-06012,012Ps000005citCIAQ,Scaffolding,45 14TH  AVE,2026-09-28,2026-09-22T17:40:03.000Z,2.0,2026-10-27,2026-09-28,Enforceable
NORCAL PAINTERS INCORPORATED,2026-09-17T15:32:47.000Z,2026-10-24,a10Ps00000UeSCQIA3,005Ps00000IzXSvIAN,2026-09-22T17:39:18.000Z,20.0,2026-10-25,2026-09-18,Active,Active,Street Space,SSP-26-06013,012Ps000005citCIAQ,Scaffolding,1383 11TH  AVE,2026-09-25,2026-09-22T17:39:18.000Z,2.0,2026-10-24,2026-09-25,Enforceable
,2026-09-17T16:37:43.000Z,2026-11-23,a10Ps00000UekcLIAR,005Ps00000IzXSvIAN,2026-09-22T22:39:41.000Z,20.0,2026-11-24,2026-09-21,Active,Active,Street Space,SSP-26-06014,012Ps000005citCIAQ,Building Permit - Construction Staging,2043 15TH  ST,2026-09-24,2026-09-22T22:39:41.000Z,2.0,2026-11-23,2026-09-24,Enforceable
SHAW BENJAMIN,2026-09-17T16:44:46.000Z,2026-10-22,a10Ps00000UemZJIAZ,005Ps00000LEF6MIAX,2026-09-21T15:44:45.000Z,20.0,2026-10-23,2026-09-17,Active,Active,Street Space,SSP-26-06015,012Ps000005citCIAQ,Construction vehicle parking,666 CAYUGA  AVE,2026-09-23,2026-09-21T15:44:45.000Z,2.0,2026-10-22,2026-09-23,Enforceable
TOM LEE ROOFING INC,2026-09-17T17:20:00.000Z,2026-11-25,a10Ps00000UebR6IAJ,005Ps00000IxBTKIA3,2026-09-21T18:22:30.000Z,20.0,2026-11-26,2026-09-21,Tow Sign Photo,Awaiting Applicant Info,Street Space,SSP-26-06016,012Ps000005citCIAQ,reroofing,133 KENSINGTON  WAY,2026-10-26,2026-09-21T18:22:30.000Z,2.0,2026-11-25,2026-10-26,Not Enforceable
2190 LOMBARD ASSOCIATES  R,2026-09-17T17:50:04.000Z,2026-10-20,a10Ps00000Uf2XdIAJ,0058b00000GAFCDAA5,2026-09-17T17:54:35.000Z,88.0,2026-10-21,2026-09-17,Tow Sign Photo,Awaiting Applicant Info,Street Space,SSP-26-06017,012Ps000005citCIAQ,Scaffolding / Painting,1901 LOMBARD  ST,2026-09-21,2026-09-17T17:54:35.000Z,6.0,2026-10-20,2026-09-21,Not Enforceable
MACKEN GAVIN,2026-09-17T17:53:38.000Z,2026-12-24,a10Ps00000UevRMIAZ,0058b00000GAFCDAA5,2026-09-22T17:49:36.000Z,25.0,2026-12-25,2026-09-22,Tow Sign Photo,Awaiting Applicant Info,Street Space,SSP-26-06018,012Ps000005citCIAQ,Building Permit - Construction Staging,126 WAWONA  ST,2026-09-25,2026-09-22T17:50:08.000Z,3.0,2026-12-24,2026-09-25,Not Enforceable
P3 CONSTRUCTION & REMODELING,2026-09-17T17:54:25.000Z,2026-11-23,a10Ps00000UexxnIAB,0058b00000GAFCDAA5,2026-09-21T19:33:12.000Z,25.0,2026-11-24,2026-09-21,Tow Sign Photo,Awaiting Applicant Info,Street Space,SSP-26-06019,012Ps000005citCIAQ,Building Permit - Construction Staging,2961 PACIFIC  AVE,2026-09-24,2026-09-21T19:33:12.000Z,3.0,2026-11-23,2026-09-24,Not Enforceable
RK ROOFING & CONSTRUCTION INC.,2026-09-17T18:34:27.000Z,2026-10-27,a10Ps00000UfCvBIAV,005Ps00000IzXSvIAN,2026-09-28T16:34:56.000Z,54.0,2026-10-28,2026-09-18,Active,Active,Street Space,SSP-26-06022,012Ps000005citCIAQ,"Street space required in connection with permitted residential reroofing at 414 Webster Street. 
Temporary use of designated curb space for construction operations, including material loading and unloading, roofing debris removal during tear-off, portable toilet placement, and contractor equipment/work vehicles actively supporting construction. Roll-off debris truck anticipated for tear-off operations only. 
All construction activities and equipment will remain within the permitted street space limits.",414 WEBSTER  ST,2026-09-28,2026-09-28T16:34:56.000Z,4.0,2026-10-27,2026-09-28,Enforceable
SURE INC,2026-09-17T18:50:25.000Z,2026-10-21,a10Ps00000UfGSXIA3,005Ps00000LEF6MIAX,2026-09-18T19:22:08.000Z,20.0,2026-10-22,2026-09-17,Active,Active,Street Space,SSP-26-06023,012Ps000005citCIAQ,porta potty,2800 GREEN  ST,2026-09-22,2026-09-18T19:22:08.000Z,2.0,2026-10-21,2026-09-22,Enforceable
METZLER BROTHERS GENERAL CONTRACTORS INC,2026-09-17T19:41:34.000Z,2026-10-23,a10Ps00000UfSGnIAN,005Ps00000IzXSvIAN,2026-09-22T22:37:40.000Z,20.0,2026-10-24,2026-09-21,Active,Active,Street Space,SSP-26-06024,012Ps000005citCIAQ,Building Permit - Construction Staging,824 SHOTWELL  ST,2026-09-24,2026-09-22T22:37:40.000Z,2.0,2026-10-23,2026-09-24,Enforceable
CONOR FORDE PAINTING,2026-09-17T19:54:56.000Z,2026-10-31,a10Ps00000UfWx7IAF,0058b00000GAFCDAA5,2026-09-22T18:52:26.000Z,15.0,2026-11-01,2026-09-22,Tow Sign Photo,Awaiting Applicant Info,Street Space,SSP-26-06025,012Ps000005citCIAQ,Scaffolding / Painting,1866 CHURCH  ST,2026-10-01,2026-09-22T18:53:06.000Z,2.0,2026-10-31,2026-10-01,Not Enforceable
CONOR FORDE PAINTING,2026-09-17T20:00:00.000Z,2026-10-31,a10Ps00000UfY9JIAV,0058b00000GAFCDAA5,2026-09-22T18:52:31.000Z,15.0,2026-11-01,2026-09-22,Tow Sign Photo,Awaiting Applicant Info,Street Space,SSP-26-06026,012Ps000005citCIAQ,Scaffolding / Painting,1556 SHRADER  ST,2026-10-01,2026-09-22T18:53:06.000Z,2.0,2026-10-31,2026-10-01,Not Enforceable
"COOKLINE CONSTRUCTION, INC.",2026-09-17T20:22:33.000Z,2026-12-22,a10Ps00000UfdvNIAR,005Ps00000IzXSvIAN,2026-09-21T21:51:22.000Z,20.0,2026-12-23,2026-09-17,Active,Active,Street Space,SSP-26-06027,012Ps000005citCIAQ,Parking of a storage trailer along property line for usage during construction on building at 82 14th st.,82 14TH  ST,2026-09-23,2026-09-21T21:51:22.000Z,2.0,2026-12-22,2026-09-23,Enforceable
"COOKLINE CONSTRUCTION, INC.",2026-09-17T20:27:02.000Z,2026-11-22,a10Ps00000UfekzIAB,005Ps00000IzXSvIAN,2026-09-21T21:41:34.000Z,20.0,2026-11-23,2026-09-17,Active,Active,Street Space,SSP-26-06028,012Ps000005citCIAQ,"Construction parking, loading/unloading of materials, staging of equipment",98 14TH  ST,2026-09-23,2026-09-21T21:41:34.000Z,2.0,2026-11-22,2026-09-23,Enforceable
ALPHA WATERPROOFING ETAL,2026-09-17T20:57:54.000Z,2026-10-21,a10Ps00000UflOHIAZ,005Ps00000LEF6MIAX,2026-09-29T21:25:27.000Z,40.0,2026-10-22,2026-09-21,Active,Active,Street Space,SSP-26-06029,012Ps000005citCIAQ,Scaffolding / Weatherproofing,150 CALIFORNIA  ST,2026-09-22,2026-09-29T21:25:27.000Z,3.0,2026-10-21,2026-09-22,Enforceable
HONG YUN KIM,2026-09-17T21:10:25.000Z,2026-10-20,a10Ps00000UfT4oIAF,005Ps00000IxBTKIA3,2026-09-17T22:20:56.000Z,20.0,2026-10-21,2026-09-17,Tow Sign Photo,Awaiting Applicant Info,Street Space,SSP-26-06030,012Ps000005citCIAQ,Reroofing,5628 GEARY  BLVD,2026-09-21,2026-09-17T22:20:56.000Z,2.0,2026-10-20,2026-09-21,Not Enforceable
BRIGHTER BAY BUILDERS INC,2026-09-17T21:28:50.000Z,2026-12-20,a10Ps00000Ufr2HIAR,0058b00000GAFCDAA5,2026-09-17T21:38:27.000Z,20.0,2026-12-21,2026-09-17,Tow Sign Photo,Awaiting Applicant Info,Street Space,SSP-26-06031,012Ps000005citCIAQ,for construction relate,1310 JONES  ST,2026-09-21,2026-09-17T21:38:27.000Z,2.0,2026-12-20,2026-09-21,Not Enforceable
FLORIBERTO DIAZ,2026-09-17T22:04:57.000Z,2026-10-23,a10Ps00000UfwA1IAJ,0058b00000GAFCDAA5,2026-09-22T02:01:06.000Z,30.0,2026-10-24,2026-09-21,Tow Sign Photo,Awaiting Applicant Info,Street Space,SSP-26-06033,012Ps000005citCIAQ,Scaffolding,80 COLERIDGE  ST,2026-09-24,2026-09-22T02:01:06.000Z,3.0,2026-10-23,2026-09-24,Not Enforceable
ABNER DANIEL GUTIERREZ MUNOZ,2026-09-17T22:27:09.000Z,2026-10-24,a10Ps00000UfytNIAR,0058b00000GAFCDAA5,2026-09-21T21:25:21.000Z,20.0,2026-10-25,2026-09-21,Tow Sign Photo,Awaiting Applicant Info,Street Space,SSP-26-06035,012Ps000005citCIAQ,Landscaping,1859 18TH  AVE,2026-09-25,2026-09-21T21:25:21.000Z,2.0,2026-10-24,2026-09-25,Not Enforceable
TOM LEE ROOFING INC,2026-09-17T23:07:03.000Z,2026-11-25,a10Ps00000Ug4SXIAZ,005Ps00000IxBTKIA3,2026-09-21T21:22:20.000Z,20.0,2026-11-26,2026-09-21,Tow Sign Photo,Awaiting Applicant Info,Street Space,SSP-26-06037,012Ps000005citCIAQ,reroofing,1762 08TH  AVE,2026-10-26,2026-09-21T21:22:20.000Z,2.0,2026-11-25,2026-10-26,Not Enforceable
MENDEZ PROFESSIONAL PAINTING INC,2026-09-17T23:08:45.000Z,2026-10-23,a10Ps00000Ug4VmIAJ,005Ps00000IzXSvIAN,2026-09-22T22:29:00.000Z,40.0,2026-10-24,2026-09-21,Active,Active,Street Space,SSP-26-06038,012Ps000005citCIAQ,Scaffolding,951 GUERRERO  ST,2026-09-24,2026-09-22T22:29:00.000Z,3.0,2026-10-23,2026-09-24,Enforceable
BRUCKER BUILDING COMPANY INC.,2026-09-17T23:53:39.000Z,2027-03-30,a10Ps00000UgABNIA3,0058b00000GAFCDAA5,2026-09-25T20:28:29.000Z,25.0,2027-03-31,2026-09-25,Tow Sign Photo,Awaiting Applicant Info,Street Space,SSP-26-06039,012Ps000005citCIAQ,Building Permit - Construction Staging,2467 PACIFIC  AVE,2026-09-30,2026-09-25T20:29:03.000Z,3.0,2027-03-30,2026-09-30,Not Enforceable
UPTIC CONSTRUCTION LLC,2026-09-18T00:04:29.000Z,2026-10-24,a10Ps00000UgBFVIA3,005Ps00000IzXSvIAN,2026-09-22T23:45:11.000Z,20.0,2026-10-25,2026-09-21,Final Review,Awaiting Applicant Info,Street Space,SSP-26-06040,012Ps000005citCIAQ,Building Maintenance,1372 JACKSON  ST,2026-09-25,2026-09-22T23:45:11.000Z,2.0,2026-10-24,2026-09-25,Not Enforceable
KENNY JINGYI LI,2026-09-18T00:55:09.000Z,2026-10-24,a10Ps00000UgF1NIAV,0058b00000GAFCDAA5,2026-09-21T22:05:06.000Z,20.0,2026-10-25,2026-09-21,Tow Sign Photo,Awaiting Applicant Info,Street Space,SSP-26-06041,012Ps000005citCIAQ,Scaffolding,1639 LEAVENWORTH  ST,2026-09-25,2026-09-21T22:05:06.000Z,2.0,2026-10-24,2026-09-25,Not Enforceable
KENNY JINGYI LI,2026-09-18T01:03:40.000Z,2026-10-24,a10Ps00000UgFkXIAV,0058b00000GAFCDAA5,2026-09-21T22:05:11.000Z,60.0,2026-10-25,2026-09-21,Tow Sign Photo,Awaiting Applicant Info,Street Space,SSP-26-06043,012Ps000005citCIAQ,Scaffolding,19 SHARP  PL,2026-09-25,2026-09-21T22:05:11.000Z,3.0,2026-10-24,2026-09-25,Not Enforceable
KENNY JINGYI LI,2026-09-18T01:10:25.000Z,2026-11-24,a10Ps00000UgGGnIAN,0058b00000GAFCDAA5,2026-09-23T02:49:45.000Z,20.0,2026-11-25,2026-09-22,Tow Sign Photo,Awaiting Applicant Info,Street Space,SSP-26-06044,012Ps000005citCIAQ,Building Permit - Construction Staging,1934 UNION  ST,2026-09-25,2026-09-23T02:50:02.000Z,2.0,2026-11-24,2026-09-25,Not Enforceable
,2026-09-18T01:28:21.000Z,2026-10-22,a10Ps00000Ug50QIAR,0058b00000GAFCDAA5,2026-09-23T14:26:37.000Z,25.0,2026-10-23,2026-09-23,Tow Sign Photo,Awaiting Applicant Info,Street Space,SSP-26-06045,012Ps000005citCIAQ,Building Maintenance,141 CASELLI  AVE,2026-09-23,2026-09-23T14:27:03.000Z,3.0,2026-10-22,2026-09-23,Not Enforceable
SURE ROOFING SYSTEMS INC,2026-09-18T02:00:29.000Z,2026-10-20,a10Ps00000UgK7VIAV,005Ps00000LEF6MIAX,2026-09-21T15:43:05.000Z,20.0,2026-10-21,2026-09-18,Active,Active,Street Space,SSP-26-06046,012Ps000005citCIAQ,Reroofing,748 CLIPPER  ST,2026-09-21,2026-09-21T15:43:05.000Z,2.0,2026-10-20,2026-09-21,Enforceable
TRIOND REMODELING,2026-09-18T02:58:03.000Z,2026-12-20,a10Ps00000UgNbdIAF,005Ps00000LEF6MIAX,2026-09-28T21:06:25.000Z,20.0,2026-12-21,2026-09-21,Active,Active,Street Space,SSP-26-06047,012Ps000005citCIAQ,Building Permit - Construction Staging,930 JACKSON  ST,2026-09-21,2026-09-28T21:06:25.000Z,2.0,2026-12-20,2026-09-21,Enforceable
KENNY JINGYI LI,2026-09-18T03:00:37.000Z,2026-10-24,a10Ps00000UgMcMIAV,0058b00000GAFCDAA5,2026-09-21T23:02:48.000Z,40.0,2026-10-25,2026-09-21,Tow Sign Photo,Awaiting Applicant Info,Street Space,SSP-26-06048,012Ps000005citCIAQ,Scaffolding,2052 14TH  AVE,2026-09-25,2026-09-21T23:02:48.000Z,3.0,2026-10-24,2026-09-25,Not Enforceable
GREEN CITY CONSTRUCTION INC,2026-09-18T13:25:06.000Z,2026-11-22,a10Ps00000UheovIAB,0058b00000GAFCDAA5,2026-09-23T02:10:47.000Z,20.0,2026-11-23,2026-09-22,Tow Sign Photo,Awaiting Applicant Info,Street Space,SSP-26-06051,012Ps000005citCIAQ,Building Permit - Construction Staging,860 MOULTRIE  ST,2026-09-23,2026-09-23T02:10:47.000Z,2.0,2026-11-22,2026-09-23,Not Enforceable
GREEN CITY CONSTRUCTION INC,2026-09-18T13:25:55.000Z,2026-11-22,a10Ps00000UheybIAB,0058b00000GAFCDAA5,2026-09-23T02:10:47.000Z,20.0,2026-11-23,2026-09-22,Tow Sign Photo,Awaiting Applicant Info,Street Space,SSP-26-06052,012Ps000005citCIAQ,Building Permit - Construction Staging,346 32ND  AVE,2026-09-23,2026-09-23T02:10:47.000Z,2.0,2026-11-22,2026-09-23,Not Enforceable
GREEN CITY CONSTRUCTION INC,2026-09-18T13:26:34.000Z,2026-11-23,a10Ps00000Uhf9tIAB,0058b00000GAFCDAA5,2026-09-23T02:13:43.000Z,20.0,2026-11-24,2026-09-22,Tow Sign Photo,Awaiting Applicant Info,Street Space,SSP-26-06053,012Ps000005citCIAQ,Building Permit - Construction Staging,350 DAY  ST,2026-09-24,2026-09-23T02:13:43.000Z,2.0,2026-11-23,2026-09-24,Not Enforceable
"MALE CAPITAL HOLDINGS, LLC",2026-09-18T13:36:56.000Z,2026-10-23,a10Ps00000Uhhy5IAB,005Ps00000IzXSvIAN,2026-09-18T23:44:00.000Z,20.0,2026-10-24,2026-09-18,Active,Active,Street Space,SSP-26-06054,012Ps000005citCIAQ,Scaffolding,1422 GROVE  ST,2026-09-24,2026-09-18T23:44:00.000Z,2.0,2026-10-23,2026-09-24,Enforceable
415 REMODELING INC,2026-09-18T13:49:12.000Z,2027-01-24,a10Ps00000Uh8ykIAB,0058b00000GAFCDAA5,2026-09-23T16:46:31.000Z,20.0,2027-01-25,2026-09-23,Tow Sign Photo,Awaiting Applicant Info,Street Space,SSP-26-06055,012Ps000005citCIAQ,Building Permit - Construction Staging,2672 FILBERT  ST,2026-09-25,2026-09-23T16:46:47.000Z,2.0,2027-01-24,2026-09-25,Not Enforceable
JRG ROOFING INC,2026-09-18T14:45:35.000Z,2026-10-21,a10Ps00000UhkskIAB,0058b00000GAFCDAA5,2026-09-18T22:59:27.000Z,20.0,2026-10-22,2026-09-18,Tow Sign Photo,Awaiting Applicant Info,Street Space,SSP-26-06057,012Ps000005citCIAQ,Reroofing,218 EDGEWOOD  AVE,2026-09-22,2026-09-18T22:59:27.000Z,2.0,2026-10-21,2026-09-22,Not Enforceable
CENTRAL ROOFING INC,2026-09-18T15:06:37.000Z,2026-10-24,a10Ps00000Ui7nhIAB,005Ps00000IxBTKIA3,2026-09-21T23:02:20.000Z,20.0,2026-10-25,2026-09-21,Tow Sign Photo,Awaiting Applicant Info,Street Space,SSP-26-06059,012Ps000005citCIAQ,Reroofing,615 LEAVENWORTH  ST,2026-09-25,2026-09-21T23:02:20.000Z,2.0,2026-10-24,2026-09-25,Not Enforceable
,2026-09-18T15:30:50.000Z,2027-03-21,a10Ps00000Ui1yQIAR,005Ps00000LEF6MIAX,2026-09-18T23:00:44.000Z,20.0,2027-03-22,2026-09-18,Active,Active,Street Space,SSP-26-06060,012Ps000005citCIAQ,Construction parking load / unload,32 SANTA ROSA  AVE,2026-09-22,2026-09-18T23:00:44.000Z,2.0,2027-03-21,2026-09-22,Enforceable
OLMEC BUILDERS INC.,2026-09-18T15:33:29.000Z,2026-11-24,a10Ps00000UiEu1IAF,0058b00000GAFCDAA5,2026-09-23T22:57:06.000Z,20.0,2026-11-25,2026-09-23,Tow Sign Photo,Awaiting Applicant Info,Street Space,SSP-26-06061,012Ps000005citCIAQ,Building Permit - Construction Staging,57 CARMELITA  ST,2026-09-25,2026-09-23T22:57:54.000Z,2.0,2026-11-24,2026-09-25,Not Enforceable
LOGICULTURE,2026-09-18T15:35:54.000Z,2026-10-24,a10Ps00000Uhv3OIAR,0058b00000GAFCDAA5,2026-09-24T00:16:04.000Z,20.0,2026-10-25,2026-09-23,Tow Sign Photo,Awaiting Applicant Info,Street Space,SSP-26-06062,012Ps000005citCIAQ,Building Maintenance,761 12TH  AVE,2026-09-25,2026-09-24T00:16:50.000Z,2.0,2026-10-24,2026-09-25,Not Enforceable
"BAXTER CONSTRUCTION, LLC",2026-09-18T15:48:34.000Z,2027-03-24,a10Ps00000UiIb3IAF,005Ps00000IzXSvIAN,2026-09-23T23:33:33.000Z,40.0,2027-03-25,2026-09-22,Active,,Street Space,SSP-26-06063,012Ps000005citCIAQ,Building Permit - Construction Staging,611 WASHINGTON  ST,2026-09-25,2026-09-23T23:33:33.000Z,3.0,2027-03-24,2026-09-25,Not Enforceable
OLCAN CONSTRUCTION INC,2026-09-18T15:49:02.000Z,2026-11-24,a10Ps00000UiInxIAF,005Ps00000LEF6MIAX,2026-09-25T16:20:09.000Z,20.0,2026-11-25,2026-09-23,Active,Active,Street Space,SSP-26-06064,012Ps000005citCIAQ,Building Permit - Construction Staging,473 CORBETT  AVE,2026-09-25,2026-09-25T16:20:09.000Z,2.0,2026-11-24,2026-09-25,Enforceable
BEST EXTERIORS CONSTRUCTION INC,2026-09-18T16:05:03.000Z,2026-10-24,a10Ps00000UiNIzIAN,0058b00000GAFCDAA5,2026-09-24T17:37:26.000Z,40.0,2026-10-25,2026-09-24,Tow Sign Photo,Awaiting Applicant Info,Street Space,SSP-26-06065,012Ps000005citCIAQ,Building Permit - Construction Staging,18 OLYMPIA  WAY,2026-09-25,2026-09-24T17:38:00.000Z,3.0,2026-10-24,2026-09-25,Not Enforceable
"BAXTER CONSTRUCTION, LLC",2026-09-18T16:22:12.000Z,2026-12-24,a10Ps00000UiRuTIAV,005Ps00000LEF6MIAX,2026-09-25T16:51:40.000Z,20.0,2026-12-25,2026-09-22,Active,Active,Street Space,SSP-26-06066,012Ps000005citCIAQ,Building Maintenance,1200 CALIFORNIA  ST,2026-09-25,2026-09-25T16:51:40.000Z,2.0,2026-12-24,2026-09-25,Enforceable
CAMARILLO IGNACIO,2026-09-18T16:40:01.000Z,2026-11-02,a10Ps00000UiWCbIAN,005Ps00000LEF6MIAX,2026-10-01T23:34:09.000Z,20.0,2026-11-03,2026-09-18,Final Review,Awaiting Applicant Info,Street Space,SSP-26-06069,012Ps000005citCIAQ,Parking,716 MONTGOMERY  ST,2026-10-03,2026-10-01T23:34:09.000Z,2.0,2026-11-02,2026-10-03,Not Enforceable
EXCELSIOR ROOFING INC,2026-09-18T16:42:49.000Z,2026-11-04,a10Ps00000UiWyzIAF,005Ps00000IxBTKIA3,2026-09-23T22:37:25.000Z,20.0,2026-11-05,2026-09-23,Tow Sign Photo,Awaiting Applicant Info,Street Space,SSP-26-06071,012Ps000005citCIAQ,loading/unloading of materials,70 GENEBERN  WAY,2026-10-05,2026-09-23T22:37:47.000Z,2.0,2026-11-04,2026-10-05,Not Enforceable
BESPOKE TAILORED CONSTRUCTION,2026-09-18T17:08:08.000Z,2026-12-24,a10Ps00000UieV7IAJ,005Ps00000IzXSvIAN,2026-09-24T22:20:27.000Z,20.0,2026-12-25,2026-09-22,Active,Active,Street Space,SSP-26-06072,012Ps000005citCIAQ,"loading/unloading materials, construction equipment, or commercial vehicles",57 OAKWOOD  ST,2026-09-25,2026-09-24T22:20:27.000Z,2.0,2026-12-24,2026-09-25,Enforceable
SCHINMAN PAINTING & CONST INC,2026-09-18T17:11:49.000Z,2026-10-21,a10Ps00000UiffhIAB,0058b00000GAFCDAA5,2026-09-18T17:28:57.000Z,20.0,2026-10-22,2026-09-18,Tow Sign Photo,Awaiting Applicant Info,Street Space,SSP-26-06074,012Ps000005citCIAQ,"Parking for workers, deliveries",220 PAGE  ST,2026-09-22,2026-09-18T17:28:57.000Z,2.0,2026-10-21,2026-09-22,Not Enforceable
WE DO CONSTRUCTION INC,2026-09-18T17:12:38.000Z,2026-10-23,a10Ps00000UifxRIAR,0058b00000GAFCDAA5,2026-09-18T17:15:03.000Z,20.0,2026-10-24,2026-09-18,Tow Sign Photo,Awaiting Applicant Info,Street Space,SSP-26-06075,012Ps000005citCIAQ,Building Permit - Construction Staging,457 OAK  ST,2026-09-24,2026-09-18T17:15:03.000Z,2.0,2026-10-23,2026-09-24,Not Enforceable
SCHINMAN PAINTING & CONST INC,2026-09-18T17:16:41.000Z,2026-10-31,a10Ps00000Uih6PIAR,0058b00000GAFCDAA5,2026-09-18T17:29:29.000Z,20.0,2026-11-01,2026-09-18,Tow Sign Photo,Awaiting Applicant Info,Street Space,SSP-26-06076,012Ps000005citCIAQ,Scaffolding for exterior painting,552 DIAMOND  ST,2026-10-01,2026-09-18T17:29:29.000Z,2.0,2026-10-31,2026-10-01,Not Enforceable
MR ROOFING INC,2026-09-18T17:18:04.000Z,2026-10-24,a10Ps00000Uihb3IAB,005Ps00000IxBTKIA3,2026-09-21T23:09:45.000Z,20.0,2026-10-25,2026-09-21,Tow Sign Photo,Awaiting Applicant Info,Street Space,SSP-26-06077,012Ps000005citCIAQ,Reroofing,1535 23RD  AVE,2026-09-25,2026-09-21T23:09:45.000Z,2.0,2026-10-24,2026-09-25,Not Enforceable
PETERSON L FREITAS SKYTRUST BUILDER,2026-09-18T17:33:04.000Z,2026-12-24,a10Ps00000Uil6nIAB,005Ps00000LEF6MIAX,2026-09-28T17:37:49.000Z,20.0,2026-12-25,2026-09-23,Active,Active,Street Space,SSP-26-06078,012Ps000005citCIAQ,"Subcontractors park the car, unload materials,",154 PIXLEY  ST,2026-09-25,2026-09-28T17:37:49.000Z,2.0,2026-12-24,2026-09-25,Enforceable
SANTA FE SCAFFOLD,2026-09-18T17:53:37.000Z,2026-10-22,a10Ps00000UipOvIAJ,0058b00000GAFCDAA5,2026-09-22T20:30:26.000Z,20.0,2026-10-23,2026-09-22,Tow Sign Photo,Awaiting Applicant Info,Street Space,SSP-26-06079,012Ps000005citCIAQ,scaffold,707 PAGE  ST,2026-09-23,2026-09-22T20:30:26.000Z,2.0,2026-10-22,2026-09-23,Not Enforceable
"DAARON BUILDERS, INC.",2026-09-18T17:59:02.000Z,2026-12-24,a10Ps00000UiVusIAF,005Ps00000IzXSvIAN,2026-09-28T16:27:55.000Z,20.0,2026-12-25,2026-09-22,Active,Active,Street Space,SSP-26-06080,012Ps000005citCIAQ,"material, porty potty, debris box  etc",358 DOLORES  ST,2026-09-25,2026-09-28T16:27:55.000Z,2.0,2026-12-24,2026-09-25,Enforceable
NORTH DREAM CONSTRUCTION INC,2026-09-18T18:07:49.000Z,2026-11-04,a10Ps00000UisbJIAR,005Ps00000IxBTKIA3,2026-09-23T00:39:58.000Z,20.0,2026-11-05,2026-09-22,Tow Sign Photo,Awaiting Applicant Info,Street Space,SSP-26-06081,012Ps000005citCIAQ,Reroofing,211 CRESCENT  AVE,2026-10-05,2026-09-23T00:39:58.000Z,2.0,2026-11-04,2026-10-05,Not Enforceable
NORTH DREAM CONSTRUCTION INC,2026-09-18T18:12:53.000Z,2026-11-11,a10Ps00000UitnVIAR,005Ps00000IxBTKIA3,2026-09-23T00:43:23.000Z,20.0,2026-11-12,2026-09-22,Tow Sign Photo,Awaiting Applicant Info,Street Space,SSP-26-06082,012Ps000005citCIAQ,Reroofing,16 COMMONWEALTH  AVE,2026-10-12,2026-09-23T00:43:23.000Z,2.0,2026-11-11,2026-10-12,Not Enforceable
TOM LEE ROOFING INC,2026-09-18T18:46:04.000Z,2026-12-01,a10Ps00000Uj2EAIAZ,0058b00000GAFCDAA5,2026-09-22T20:45:33.000Z,20.0,2026-12-02,2026-09-22,Tow Sign Photo,Awaiting Applicant Info,Street Space,SSP-26-06083,012Ps000005citCIAQ,reroofing,566 BELVEDERE  ST,2026-11-02,2026-09-22T20:45:33.000Z,2.0,2026-12-01,2026-11-02,Not Enforceable
ARTHUR NG CONSTRUCTION,2026-09-18T18:50:04.000Z,2026-12-24,a10Ps00000Uj3DNIAZ,0058b00000GAFCDAA5,2026-09-23T19:44:38.000Z,40.0,2026-12-25,2026-09-23,Tow Sign Photo,Awaiting Applicant Info,Street Space,SSP-26-06084,012Ps000005citCIAQ,Scaffolding,300 OCTAVIA  ST,2026-09-25,2026-09-23T19:45:05.000Z,3.0,2026-12-24,2026-09-25,Not Enforceable
MANNYS ROOFING INC,2026-09-18T18:50:35.000Z,2026-10-24,a10Ps00000Uj3JpIAJ,005Ps00000IxBTKIA3,2026-09-21T23:15:00.000Z,15.0,2026-10-25,2026-09-21,Tow Sign Photo,Awaiting Applicant Info,Street Space,SSP-26-06085,012Ps000005citCIAQ,Reroofing,1504 SANCHEZ  ST,2026-09-25,2026-09-21T23:15:00.000Z,2.0,2026-10-24,2026-09-25,Not Enforceable
WE DO CONSTRUCTION INC,2026-09-18T19:22:12.000Z,2027-01-23,a10Ps00000UjAy1IAF,0058b00000GAFCDAA5,2026-09-29T20:31:00.000Z,40.0,2027-01-24,2026-09-29,Tow Sign Photo,Awaiting Applicant Info,Street Space,SSP-26-06087,012Ps000005citCIAQ,PARKING,1900 15TH  AVE,2026-09-24,2026-09-29T20:32:04.000Z,3.0,2027-01-23,2026-09-24,Not Enforceable
STEVE@MOONDANCEPAINTING.COM,2026-09-18T19:31:02.000Z,2026-10-22,a10Ps00000UiyvNIAR,0058b00000GAFCDAA5,2026-09-24T18:23:17.000Z,75.0,2026-10-23,2026-09-24,Tow Sign Photo,Awaiting Applicant Info,Street Space,SSP-26-06088,012Ps000005citCIAQ,scaffolding for exterior painting of apartment complex,4715 GEARY  BLVD,2026-09-23,2026-09-24T18:24:04.000Z,5.0,2026-10-22,2026-09-23,Not Enforceable
DONIS PAINTING CORP,2026-09-18T20:01:33.000Z,2026-10-22,a10Ps00000UjJGXIA3,0058b00000GAFCDAA5,2026-09-18T20:12:54.000Z,20.0,2026-10-23,2026-09-18,Tow Sign Photo,Awaiting Applicant Info,Street Space,SSP-26-06089,012Ps000005citCIAQ,painting,2864 FOLSOM  ST,2026-09-23,2026-09-18T20:12:54.000Z,2.0,2026-10-22,2026-09-23,Not Enforceable
"APOLLO BUILDING AND ROOFING GROUP, INC.",2026-09-18T20:03:02.000Z,2026-10-21,a10Ps00000UjJejIAF,005Ps00000LEF6MIAX,2026-09-18T23:07:22.000Z,20.0,2026-10-22,2026-09-18,Active,Active,Street Space,SSP-26-06090,012Ps000005citCIAQ,parking,4312 23RD  ST,2026-09-22,2026-09-18T23:07:22.000Z,2.0,2026-10-21,2026-09-22,Enforceable
BJLGC INC,2026-09-18T20:21:59.000Z,2026-11-23,a10Ps00000Uiz1iIAB,0058b00000GAFCDAA5,2026-09-18T20:26:13.000Z,40.0,2026-11-24,2026-09-18,Tow Sign Photo,Awaiting Applicant Info,Street Space,SSP-26-06091,012Ps000005citCIAQ,Unloading and loading construction material,2610 FILBERT  ST,2026-09-24,2026-09-18T20:26:13.000Z,3.0,2026-11-23,2026-09-24,Not Enforceable
BAYTEL,2026-09-18T20:23:04.000Z,2026-10-21,a10Ps00000UjNLlIAN,005Ps00000Wk9gzIAB,2026-10-03T17:17:23.000Z,,2026-10-22,2026-09-21,Final Review,Pending,Street Space,SSP-26-06092,012Ps000005citCIAQ,Paint,199 TIFFANY  AVE,2026-09-22,2026-10-03T17:17:23.000Z,2.0,2026-10-21,2026-09-22,Not Enforceable
PRO ROOFING MAINTENANCE INC,2026-09-18T20:26:36.000Z,2026-10-21,a10Ps00000UjKfgIAF,0058b00000GAFCDAA5,2026-09-23T17:31:09.000Z,67.0,2026-10-22,2026-09-23,Tow Sign Photo,Awaiting Applicant Info,Street Space,SSP-26-06093,012Ps000005citCIAQ,trucks for work,2427 GREEN  ST,2026-09-22,2026-09-23T17:31:58.000Z,6.0,2026-10-21,2026-09-22,Not Enforceable
FDC CONSTRUCTION INC,2026-09-18T20:27:18.000Z,2026-10-23,a10Ps00000UjHUsIAN,005Ps00000IzXSvIAN,2026-09-23T17:18:03.000Z,20.0,2026-10-24,2026-09-22,Active,Active,Street Space,SSP-26-06094,012Ps000005citCIAQ,Building Maintenance,111 PAGE  ST,2026-09-24,2026-09-23T17:18:03.000Z,2.0,2026-10-23,2026-09-24,Enforceable
MAXWELL M GHOBADI,2026-09-18T20:46:59.000Z,2026-10-19,a10Ps00000UjS3hIAF,0058b00000GAFCDAA5,2026-09-18T20:51:25.000Z,20.0,2026-10-20,2026-09-18,Tow Sign Photo,Awaiting Applicant Info,Street Space,SSP-26-06096,012Ps000005citCIAQ,Parking for new construction project,3532 17TH  ST,2026-09-20,2026-09-18T20:51:25.000Z,2.0,2026-10-19,2026-09-20,Not Enforceable
MAGIC BRUSH INC,2026-09-18T21:34:37.000Z,2026-10-28,a10Ps00000UjZbRIAV,005Ps00000LEF6MIAX,2026-09-25T18:57:23.000Z,20.0,2026-10-29,2026-09-21,Active,Active,Street Space,SSP-26-06097,012Ps000005citCIAQ,company van parking,2562 GREEN  ST,2026-09-29,2026-09-25T18:57:23.000Z,2.0,2026-10-28,2026-09-29,Enforceable
MOROSO CONSTRUCTION INC,2026-09-18T21:37:42.000Z,2027-03-27,a10Ps00000UjZzdIAF,005Ps00000LEF6MIAX,2026-10-02T22:29:28.000Z,115.0,2027-03-28,2026-09-23,Final Review,Awaiting Applicant Info,Street Space,SSP-26-06098,012Ps000005citCIAQ,For parking and staging during interior remodel process of 2457 Bay St,2457 BAY  ST,2026-09-28,2026-10-02T22:29:28.000Z,8.0,2027-03-27,2026-09-28,Not Enforceable
EXCELSIOR ROOFING INC,2026-09-18T21:41:24.000Z,2026-11-05,a10Ps00000UjaSfIAJ,0058b00000GAFCDAA5,2026-09-18T22:23:51.000Z,20.0,2026-11-06,2026-09-18,Tow Sign Photo,Awaiting Applicant Info,Street Space,SSP-26-06099,012Ps000005citCIAQ,loading/unloading of materials.,2231 42ND  AVE,2026-10-06,2026-09-18T22:23:51.000Z,2.0,2026-11-05,2026-10-06,Not Enforceable
GGD INC,2026-09-18T21:47:37.000Z,2027-04-09,a10Ps00000UjZI8IAN,0058b00000GAFCDAA5,2026-09-22T15:58:21.000Z,44.0,2027-04-10,2026-09-22,Tow Sign Photo,Awaiting Applicant Info,Street Space,SSP-26-06100,012Ps000005citCIAQ,Material drop off,9 25TH NORTH AVE,2026-10-10,2026-09-22T15:58:21.000Z,4.0,2027-04-09,2026-10-10,Not Enforceable
LUIS VIRGEN,2026-09-18T22:15:27.000Z,2026-10-30,a10Ps00000Ujew5IAB,0058b00000GAFCDAA5,2026-09-22T02:07:44.000Z,25.0,2026-10-31,2026-09-21,Tow Sign Photo,Awaiting Applicant Info,Street Space,SSP-26-06101,012Ps000005citCIAQ,Scaffold and painting,581 BELVEDERE  ST,2026-09-30,2026-09-22T02:07:44.000Z,3.0,2026-10-30,2026-09-30,Not Enforceable
YK MASON & SONS INC,2026-09-18T22:27:40.000Z,2026-10-22,a10Ps00000UjgRdIAJ,0058b00000GAFCDAA5,2026-09-21T22:43:23.000Z,20.0,2026-10-23,2026-09-21,Tow Sign Photo,Awaiting Applicant Info,Street Space,SSP-26-06102,012Ps000005citCIAQ,Scaffolding in front and parking space in front.  Need both no-parking signs and placard.,325 LAWTON  ST,2026-09-23,2026-09-21T22:43:23.000Z,2.0,2026-10-22,2026-09-23,Not Enforceable
EVEREST WATERPROOFING,2026-09-18T23:29:21.000Z,2026-10-27,a10Ps00000UjoKLIAZ,0058b00000GAFCDAA5,2026-09-22T16:02:13.000Z,20.0,2026-10-28,2026-09-22,Tow Sign Photo,Awaiting Applicant Info,Street Space,SSP-26-06104,012Ps000005citCIAQ,parking,1740 FRANKLIN  ST,2026-09-28,2026-09-22T16:02:54.000Z,2.0,2026-10-27,2026-09-28,Not Enforceable
GATEWAY ROOFING & WATERPRG INC,2026-09-18T23:56:21.000Z,2026-10-21,a10Ps00000UjqPNIAZ,0058b00000GAFCDAA5,2026-09-21T21:15:26.000Z,20.0,2026-10-22,2026-09-21,Tow Sign Photo,Awaiting Applicant Info,Street Space,SSP-26-06105,012Ps000005citCIAQ,Street space for re-roofing work,936 YORK  ST,2026-09-22,2026-09-21T21:15:26.000Z,2.0,2026-10-21,2026-09-22,Not Enforceable
BRIAN LEEN,2026-09-19T17:26:34.000Z,2026-10-22,a10Ps00000UksKKIAZ,0058b00000GAFCDAA5,2026-09-21T22:03:55.000Z,20.0,2026-10-23,2026-09-21,Tow Sign Photo,Awaiting Applicant Info,Street Space,SSP-26-06107,012Ps000005citCIAQ,Loading and unloading of materials.,570 JERSEY  ST,2026-09-23,2026-09-21T22:03:55.000Z,2.0,2026-10-22,2026-09-23,Not Enforceable
BRENDAN WATERS CONSTRUCTION IN,2026-09-19T19:45:15.000Z,2026-10-22,a10Ps00000Ul2czIAB,005Ps00000LEF6MIAX,2026-09-28T15:29:33.000Z,20.0,2026-10-23,2026-09-21,Active,Active,Street Space,SSP-26-06108,012Ps000005citCIAQ,Construction parking,38 CAMP  ST,2026-09-23,2026-09-28T15:29:33.000Z,2.0,2026-10-22,2026-09-23,Enforceable
THREE KINGS CONSTRUCTION LLC,2026-09-19T20:53:36.000Z,2026-10-20,a10Ps00000Ul6yLIAR,005Ps00000IzXSvIAN,2026-09-22T23:43:55.000Z,25.0,2026-10-21,2026-09-22,Active,Active,Street Space,SSP-26-06109,012Ps000005citCIAQ,DBI BPA - Construction Staging,2208 SUTTER  ST,2026-09-21,2026-09-22T23:43:55.000Z,3.0,2026-10-20,2026-09-21,Enforceable
DOWLER CIARAN FRANCIS,2026-09-20T22:03:22.000Z,2026-10-23,a10Ps00000UmJv7IAF,005Ps00000IzXSvIAN,2026-09-22T22:27:21.000Z,20.0,2026-10-24,2026-09-21,Active,Active,Street Space,SSP-26-06110,012Ps000005citCIAQ,Truck Parking,2397 DIAMOND  ST,2026-09-24,2026-09-22T22:27:21.000Z,2.0,2026-10-23,2026-09-24,Enforceable
AMBER-TRU CONSTRUCTION INC,2026-09-21T00:17:26.000Z,2026-10-20,a10Ps00000UmR1RIAV,005Ps00000LEF6MIAX,2026-09-29T15:37:24.000Z,20.0,2026-10-21,2026-09-21,Active,Active,Street Space,SSP-26-06111,012Ps000005citCIAQ,DBI BPA - Construction Staging,244 16TH  AVE,2026-09-21,2026-09-29T15:37:24.000Z,2.0,2026-10-20,2026-09-21,Enforceable
,2026-09-21T01:53:18.000Z,2026-10-27,a10Ps00000UmWIrIAN,005Ps00000IzXSvIAN,2026-09-23T23:40:35.000Z,20.0,2026-10-28,2026-09-22,Active,Active,Street Space,SSP-26-06112,012Ps000005citCIAQ,Scaffolding and rebuild backyard egress stairs per permit #202512121707,3359 21ST  ST,2026-09-28,2026-09-23T23:40:35.000Z,2.0,2026-10-27,2026-09-28,Enforceable
,2026-09-21T08:35:46.000Z,2026-11-23,a10Ps00000Un4yrIAB,0058b00000GAFCDAA5,2026-09-22T22:12:55.000Z,25.0,2026-11-24,2026-09-22,Tow Sign Photo,Awaiting Applicant Info,Street Space,SSP-26-06113,012Ps000005citCIAQ,DBI BPA – Construction Staging,254 AVILA  ST,2026-09-24,2026-09-22T22:12:55.000Z,3.0,2026-11-23,2026-09-24,Not Enforceable
"WINDER CONSTRUCTION, INC.",2026-09-21T13:36:26.000Z,2026-11-26,a10Ps00000Uo3RFIAZ,0058b00000GAFCDAA5,2026-09-21T17:04:36.000Z,20.0,2026-11-27,2026-09-21,Tow Sign Photo,Awaiting Applicant Info,Street Space,SSP-26-06114,012Ps000005citCIAQ,construction,640 PANORAMA  DR,2026-09-27,2026-09-21T17:04:36.000Z,2.0,2026-11-26,2026-09-27,Not Enforceable
SANDBANK CONSTRUCTION INC.,2026-09-21T15:41:15.000Z,2026-12-24,a10Ps00000UolNRIAZ,0058b00000GAFCDAA5,2026-09-24T19:30:58.000Z,20.0,2026-12-25,2026-09-24,Tow Sign Photo,Awaiting Applicant Info,Street Space,SSP-26-06115,012Ps000005citCIAQ,Parking for work vehicle,1290 GROVE  ST,2026-09-25,2026-09-24T19:32:10.000Z,2.0,2026-12-24,2026-09-25,Not Enforceable
NOVA DESIGNS BUILDS INC,2026-09-21T16:04:49.000Z,2026-10-27,a10Ps00000UosojIAB,005Ps00000LEF6MIAX,2026-09-29T16:16:35.000Z,20.0,2026-10-28,2026-09-22,Active,Active,Street Space,SSP-26-06117,012Ps000005citCIAQ,Scaffolding to repaint front facade.,3150 24TH  ST,2026-09-28,2026-09-29T16:16:35.000Z,2.0,2026-10-27,2026-09-28,Enforceable
C & J'S CUSTOM BUILDS INC,2026-09-21T16:19:59.000Z,2026-10-26,a10Ps00000Uoy69IAB,005Ps00000LEF6MIAX,2026-09-29T15:40:27.000Z,36.0,2026-10-27,2026-09-21,Active,Active,Street Space,SSP-26-06119,012Ps000005citCIAQ,Parking,1207 11TH  AVE,2026-09-27,2026-09-29T15:40:27.000Z,3.0,2026-10-26,2026-09-27,Enforceable
PATTANI CONSTRUCTION COMPANY,2026-09-21T17:03:21.000Z,2026-11-27,a10Ps00000UpADlIAN,005Ps00000LEF6MIAX,2026-09-25T23:19:28.000Z,25.0,2026-11-28,2026-09-22,Active,Active,Street Space,SSP-26-06121,012Ps000005citCIAQ,loading/unloading of materials,1346 ALABAMA  ST,2026-09-28,2026-09-25T23:19:28.000Z,3.0,2026-11-27,2026-09-28,Enforceable
CMA DEVELOPMENT INC.,2026-09-21T17:25:00.000Z,2027-03-23,a10Ps00000UoyXaIAJ,005Ps00000IzXSvIAN,2026-09-23T18:28:01.000Z,20.0,2027-03-24,2026-09-21,Active,Active,Street Space,SSP-26-06122,012Ps000005citCIAQ,Construction site car parking and construction site material delivery area.,210 LAIDLEY  ST,2026-09-24,2026-09-23T18:28:01.000Z,2.0,2027-03-23,2026-09-24,Enforceable
LOVE PAINTING PC,2026-09-21T17:28:12.000Z,2026-11-18,a10Ps00000UpHrxIAF,0058b00000GAFCDAA5,2026-09-25T20:00:49.000Z,25.0,2026-11-19,2026-09-25,Tow Sign Photo,Awaiting Applicant Info,Street Space,SSP-26-06123,012Ps000005citCIAQ,Scaffolding and exterior painting,707 CAPP  ST,2026-10-19,2026-09-25T20:00:53.000Z,3.0,2026-11-18,2026-10-19,Not Enforceable
E B GILMORE & SONS M S INC,2026-09-21T17:54:22.000Z,2026-12-31,a10Ps00000UpK8IIAV,005Ps00000LEF6MIAX,2026-10-01T20:58:25.000Z,20.0,2027-01-01,2026-09-21,Active,Active,Street Space,SSP-26-06125,012Ps000005citCIAQ,Exterior Painting,2472 UNION  ST,2026-10-01,2026-10-01T20:58:25.000Z,2.0,2026-12-31,2026-10-01,Enforceable
BROADWAY DESIGN BUILD,2026-09-21T18:01:37.000Z,2027-03-27,a10Ps00000UopFmIAJ,0058b00000GAFCDAA5,2026-09-21T18:36:12.000Z,25.0,2027-03-28,2026-09-21,Tow Sign Photo,Awaiting Applicant Info,Street Space,SSP-26-06126,012Ps000005citCIAQ,Construction parking,144 CENTRAL  AVE,2026-09-28,2026-09-21T18:36:12.000Z,3.0,2027-03-27,2026-09-28,Not Enforceable
TIKAL PAINTING CORP,2026-09-21T18:36:26.000Z,2026-11-24,a10Ps00000UpcErIAJ,0058b00000GAFCDAA5,2026-09-21T19:10:27.000Z,20.0,2026-11-25,2026-09-21,Tow Sign Photo,Awaiting Applicant Info,Street Space,SSP-26-06127,012Ps000005citCIAQ,scaffolding,3631 21ST  ST,2026-09-25,2026-09-21T19:10:27.000Z,2.0,2026-11-24,2026-09-25,Not Enforceable
VAN ACKER CONSTRUCTION ASSOC,2026-09-21T18:40:33.000Z,2026-11-29,a10Ps00000UpdKbIAJ,005Ps00000LEF6MIAX,2026-09-28T17:39:19.000Z,40.0,2026-11-30,2026-09-22,Active,Active,Street Space,SSP-26-06128,012Ps000005citCIAQ,Interior cosmetic repairs,16 SPRUCE  ST,2026-09-30,2026-09-28T17:39:19.000Z,3.0,2026-11-29,2026-09-30,Enforceable
ANGELES GARCIA ROOFING INC,2026-09-21T18:48:09.000Z,2026-10-28,a10Ps00000UpfB7IAJ,0058b00000GAFCDAA5,2026-09-22T20:38:43.000Z,20.0,2026-10-29,2026-09-22,Tow Sign Photo,Awaiting Applicant Info,Street Space,SSP-26-06129,012Ps000005citCIAQ,Carrying up roofing materials (asphalt shingles) and hauling down debris from the existing roof,1959 PINE  ST,2026-09-29,2026-09-22T20:38:43.000Z,2.0,2026-10-28,2026-09-29,Not Enforceable
SHIMMICK CONSTRUCTION CO INC,2026-09-21T19:43:57.000Z,2027-03-27,a10Ps00000UptqnIAB,005Ps00000IzXSvIAN,2026-09-28T16:29:06.000Z,40.0,2027-03-28,2026-09-23,Active,Active,Street Space,SSP-26-06131,012Ps000005citCIAQ,"Occupy 2 parking spaces each on either side of the PRGC yard gate with K-rail, to improve traffic visibility for vehicles while entering and exiting the yard.",520 JOHN MUIR  DR,2026-09-28,2026-09-28T16:29:06.000Z,3.0,2027-03-27,2026-09-28,Enforceable
LUXURY CONSTRUCTION LLC,2026-09-21T20:37:34.000Z,2026-10-27,a10Ps00000UpvB6IAJ,0058b00000GAFCDAA5,2026-09-22T21:46:36.000Z,20.0,2026-10-28,2026-09-22,Tow Sign Photo,Awaiting Applicant Info,Street Space,SSP-26-06133,012Ps000005citCIAQ,loading materials.,234 10TH  AVE,2026-09-28,2026-09-22T21:46:36.000Z,2.0,2026-10-27,2026-09-28,Not Enforceable
HAUSWERKS CONSTRUCTION INC.,2026-09-21T20:42:10.000Z,2026-11-27,a10Ps00000UpwgdIAB,005Ps00000LEF6MIAX,2026-09-30T15:16:38.000Z,50.0,2026-11-28,2026-09-23,Active,Active,Street Space,SSP-26-06134,012Ps000005citCIAQ,Parking vehicles and receiving deliveries,1868 LOMBARD  ST,2026-09-28,2026-09-30T15:16:38.000Z,4.0,2026-11-27,2026-09-28,Enforceable
KERLEY CONSTRUCTION INC,2026-09-21T21:06:23.000Z,2026-11-27,a10Ps00000UqB4XIAV,005Ps00000IzXSvIAN,2026-09-23T18:02:46.000Z,20.0,2026-11-28,2026-09-22,Active,Active,Street Space,SSP-26-06135,012Ps000005citCIAQ,parking,2848 WASHINGTON  ST,2026-09-28,2026-09-23T18:02:46.000Z,2.0,2026-11-27,2026-09-28,Enforceable
COOK GENERAL CONTRACTOR INC,2026-09-21T21:19:15.000Z,2026-10-26,a10Ps00000UqDEPIA3,0058b00000GAFCDAA5,2026-09-26T08:10:17.000Z,50.0,2026-10-27,2026-09-26,Tow Sign Photo,Awaiting Applicant Info,Street Space,SSP-26-06136,012Ps000005citCIAQ,Construction,3777 22ND  ST,2026-09-27,2026-09-26T08:10:46.000Z,6.0,2026-10-26,2026-09-27,Not Enforceable
HOUSEWORKS ENTERPRISES INC,2026-09-21T21:39:07.000Z,2026-10-27,a10Ps00000UqGPBIA3,0058b00000GAFCDAA5,2026-09-22T17:45:56.000Z,20.0,2026-10-28,2026-09-22,Tow Sign Photo,Awaiting Applicant Info,Street Space,SSP-26-06137,012Ps000005citCIAQ,Portable toilet,826 DIAMOND  ST,2026-09-28,2026-09-22T17:45:56.000Z,2.0,2026-10-27,2026-09-28,Not Enforceable
ANGELES GARCIA ROOFING INC,2026-09-21T21:54:07.000Z,2026-10-28,a10Ps00000UqIcHIAV,0058b00000GAFCDAA5,2026-09-22T17:28:34.000Z,20.0,2026-10-29,2026-09-22,Tow Sign Photo,Awaiting Applicant Info,Street Space,SSP-26-06138,012Ps000005citCIAQ,Carrying up roofing materials (roofing membrane) and hauling down debris from the existing roof,1618 21ST  AVE,2026-09-29,2026-09-22T17:28:34.000Z,2.0,2026-10-28,2026-09-29,Not Enforceable
EASTWOOD DEVELOPMENT INC,2026-09-21T21:58:03.000Z,2026-10-24,a10Ps00000UqI7gIAF,005Ps00000IzXSvIAN,2026-09-22T23:43:06.000Z,20.0,2026-10-25,2026-09-22,Active,Active,Street Space,SSP-26-06139,012Ps000005citCIAQ,"Scaffolding and debris containers to support permitted roof deck repair, roofing and waterproofing work.",1156 DOLORES  ST,2026-09-25,2026-09-22T23:43:06.000Z,2.0,2026-10-24,2026-09-25,Enforceable
JON K TAKATA CORPORATION,2026-09-21T22:01:05.000Z,2026-10-23,a10Ps00000UqJgPIAV,005Ps00000LEF6MIAX,2026-09-25T18:03:20.000Z,40.0,2026-10-24,2026-09-21,Final Review,Awaiting Applicant Info,Street Space,SSP-26-06140,012Ps000005citCIAQ,Parking,535 STOCKTON  ST,2026-09-24,2026-09-25T18:03:20.000Z,3.0,2026-10-23,2026-09-24,Not Enforceable
VIRGILIO LEGARTE,2026-09-21T22:19:48.000Z,2026-11-27,a10Ps00000UqM1ZIAV,005Ps00000LEF6MIAX,2026-09-25T15:26:44.000Z,20.0,2026-11-28,2026-09-22,Active,Active,Street Space,SSP-26-06141,012Ps000005citCIAQ,street parking,1242 10TH  AVE,2026-09-28,2026-09-25T15:26:44.000Z,2.0,2026-11-27,2026-09-28,Enforceable
MN CONSTRUCTION INC,2026-09-21T22:32:07.000Z,2027-01-04,a10Ps00000UqNvJIAV,0058b00000GAFCDAA5,2026-09-22T23:13:03.000Z,40.0,2027-01-05,2026-09-22,Tow Sign Photo,Awaiting Applicant Info,Street Space,SSP-26-06143,012Ps000005citCIAQ,"Portable Toilet, Construction Staging, Subcontractor Parking, Loading & Unloading, Etc.",1301 GUERRERO  ST,2026-10-05,2026-09-22T23:13:03.000Z,3.0,2027-01-04,2026-10-05,Not Enforceable
ALL PRO PAINTING SERVICES INC,2026-09-21T22:33:03.000Z,2026-10-27,a10Ps00000UqOHtIAN,005Ps00000IzXSvIAN,2026-09-28T16:30:00.000Z,20.0,2026-10-28,2026-09-24,Active,Active,Street Space,SSP-26-06144,012Ps000005citCIAQ,exterior of the building will be painted,2448 CLAY  ST,2026-09-28,2026-09-28T16:30:00.000Z,2.0,2026-10-27,2026-09-28,Enforceable
WONG YIU FOR,2026-09-21T22:43:37.000Z,2026-10-27,a10Ps00000UqPqfIAF,005Ps00000LEF6MIAX,2026-09-24T16:58:17.000Z,20.0,2026-10-28,2026-09-22,Active,Active,Street Space,SSP-26-06145,012Ps000005citCIAQ,Scaffolding,566 21ST  AVE,2026-09-28,2026-09-24T16:58:17.000Z,2.0,2026-10-27,2026-09-28,Enforceable
HOSEIN N RAD,2026-09-21T23:37:52.000Z,2026-10-26,a10Ps00000UqRviIAF,0058b00000GAFCDAA5,2026-09-22T17:55:15.000Z,20.0,2026-10-27,2026-09-22,Tow Sign Photo,Awaiting Applicant Info,Street Space,SSP-26-06147,012Ps000005citCIAQ,parking one car in front of property during construction,211 DIVISADERO  ST,2026-09-27,2026-09-22T17:55:15.000Z,2.0,2026-10-26,2026-09-27,Not Enforceable
YK MASON & SONS INC,2026-09-21T23:59:05.000Z,2026-11-11,a10Ps00000UqS6qIAF,0058b00000GAFCDAA5,2026-09-22T19:40:01.000Z,20.0,2026-11-12,2026-09-22,Tow Sign Photo,Awaiting Applicant Info,Street Space,SSP-26-06149,012Ps000005citCIAQ,Scaffolding in front and parking space in front.  Need both no-parking signs and placard.,2056 BUSH  ST,2026-10-12,2026-09-22T19:40:01.000Z,2.0,2026-11-11,2026-10-12,Not Enforceable
YK MASON & SONS INC,2026-09-22T00:04:01.000Z,2026-11-18,a10Ps00000UqZA5IAN,0058b00000GAFCDAA5,2026-09-22T19:37:58.000Z,20.0,2026-11-19,2026-09-22,Tow Sign Photo,Awaiting Applicant Info,Street Space,SSP-26-06150,012Ps000005citCIAQ,Scaffolding in front and parking space in front.  Need both no-parking signs and placard.,124 LOWER  TER,2026-10-19,2026-09-22T19:37:58.000Z,2.0,2026-11-18,2026-10-19,Not Enforceable
YK MASON & SONS INC,2026-09-22T00:09:27.000Z,2026-10-30,a10Ps00000UqZV3IAN,0058b00000GAFCDAA5,2026-09-22T19:35:35.000Z,20.0,2026-10-31,2026-09-22,Tow Sign Photo,Awaiting Applicant Info,Street Space,SSP-26-06151,012Ps000005citCIAQ,Scaffolding in front and parking space in front.  Need both no-parking signs and placard.,986 FILBERT  ST,2026-09-30,2026-09-22T19:35:35.000Z,2.0,2026-10-30,2026-09-30,Not Enforceable
,2026-09-22T03:44:52.000Z,2026-10-27,a10Ps00000UqnbFIAR,0058b00000GAFCDAA5,2026-09-23T03:21:05.000Z,20.0,2026-10-28,2026-09-22,Tow Sign Photo,Awaiting Applicant Info,Street Space,SSP-26-06152,012Ps000005citCIAQ,Install scaffolding for painting a house,1915 HYDE  ST,2026-09-28,2026-09-23T03:21:05.000Z,2.0,2026-10-27,2026-09-28,Not Enforceable
"ARCLINE DEVELOPMENT, INC.",2026-09-22T04:14:58.000Z,2027-03-27,a10Ps00000UqphtIAB,0058b00000GAFCDAA5,2026-09-23T03:38:25.000Z,20.0,2027-03-28,2026-09-22,Tow Sign Photo,Awaiting Applicant Info,Street Space,SSP-26-06153,012Ps000005citCIAQ,loading/unloading of materials and staging of equipment. concrete truck,627 SANTIAGO  ST,2026-09-28,2026-09-23T03:38:25.000Z,2.0,2027-03-27,2026-09-28,Not Enforceable
"ARCLINE DEVELOPMENT, INC.",2026-09-22T04:27:12.000Z,2027-03-27,a10Ps00000UqqsTIAR,0058b00000GAFCDAA5,2026-09-23T03:38:26.000Z,20.0,2027-03-28,2026-09-22,Tow Sign Photo,Awaiting Applicant Info,Street Space,SSP-26-06154,012Ps000005citCIAQ,loading/unloading of materials and staging of equipment. garbage truck,1467 23RD  AVE,2026-09-28,2026-09-23T03:38:26.000Z,2.0,2027-03-27,2026-09-28,Not Enforceable
"ARCLINE DEVELOPMENT, INC.",2026-09-22T04:43:36.000Z,2027-03-27,a10Ps00000UqfSYIAZ,0058b00000GAFCDAA5,2026-09-23T03:38:25.000Z,20.0,2027-03-28,2026-09-22,Tow Sign Photo,Awaiting Applicant Info,Street Space,SSP-26-06155,012Ps000005citCIAQ,loading/unloading of materials and staging of equipment and garbage truck,25 CLAREMONT  BLVD,2026-09-28,2026-09-23T03:38:25.000Z,2.0,2027-03-27,2026-09-28,Not Enforceable
LEV INGMAN,2026-09-22T16:12:04.000Z,2026-11-25,a10Ps00000UuJbNIAV,005Ps00000LEF6MIAX,2026-09-25T22:32:23.000Z,20.0,2026-11-26,2026-09-22,Active,Active,Street Space,SSP-26-06157,012Ps000005citCIAQ,Construction parking,3638 18TH  ST,2026-09-26,2026-09-25T22:32:23.000Z,2.0,2026-11-25,2026-09-26,Enforceable
MOROSO CONSTRUCTION INC,2026-09-22T16:53:05.000Z,2027-04-06,a10Ps00000UuVRFIA3,005Ps00000LEF6MIAX,2026-10-02T22:32:41.000Z,132.0,2027-04-07,2026-09-23,Active,Active,Street Space,SSP-26-06159,012Ps000005citCIAQ,"Contractor parking, delivery zone, debris bin placement",101 WALNUT  ST,2026-10-07,2026-10-02T22:32:41.000Z,9.0,2027-04-06,2026-10-07,Not Enforceable
TOM LEE ROOFING INC,2026-09-22T16:55:23.000Z,2026-11-25,a10Ps00000UuWQXIA3,005Ps00000IxBTKIA3,2026-10-03T00:29:57.000Z,20.0,2026-11-26,2026-10-02,Final Review,Pending,Street Space,SSP-26-06160,012Ps000005citCIAQ,reroofing,2342 21ST  AVE,2026-10-26,2026-10-03T00:29:57.000Z,2.0,2026-11-25,2026-10-26,Not Enforceable
SF CROWN ROOFING INC,2026-09-22T16:55:31.000Z,2026-11-02,a10Ps00000UuWS9IAN,005Ps00000LEF6MIAX,2026-09-28T21:14:36.000Z,20.0,2026-11-03,2026-09-23,Active,Active,Street Space,SSP-26-06161,012Ps000005citCIAQ,park work vehicles,58 02ND  ST,2026-10-03,2026-09-28T21:14:36.000Z,2.0,2026-11-02,2026-10-03,Enforceable
LAU COMSTRUCTION LLC,2026-09-22T17:22:29.000Z,2026-12-25,a10Ps00000UueW9IAJ,0058b00000GAFCDAA5,2026-09-22T17:53:15.000Z,20.0,2026-12-26,2026-09-22,Tow Sign Photo,Awaiting Applicant Info,Street Space,SSP-26-06162,012Ps000005citCIAQ,Contractor Parking,2950 CLAY  ST,2026-09-26,2026-09-22T17:53:15.000Z,2.0,2026-12-25,2026-09-26,Not Enforceable
"EAG STUDIO, INC.",2026-09-22T17:28:50.000Z,2026-12-24,a10Ps00000Uug9lIAB,0058b00000GAFCDAA5,2026-09-22T17:37:05.000Z,33.0,2026-12-25,2026-09-22,Tow Sign Photo,Awaiting Applicant Info,Street Space,SSP-26-06163,012Ps000005citCIAQ,Contractor parking and material/tools/debris loading/unloading.,831 27TH  ST,2026-09-25,2026-09-22T17:37:05.000Z,3.0,2026-12-24,2026-09-25,Not Enforceable
SKY ROOF INC,2026-09-22T17:40:26.000Z,2026-10-31,a10Ps00000UuiujIAB,0058b00000GAFCDAA5,2026-09-30T16:50:58.000Z,25.0,2026-11-01,2026-09-30,Tow Sign Photo,Awaiting Applicant Info,Street Space,SSP-26-06165,012Ps000005citCIAQ,Work/dump truck,356 PRECITA  AVE,2026-10-01,2026-09-30T16:50:58.000Z,3.0,2026-10-31,2026-10-01,Not Enforceable
ROBERTS SETH C,2026-09-22T18:15:38.000Z,2027-03-30,a10Ps00000UutQLIAZ,005Ps00000LEF6MIAX,2026-09-25T23:21:10.000Z,10.0,2027-03-31,2026-09-22,Active,Active,Street Space,SSP-26-06166,012Ps000005citCIAQ,construction parking,1033 BROADWAY,2026-09-30,2026-09-25T23:21:10.000Z,2.0,2027-03-30,2026-09-30,Enforceable
K2 BUILDERS INC,2026-09-22T19:41:58.000Z,2027-01-04,a10Ps00000UvFp3IAF,0058b00000GAFCDAA5,2026-09-23T23:36:30.000Z,30.0,2027-01-05,2026-09-23,Tow Sign Photo,Awaiting Applicant Info,Street Space,SSP-26-06168,012Ps000005citCIAQ,Parking construction vehicles & unloading of project materials,2770 GREEN  ST,2026-10-05,2026-09-23T23:36:57.000Z,3.0,2027-01-04,2026-10-05,Not Enforceable
,2026-09-22T20:27:10.000Z,2026-11-23,a10Ps00000UvR3pIAF,005Ps00000LEF6MIAX,2026-09-25T23:22:12.000Z,40.0,2026-11-24,2026-09-23,Active,Active,Street Space,SSP-26-06169,012Ps000005citCIAQ,Construction crew parking,2384 FULTON  ST,2026-09-24,2026-09-25T23:22:12.000Z,4.0,2026-11-23,2026-09-24,Enforceable
HARRY RUSSELL MURPHY,2026-09-22T20:27:26.000Z,2026-10-23,a10Ps00000UvRAHIA3,0058b00000GAFCDAA5,2026-09-22T20:29:59.000Z,20.0,2026-10-24,2026-09-22,Tow Sign Photo,Awaiting Applicant Info,Street Space,SSP-26-06170,012Ps000005citCIAQ,Loading and un;loading materials,237 GRATTAN  ST,2026-09-24,2026-09-22T20:29:59.000Z,2.0,2026-10-23,2026-09-24,Not Enforceable
FAITHFUL FOOLS STREET MINISTRY,2026-09-22T20:40:06.000Z,2026-10-27,a10Ps00000UvEEgIAN,005Ps00000LEF6MIAX,2026-10-02T19:14:28.000Z,20.0,2026-10-28,2026-09-22,Active,Active,Street Space,SSP-26-06171,012Ps000005citCIAQ,Contractor's truck,222 HYDE  ST,2026-09-28,2026-10-02T19:14:28.000Z,2.0,2026-10-27,2026-09-28,Not Enforceable
ATRISCO CONSTRUCTION,2026-09-22T21:16:51.000Z,2026-12-27,a10Ps00000UvbxdIAB,0058b00000GAFCDAA5,2026-09-22T22:48:26.000Z,40.0,2026-12-28,2026-09-22,Tow Sign Photo,Awaiting Applicant Info,Street Space,SSP-26-06174,012Ps000005citCIAQ,Dump box parking,501 CRESCENT  AVE,2026-09-28,2026-09-22T22:48:26.000Z,3.0,2026-12-27,2026-09-28,Not Enforceable
FLORES RICHARD A,2026-09-22T21:17:12.000Z,2026-11-27,a10Ps00000UvPq2IAF,005Ps00000IzQsrIAF,2026-09-22T21:25:59.000Z,20.0,2026-11-28,2026-09-22,Tow Sign Photo,Awaiting Applicant Info,Street Space,SSP-26-06175,012Ps000005citCIAQ,parking for truck during construction,3210 GOUGH  ST,2026-09-28,2026-09-22T21:25:59.000Z,2.0,2026-11-27,2026-09-28,Not Enforceable
,2026-09-22T21:47:52.000Z,2026-11-07,a10Ps00000UvhOjIAJ,0058b00000GAFCDAA5,2026-09-22T21:53:40.000Z,24.0,2026-11-08,2026-09-22,Tow Sign Photo,Awaiting Applicant Info,Street Space,SSP-26-06177,012Ps000005citCIAQ,Faciitate trailers to remove debris to quaified debris recycle centers for drywall waste and allow delivery of new materials to job site,949 YORK  ST,2026-10-08,2026-09-22T21:53:40.000Z,3.0,2026-11-07,2026-10-08,Not Enforceable
,2026-09-22T21:53:24.000Z,2026-12-27,a10Ps00000UviUTIAZ,0058b00000GAFCDAA5,2026-09-22T22:17:01.000Z,20.0,2026-12-28,2026-09-22,Tow Sign Photo,Awaiting Applicant Info,Street Space,SSP-26-06178,012Ps000005citCIAQ,Parking Contractor,2774 BRYANT  ST,2026-09-28,2026-09-22T22:17:01.000Z,2.0,2026-12-27,2026-09-28,Not Enforceable
CMA DEVELOPMENT INC.,2026-09-22T22:06:46.000Z,2027-03-27,a10Ps00000UvkMbIAJ,0058b00000GAFCDAA5,2026-09-23T17:05:40.000Z,20.0,2027-03-28,2026-09-23,Tow Sign Photo,Awaiting Applicant Info,Street Space,SSP-26-06179,012Ps000005citCIAQ,Street staging for loading and unloading construction equipment for renovation,687 12TH  AVE,2026-09-28,2026-09-23T17:05:40.000Z,2.0,2027-03-27,2026-09-28,Not Enforceable
SURE ROOFING SYSTEMS INC,2026-09-22T22:14:17.000Z,2026-10-27,a10Ps00000Uvlk5IAB,005Ps00000LEF6MIAX,2026-09-25T15:27:22.000Z,20.0,2026-10-28,2026-09-23,Active,Active,Street Space,SSP-26-06180,012Ps000005citCIAQ,Parking for company vehicles,1475 28TH  AVE,2026-09-28,2026-09-25T15:27:22.000Z,2.0,2026-10-27,2026-09-28,Enforceable
MR ROOFING INC,2026-09-22T22:18:39.000Z,2026-11-04,a10Ps00000UvmTFIAZ,0058b00000GAFCDAA5,2026-09-23T21:48:58.000Z,20.0,2026-11-05,2026-09-23,Tow Sign Photo,Awaiting Applicant Info,Street Space,SSP-26-06181,012Ps000005citCIAQ,park work trucks with work tools and garbage dump,3930 CALIFORNIA  ST,2026-10-05,2026-09-23T21:48:58.000Z,2.0,2026-11-04,2026-10-05,Not Enforceable
MR ROOFING INC,2026-09-22T22:25:46.000Z,2026-11-04,a10Ps00000UvnE1IAJ,0058b00000GAFCDAA5,2026-09-23T22:23:58.000Z,20.0,2026-11-05,2026-09-23,Tow Sign Photo,Awaiting Applicant Info,Street Space,SSP-26-06182,012Ps000005citCIAQ,park work truck with work tools and garbage dump,141 PARIS  ST,2026-10-05,2026-09-23T22:23:58.000Z,2.0,2026-11-04,2026-10-05,Not Enforceable
,2026-09-22T22:49:44.000Z,2026-12-27,a10Ps00000UvvTJIAZ,005Ps00000LEF6MIAX,2026-09-25T19:10:08.000Z,20.0,2026-12-28,2026-09-23,Active,Active,Street Space,SSP-26-06183,012Ps000005citCIAQ,parking for contract workers,1212 UNION  ST,2026-09-28,2026-09-25T19:10:08.000Z,2.0,2026-12-27,2026-09-28,Enforceable
MR ROOFING INC,2026-09-22T22:51:21.000Z,2026-11-04,a10Ps00000UvvZlIAJ,0058b00000GAFCDAA5,2026-09-23T22:32:22.000Z,20.0,2026-11-05,2026-09-23,Tow Sign Photo,Awaiting Applicant Info,Street Space,SSP-26-06184,012Ps000005citCIAQ,park work truck with work tools and park garbage dump,38 PARNASSUS  AVE,2026-10-05,2026-09-23T22:32:22.000Z,2.0,2026-11-04,2026-10-05,Not Enforceable
INSPIRED BUILDERS INC,2026-09-22T22:56:18.000Z,2027-01-25,a10Ps00000Uvw9FIAR,0058b00000GAFCDAA5,2026-09-23T17:37:11.000Z,25.0,2027-01-26,2026-09-23,Tow Sign Photo,Awaiting Applicant Info,Street Space,SSP-26-06185,012Ps000005citCIAQ,I need a parking space,606 MISSISSIPPI  ST,2026-09-26,2026-09-23T17:37:11.000Z,3.0,2027-01-25,2026-09-26,Not Enforceable
NORCAL PAINTERS INCORPORATED,2026-09-22T22:56:54.000Z,2026-11-04,a10Ps00000UvwFhIAJ,005Ps00000LEF6MIAX,2026-09-30T21:06:57.000Z,20.0,2026-11-05,2026-09-28,Active,Active,Street Space,SSP-26-06186,012Ps000005citCIAQ,Painting,3129 GEARY  BLVD,2026-10-05,2026-09-30T21:06:57.000Z,2.0,2026-11-04,2026-10-05,Not Enforceable
SURE ROOFING SYSTEMS INC,2026-09-22T23:01:33.000Z,2026-11-12,a10Ps00000UvwlxIAB,0058b00000GAFCDAA5,2026-09-24T15:46:40.000Z,20.0,2026-11-13,2026-09-24,Tow Sign Photo,Awaiting Applicant Info,Street Space,SSP-26-06187,012Ps000005citCIAQ,Parking for company vehicles,223 DORLAND  ST,2026-10-13,2026-09-24T15:46:40.000Z,2.0,2026-11-12,2026-10-13,Not Enforceable
MR ROOFING INC,2026-09-22T23:08:24.000Z,2026-11-18,a10Ps00000UvxLRIAZ,0058b00000GAFCDAA5,2026-09-24T16:13:37.000Z,20.0,2026-11-19,2026-09-24,Tow Sign Photo,Awaiting Applicant Info,Street Space,SSP-26-06188,012Ps000005citCIAQ,park work trucks with work tools and garbage dump,655 10TH  AVE,2026-10-19,2026-09-24T16:13:37.000Z,2.0,2026-11-18,2026-10-19,Not Enforceable
TRIOND REMODELING,2026-09-22T23:14:48.000Z,2026-12-27,a10Ps00000Uvxq5IAB,0058b00000GAFCDAA5,2026-09-23T20:21:18.000Z,24.0,2026-12-28,2026-09-23,Tow Sign Photo,Awaiting Applicant Info,Street Space,SSP-26-06189,012Ps000005citCIAQ,Parking during the construction process,556 WALLER  ST,2026-09-28,2026-09-23T20:21:18.000Z,3.0,2026-12-27,2026-09-28,Not Enforceable
DESIGN LINE CONSTRUCTION INC,2026-09-22T23:49:41.000Z,2026-10-25,a10Ps00000Uw1VVIAZ,005Ps00000LEF6MIAX,2026-10-01T19:56:10.000Z,40.0,2026-10-26,2026-09-22,Active,Active,Street Space,SSP-26-06190,012Ps000005citCIAQ,Weatherproofing,81 05TH  AVE,2026-09-26,2026-10-01T19:56:10.000Z,3.0,2026-10-25,2026-09-26,Enforceable
,2026-09-22T23:58:30.000Z,2026-10-27,a10Ps00000Uw2Y1IAJ,0058b00000GAFCDAA5,2026-09-24T18:57:09.000Z,16.0,2026-10-28,2026-09-24,Tow Sign Photo,Awaiting Applicant Info,Street Space,SSP-26-06191,012Ps000005citCIAQ,Building Maintenance,1998 BROADWAY,2026-09-28,2026-09-24T18:57:09.000Z,2.0,2026-10-27,2026-09-28,Not Enforceable
JAWA BUILDERS LLC,2026-09-23T00:11:15.000Z,2026-11-27,a10Ps00000UvhTaIAJ,0058b00000GAFCDAA5,2026-09-24T16:14:53.000Z,20.0,2026-11-28,2026-09-24,Tow Sign Photo,Awaiting Applicant Info,Street Space,SSP-26-06192,012Ps000005citCIAQ,Construction activities,3446 SCOTT  ST,2026-09-28,2026-09-24T16:15:56.000Z,2.0,2026-11-27,2026-09-28,Not Enforceable
DARC VENTURES INC,2026-09-23T01:52:17.000Z,2026-11-28,a10Ps00000UwCfRIAV,005Ps00000LEF6MIAX,2026-10-01T19:56:48.000Z,20.0,2026-11-29,2026-09-24,Active,Active,Street Space,SSP-26-06193,012Ps000005citCIAQ,Building Maintenance,118 CONNECTICUT  ST,2026-09-29,2026-10-01T19:56:48.000Z,2.0,2026-11-28,2026-09-29,Enforceable
EURO TEAM CONSTRUCTION,2026-09-23T01:56:25.000Z,2027-01-22,a10Ps00000UwCvZIAV,0058b00000GAFCDAA5,2026-09-23T02:03:05.000Z,20.0,2027-01-23,2026-09-22,Tow Sign Photo,Awaiting Applicant Info,Street Space,SSP-26-06194,012Ps000005citCIAQ,BPA - Construction Staging,272 WAWONA  ST,2026-09-23,2026-09-23T02:03:05.000Z,2.0,2027-01-22,2026-09-23,Not Enforceable
KENNY JINGYI LI,2026-09-23T02:56:40.000Z,2026-10-27,a10Ps00000UwGZNIA3,0058b00000GAFCDAA5,2026-09-25T19:11:11.000Z,20.0,2026-10-28,2026-09-25,Tow Sign Photo,Awaiting Applicant Info,Street Space,SSP-26-06195,012Ps000005citCIAQ,Scaffold,667 18TH  AVE,2026-09-28,2026-09-25T19:11:52.000Z,2.0,2026-10-27,2026-09-28,Not Enforceable
JOHN NEWBURY,2026-09-23T03:28:35.000Z,2026-11-27,a10Ps00000UwJ2bIAF,0058b00000GAFCDAA5,2026-09-23T16:22:37.000Z,40.0,2026-11-28,2026-09-23,Tow Sign Photo,Awaiting Applicant Info,Street Space,SSP-26-06196,012Ps000005citCIAQ,painting     and so we can park our work trucks in front of our own jobsite,2810 PACIFIC  AVE,2026-09-28,2026-09-23T16:22:37.000Z,3.0,2026-11-27,2026-09-28,Not Enforceable
"KWAN CHOK KEE, INC",2026-09-23T04:17:53.000Z,2027-02-09,a10Ps00000UwMDNIA3,005Ps00000LEF6MIAX,2026-09-24T18:49:47.000Z,20.0,2027-02-10,2026-09-23,Active,Active,Street Space,SSP-26-06197,012Ps000005citCIAQ,construction,36 MANOR  DR,2026-10-10,2026-09-24T18:49:47.000Z,2.0,2027-02-09,2026-10-10,Not Enforceable
,2026-09-23T05:32:33.000Z,2026-12-07,a10Ps00000UwSAjIAN,0058b00000GAFCDAA5,2026-09-23T05:34:23.000Z,20.0,2026-12-08,2026-09-22,Tow Sign Photo,Awaiting Applicant Info,Street Space,SSP-26-06198,012Ps000005citCIAQ,Debris box,2201 12TH  AVE,2026-10-08,2026-09-23T05:34:23.000Z,4.0,2026-12-07,2026-10-08,Not Enforceable
GOLDEN COLORS PAINTING,2026-09-23T06:19:41.000Z,2026-10-27,a10Ps00000UwVuzIAF,0058b00000GAFCDAA5,2026-09-23T15:27:30.000Z,40.0,2026-10-28,2026-09-23,Tow Sign Photo,Awaiting Applicant Info,Street Space,SSP-26-06199,012Ps000005citCIAQ,Scaffolding,1421 HAYES  ST,2026-09-28,2026-09-23T15:27:30.000Z,3.0,2026-10-27,2026-09-28,Not Enforceable
FORMA CONSTRUCTION INC,2026-09-23T15:10:29.000Z,2027-02-11,a10Ps00000UypHhIAJ,0058b00000GAFCDAA5,2026-09-29T18:22:47.000Z,60.0,2027-02-12,2026-09-29,Tow Sign Photo,Awaiting Applicant Info,Street Space,SSP-26-06202,012Ps000005citCIAQ,Construction Parking,710 EL CAMINO DEL MAR,2026-10-12,2026-09-29T18:23:02.000Z,4.0,2027-02-11,2026-10-12,Not Enforceable
MB JESSEE INC,2026-09-23T15:23:04.000Z,2026-10-31,a10Ps00000UytWbIAJ,0058b00000GAFCDAA5,2026-10-02T16:43:43.000Z,50.0,2026-11-01,2026-10-02,Tow Sign Photo,Awaiting Applicant Info,Street Space,SSP-26-06203,012Ps000005citCIAQ,Scaffolding,1233 CALIFORNIA  ST,2026-10-01,2026-10-02T16:43:52.000Z,4.0,2026-10-31,2026-10-01,Not Enforceable
DURKIN INC,2026-09-23T16:03:01.000Z,2027-04-05,a10Ps00000Uz7L3IAJ,0058b00000GAFCDAA5,2026-09-25T15:48:09.000Z,25.0,2027-04-06,2026-09-25,Tow Sign Photo,Awaiting Applicant Info,Street Space,SSP-26-06204,012Ps000005citCIAQ,Building Permit - Construction Staging,2417 GREEN  ST,2026-10-06,2026-09-25T15:48:54.000Z,3.0,2027-04-05,2026-10-06,Not Enforceable
GREEN WORLD CONSTRUCTION INC,2026-09-23T17:22:15.000Z,2026-12-27,a10Ps00000UzT0bIAF,0058b00000GAFCDAA5,2026-09-23T18:00:49.000Z,40.0,2026-12-28,2026-09-23,Tow Sign Photo,Awaiting Applicant Info,Street Space,SSP-26-06207,012Ps000005citCIAQ,Contractor parking,1020 BROADWAY,2026-09-28,2026-09-23T18:00:49.000Z,3.0,2026-12-27,2026-09-28,Not Enforceable
FOG CITY ROOFING LLC,2026-09-23T17:36:23.000Z,2026-11-27,a10Ps00000UzWJRIA3,0058b00000GAFCDAA5,2026-09-25T18:29:21.000Z,40.0,2026-11-28,2026-09-25,Tow Sign Photo,Awaiting Applicant Info,Street Space,SSP-26-06208,012Ps000005citCIAQ,Painting,22 TERRA VISTA  AVE,2026-09-28,2026-09-25T18:30:05.000Z,3.0,2026-11-27,2026-09-28,Not Enforceable
LUTGE THOMAS H,2026-09-23T18:11:16.000Z,2026-11-27,a10Ps00000UzgqfIAB,005Ps00000IzXSvIAN,2026-09-28T16:32:04.000Z,20.0,2026-11-28,2026-09-25,Final Review,Awaiting Applicant Info,Street Space,SSP-26-06209,012Ps000005citCIAQ,Building Permit - Construction Staging,617 IRVING  ST,2026-09-28,2026-09-28T16:32:04.000Z,2.0,2026-11-27,2026-09-28,Not Enforceable
BAYTEL,2026-09-23T18:38:31.000Z,2026-12-28,a10Ps00000UznAbIAJ,005Ps00000LEF6MIAX,2026-09-24T18:48:49.000Z,20.0,2026-12-29,2026-09-23,Active,Active,Street Space,SSP-26-06210,012Ps000005citCIAQ,Contractor staging,26 LUPINE  AVE,2026-09-29,2026-09-24T18:48:49.000Z,2.0,2026-12-28,2026-09-29,Enforceable
TOM LEE ROOFING INC,2026-09-23T19:21:59.000Z,2026-12-01,a10Ps00000UzyfWIAR,0058b00000GAFCDAA5,2026-09-24T23:35:22.000Z,20.0,2026-12-02,2026-09-24,Tow Sign Photo,Awaiting Applicant Info,Street Space,SSP-26-06211,012Ps000005citCIAQ,reroofing,1960 BUCHANAN  ST,2026-11-02,2026-09-24T23:35:22.000Z,2.0,2026-12-01,2026-11-02,Not Enforceable
,2026-09-23T19:39:01.000Z,2026-10-27,a10Ps00000V08zpIAB,0058b00000GAFCDAA5,2026-09-24T20:26:18.000Z,20.0,2026-10-28,2026-09-24,Tow Sign Photo,Awaiting Applicant Info,Street Space,SSP-26-06212,012Ps000005citCIAQ,Work Vehicle,1034 FILBERT  ST,2026-09-28,2026-09-24T20:26:18.000Z,2.0,2026-10-27,2026-09-28,Not Enforceable
LEI XIANG SI,2026-09-23T20:43:22.000Z,2026-10-27,a10Ps00000V0MzZIAV,0058b00000GAFCDAA5,2026-09-25T16:31:40.000Z,20.0,2026-10-28,2026-09-25,Tow Sign Photo,Awaiting Applicant Info,Street Space,SSP-26-06213,012Ps000005citCIAQ,Temporary street space for loading and unloading construction materials and equipment associated with the project. A portion of the sidewalk will also be used for placement of a portable toilet for the duration of construction. Required pedestrian access and sidewalk clearance will be maintained at all times.,1945 PACIFIC  AVE,2026-09-28,2026-09-25T16:31:54.000Z,2.0,2026-10-27,2026-09-28,Not Enforceable
AMADOR GENERAL CONSTRUCTION INC,2026-09-23T21:06:22.000Z,2026-12-27,a10Ps00000V0RO9IAN,0058b00000GAFCDAA5,2026-09-25T16:59:50.000Z,20.0,2026-12-28,2026-09-25,Tow Sign Photo,Awaiting Applicant Info,Street Space,SSP-26-06215,012Ps000005citCIAQ,truck parking,116 DELMAR  ST,2026-09-28,2026-09-25T17:01:06.000Z,2.0,2026-12-27,2026-09-28,Not Enforceable
AMADOR GENERAL CONSTRUCTION INC,2026-09-23T21:14:54.000Z,2026-11-25,a10Ps00000V0SwvIAF,005Ps00000LEF6MIAX,2026-09-25T18:01:44.000Z,20.0,2026-11-26,2026-09-23,Active,Active,Street Space,SSP-26-06216,012Ps000005citCIAQ,Contractor Parking,515 29TH  ST,2026-09-26,2026-09-25T18:01:44.000Z,2.0,2026-11-25,2026-09-26,Enforceable
JONATHAN J UMANZOR ABARCA,2026-09-23T21:16:07.000Z,2026-10-27,a10Ps00000V0TEfIAN,0058b00000GAFCDAA5,2026-09-23T22:27:07.000Z,50.0,2026-10-28,2026-09-23,Tow Sign Photo,Awaiting Applicant Info,Street Space,SSP-26-06217,012Ps000005citCIAQ,40,800 MARKET  ST,2026-09-28,2026-09-23T22:27:07.000Z,4.0,2026-10-27,2026-09-28,Not Enforceable
JONATHAN J UMANZOR ABARCA,2026-09-23T21:28:44.000Z,2026-10-27,a10Ps00000V0VJhIAN,0058b00000GAFCDAA5,2026-09-23T22:20:32.000Z,25.0,2026-10-28,2026-09-23,Tow Sign Photo,Awaiting Applicant Info,Street Space,SSP-26-06218,012Ps000005citCIAQ,25,1855 HAYES  ST,2026-09-28,2026-09-23T22:20:32.000Z,3.0,2026-10-27,2026-09-28,Not Enforceable
MISSION HOME REMODELING,2026-09-23T21:44:55.000Z,2026-11-27,a10Ps00000V0YO1IAN,0058b00000GAFCDAA5,2026-09-24T21:29:42.000Z,20.0,2026-11-28,2026-09-24,Tow Sign Photo,Awaiting Applicant Info,Street Space,SSP-26-06219,012Ps000005citCIAQ,parking,1755 BEACH  ST,2026-09-28,2026-09-24T21:29:42.000Z,2.0,2026-11-27,2026-09-28,Not Enforceable
MISSION HOME REMODELING,2026-09-23T21:50:12.000Z,2026-10-30,a10Ps00000V0YsfIAF,0058b00000GAFCDAA5,2026-09-24T21:28:25.000Z,20.0,2026-10-31,2026-09-24,Tow Sign Photo,Awaiting Applicant Info,Street Space,SSP-26-06220,012Ps000005citCIAQ,parking,828 YORK  ST,2026-09-30,2026-09-24T21:28:25.000Z,2.0,2026-10-30,2026-09-30,Not Enforceable
TOM LEE ROOFING INC,2026-09-23T21:51:42.000Z,2026-12-01,a10Ps00000V0Z3xIAF,0058b00000GAFCDAA5,2026-09-24T15:36:01.000Z,20.0,2026-12-02,2026-09-24,Tow Sign Photo,Awaiting Applicant Info,Street Space,SSP-26-06221,012Ps000005citCIAQ,reroofing,71 ROCKWOOD  CT,2026-11-02,2026-09-24T15:36:01.000Z,2.0,2026-12-01,2026-11-02,Not Enforceable
TAYLOR FORD DESIGN INC,2026-09-23T21:57:21.000Z,2026-10-24,a10Ps00000V0Zn7IAF,0058b00000GAFCDAA5,2026-09-23T22:06:04.000Z,40.0,2026-10-25,2026-09-23,Tow Sign Photo,Awaiting Applicant Info,Street Space,SSP-26-06222,012Ps000005citCIAQ,Workers & Debris removal parking,737 LAKE  ST,2026-09-25,2026-09-23T22:06:04.000Z,3.0,2026-10-24,2026-09-25,Not Enforceable
SHATARA SUHEIL E,2026-09-23T22:02:05.000Z,2027-04-02,a10Ps00000V0afxIAB,0058b00000GAFCDAA5,2026-09-25T00:07:58.000Z,98.0,2027-04-03,2026-09-24,Tow Sign Photo,Awaiting Applicant Info,Street Space,SSP-26-06223,012Ps000005citCIAQ,Building Permit - Construction Staging,6001 CALIFORNIA  ST,2026-10-03,2026-09-25T00:07:58.000Z,6.0,2027-04-02,2026-10-03,Not Enforceable
"HARE CONSTRUCTION, INC.",2026-09-23T22:26:20.000Z,2026-11-27,a10Ps00000V0dxBIAR,0058b00000GAFCDAA5,2026-09-23T22:52:28.000Z,20.0,2026-11-28,2026-09-23,Tow Sign Photo,Awaiting Applicant Info,Street Space,SSP-26-06224,012Ps000005citCIAQ,Place porta potty on sidewalk closest to street. Cannot place on driveway due to it being too steep.,1522 SANCHEZ  ST,2026-09-28,2026-09-23T22:52:28.000Z,2.0,2026-11-27,2026-09-28,Not Enforceable
YK MASON & SONS INC,2026-09-23T22:59:46.000Z,2026-11-05,a10Ps00000V0l9xIAB,0058b00000GAFCDAA5,2026-09-24T21:58:19.000Z,70.0,2026-11-06,2026-09-24,Tow Sign Photo,Awaiting Applicant Info,Street Space,SSP-26-06226,012Ps000005citCIAQ,Scaffolding both street sides with parking spaces.  Need both no-parking signs and placard,6945 GEARY  BLVD,2026-10-06,2026-09-24T21:58:19.000Z,6.0,2026-11-05,2026-10-06,Not Enforceable
NEAL'S PAINTING COMPANY INC,2026-09-23T23:03:44.000Z,2026-10-27,a10Ps00000V0lebIAB,005Ps00000LEF6MIAX,2026-10-02T15:36:10.000Z,20.0,2026-10-28,2026-09-24,Active,Active,Street Space,SSP-26-06227,012Ps000005citCIAQ,SCAFFOLDING AND PARKING,3924 20TH  ST,2026-09-28,2026-10-02T15:36:10.000Z,2.0,2026-10-27,2026-09-28,Not Enforceable
YK MASON & SONS INC,2026-09-23T23:04:57.000Z,2026-11-13,a10Ps00000V0lmfIAB,0058b00000GAFCDAA5,2026-09-24T21:59:37.000Z,20.0,2026-11-14,2026-09-24,Tow Sign Photo,Awaiting Applicant Info,Street Space,SSP-26-06228,012Ps000005citCIAQ,Scaffolding in front and parking space in front.  Need both no-parking signs and placard.,3444 SCOTT  ST,2026-10-14,2026-09-24T21:59:37.000Z,2.0,2026-11-13,2026-10-14,Not Enforceable
1598 BAY CONDOMINIUM ASSOCIATION,2026-09-23T23:12:51.000Z,2026-10-30,a10Ps00000V0mvdIAB,005Ps00000LEF6MIAX,2026-09-28T16:31:25.000Z,120.0,2026-10-31,2026-09-23,Active,Active,Street Space,SSP-26-06230,012Ps000005citCIAQ,Building Maintenance,1598 BAY  ST,2026-09-30,2026-09-28T16:31:25.000Z,7.0,2026-10-30,2026-09-30,Enforceable
RYAN STEELE PROPERTIES INC,2026-09-23T23:38:32.000Z,2026-12-28,a10Ps00000V0pzxIAB,005Ps00000LEF6MIAX,2026-09-29T18:23:08.000Z,20.0,2026-12-29,2026-09-23,Active,Active,Street Space,SSP-26-06231,012Ps000005citCIAQ,Construction worker parking for active construction project,17 JORDAN  AVE,2026-09-29,2026-09-29T18:23:08.000Z,2.0,2026-12-28,2026-09-29,Enforceable
,2026-09-24T01:13:18.000Z,2026-10-27,a10Ps00000V0zzJIAR,0058b00000GAFCDAA5,2026-09-25T04:45:00.000Z,28.0,2026-10-28,2026-09-24,Tow Sign Photo,Awaiting Applicant Info,Street Space,SSP-26-06233,012Ps000005citCIAQ,"Staging area for contractor vehicles, equipment, and material delivery supporting residential electrical rewiring and interior building repairs due to this work. 28LF is space for 1 truck. Applicant will need an ADS permit for space for additional trucks.",1023 BRODERICK  ST,2026-09-28,2026-09-25T04:45:00.000Z,3.0,2026-10-27,2026-09-28,Not Enforceable
AIDAN COLLINS & SONS INC,2026-09-24T13:45:25.000Z,2027-01-02,a10Ps00000V2sk1IAB,0058b00000GAFCDAA5,2026-09-28T23:38:43.000Z,40.0,2027-01-03,2026-09-28,Tow Sign Photo,Awaiting Applicant Info,Street Space,SSP-26-06235,012Ps000005citCIAQ,Building Maintenance,432 JACKSON,2026-10-03,2026-09-28T23:39:04.000Z,3.0,2027-01-02,2026-10-03,Not Enforceable
COLEMAN MICHAEL E,2026-09-24T13:52:33.000Z,2027-03-28,a10Ps00000V2uyjIAB,0058b00000GAFCDAA5,2026-09-25T01:29:57.000Z,20.0,2027-03-29,2026-09-24,Tow Sign Photo,Awaiting Applicant Info,Street Space,SSP-26-06236,012Ps000005citCIAQ,"Need parking spaces for demolition, foundation, and framing work for the remodel of 675 Arguello Blvd.",657 ARGUELLO  BLVD,2026-09-29,2026-09-25T01:29:57.000Z,2.0,2027-03-28,2026-09-29,Not Enforceable
KAVOUNIARIS PETER,2026-09-24T14:19:41.000Z,2027-02-27,a10Ps00000V36mzIAB,005Ps00000LEF6MIAX,2026-09-29T21:37:07.000Z,20.0,2027-02-28,2026-09-26,Active,Active,Street Space,SSP-26-06237,012Ps000005citCIAQ,Construction,2434 43RD  AVE,2026-09-30,2026-09-29T21:37:07.000Z,2.0,2027-02-27,2026-09-30,Enforceable
STRAIGHTEDGE CONSTRUCTION,2026-09-24T14:43:48.000Z,2027-03-30,a10Ps00000V3DgPIAV,0058b00000GAFCDAA5,2026-09-24T15:07:26.000Z,25.0,2027-03-31,2026-09-24,Tow Sign Photo,Awaiting Applicant Info,Street Space,SSP-26-06238,012Ps000005citCIAQ,Parking for workers during construction,1021 COLE  ST,2026-09-30,2026-09-24T15:07:26.000Z,3.0,2027-03-30,2026-09-30,Not Enforceable
SF PERMITTING INC,2026-09-24T15:13:21.000Z,2026-10-30,a10Ps00000V3MrlIAF,0058b00000GAFCDAA5,2026-09-24T17:33:25.000Z,20.0,2026-10-31,2026-09-24,Tow Sign Photo,Awaiting Applicant Info,Street Space,SSP-26-06239,012Ps000005citCIAQ,work truck,380B UNION  ST,2026-09-30,2026-09-24T17:33:25.000Z,2.0,2026-10-30,2026-09-30,Not Enforceable
CLARK CONSTRUCTION GROUP CA LP,2026-09-24T15:17:23.000Z,2027-03-31,a10Ps00000V2o8YIAR,0058b00000GAFCDAA5,2026-09-24T15:21:29.000Z,80.0,2027-04-01,2026-09-24,Tow Sign Photo,Awaiting Applicant Info,Street Space,SSP-26-06240,012Ps000005citCIAQ,Blocking the parking lane adjacent to the project site to enable trucks to swing into the jobsite and stage/offload as necessary.  Sidewalk will remain open with signage.,750 PHELPS  ST,2026-10-01,2026-09-24T15:21:29.000Z,5.0,2027-03-31,2026-10-01,Not Enforceable
SF PERMITTING INC,2026-09-24T15:19:47.000Z,2026-10-31,a10Ps00000V3OrxIAF,0058b00000GAFCDAA5,2026-09-24T17:32:20.000Z,20.0,2026-11-01,2026-09-24,Tow Sign Photo,Awaiting Applicant Info,Street Space,SSP-26-06241,012Ps000005citCIAQ,work vehicle,2929 CLAY  ST,2026-10-01,2026-09-24T17:32:20.000Z,2.0,2026-10-31,2026-10-01,Not Enforceable
KUNKEL THOMAS J,2026-09-24T15:23:06.000Z,2026-10-27,a10Ps00000V3PfxIAF,005Ps00000LEF6MIAX,2026-10-01T19:55:19.000Z,20.0,2026-10-28,2026-09-24,Active,Active,Street Space,SSP-26-06242,012Ps000005citCIAQ,Construction Deliveries,1078 TENNESSEE  ST,2026-09-28,2026-10-01T19:55:19.000Z,2.0,2026-10-27,2026-09-28,Enforceable
ANDREW CHEKENE ENTERPRISES INC,2026-09-24T16:09:27.000Z,2026-11-09,a10Ps00000V3c8ZIAR,0058b00000GAFCDAA5,2026-09-24T16:12:49.000Z,80.0,2026-11-10,2026-09-24,Tow Sign Photo,Awaiting Applicant Info,Street Space,SSP-26-06243,012Ps000005citCIAQ,porta potty and debris box and parking,2130 HARRISON  ST,2026-10-10,2026-09-24T16:12:49.000Z,5.0,2026-11-09,2026-10-10,Not Enforceable
LYONS BUILDING & ASSOCS INC,2026-09-24T16:43:17.000Z,2026-10-27,a10Ps00000V3nbpIAB,0058b00000GAFCDAA5,2026-09-24T17:09:32.000Z,20.0,2026-10-28,2026-09-24,Tow Sign Photo,Awaiting Applicant Info,Street Space,SSP-26-06245,012Ps000005citCIAQ,Scaffolding and contractor parking,2533 WASHINGTON  ST,2026-09-28,2026-09-24T17:09:32.000Z,2.0,2026-10-27,2026-09-28,Not Enforceable
BURDICK PAINTING INC,2026-09-24T16:54:20.000Z,2026-10-27,a10Ps00000V3qkzIAB,005Ps00000IxBTKIA3,2026-09-24T22:28:25.000Z,130.0,2026-10-28,2026-09-24,Tow Sign Photo,Awaiting Applicant Info,Street Space,SSP-26-06246,012Ps000005citCIAQ,Temporary placement of scaffolding and scissor lift for exterior painting of the building facade.,4631 MISSION  ST,2026-09-28,2026-09-24T22:28:25.000Z,8.0,2026-10-27,2026-09-28,Not Enforceable
"PRIME CONSTRUCTION & RENOVATION, INC.",2026-09-24T17:12:15.000Z,2026-10-28,a10Ps00000V3vJFIAZ,005Ps00000IzXSvIAN,2026-09-28T23:17:05.000Z,20.0,2026-10-29,2026-09-25,Active,Active,Street Space,SSP-26-06247,012Ps000005citCIAQ,Parking,2920 LYON  ST,2026-09-29,2026-09-28T23:17:05.000Z,2.0,2026-10-28,2026-09-29,Enforceable
SLACK CORP DBA DECKMASTERS HOUSERSAVERS,2026-09-24T17:17:03.000Z,2026-10-31,a10Ps00000V3wTpIAJ,005Ps00000LEF6MIAX,2026-10-01T23:27:08.000Z,35.0,2026-11-01,2026-09-24,Active,Active,Street Space,SSP-26-06248,012Ps000005citCIAQ,Parking for contractor vehicles and equipment.,3451 JACKSON  ST,2026-10-01,2026-10-01T23:27:08.000Z,3.0,2026-10-31,2026-10-01,Enforceable
KLW CONSTRUCTION INC,2026-09-24T17:27:13.000Z,2027-01-06,a10Ps00000V3z1tIAB,0058b00000GAFCDAA5,2026-09-25T23:50:43.000Z,20.0,2027-01-07,2026-09-25,Tow Sign Photo,Awaiting Applicant Info,Street Space,SSP-26-06249,012Ps000005citCIAQ,Scaffolding,4006 25TH  ST,2026-10-07,2026-09-25T23:50:52.000Z,2.0,2027-01-06,2026-10-07,Not Enforceable
JIMENEZ MERLYN ARTURO ENEDINO,2026-09-24T17:30:37.000Z,2026-11-25,a10Ps00000V3zwLIAR,0058b00000GAFCDAA5,2026-09-24T17:37:39.000Z,20.0,2026-11-26,2026-09-24,Tow Sign Photo,Awaiting Applicant Info,Street Space,SSP-26-06250,012Ps000005citCIAQ,Need Parking,842 35TH  AVE,2026-09-26,2026-09-24T17:37:39.000Z,2.0,2026-11-25,2026-09-26,Not Enforceable
,2026-09-24T17:42:30.000Z,2027-03-28,a10Ps00000V3mpTIAR,005Ps00000IzXSvIAN,2026-09-28T16:34:10.000Z,24.0,2027-03-29,2026-09-24,Active,Active,Street Space,SSP-26-06251,012Ps000005citCIAQ,Construction Project,1528 HUDSON  AVE,2026-09-29,2026-09-28T16:34:10.000Z,3.0,2027-03-28,2026-09-29,Enforceable
"BRADSHAW GROUP, INC.",2026-09-24T18:14:13.000Z,2026-12-27,a10Ps00000V4EovIAF,0058b00000GAFCDAA5,2026-09-24T20:27:31.000Z,93.0,2026-12-28,2026-09-24,Tow Sign Photo,Awaiting Applicant Info,Street Space,SSP-26-06252,012Ps000005citCIAQ,Erecting Scaffolding,65 OAK GROVE  ST,2026-09-28,2026-09-24T20:27:31.000Z,4.0,2026-12-27,2026-09-28,Not Enforceable
MB JESSEE INC,2026-09-24T18:21:36.000Z,2026-10-27,a10Ps00000V4GSXIA3,0058b00000GAFCDAA5,2026-09-28T15:05:35.000Z,20.0,2026-10-28,2026-09-28,Tow Sign Photo,Awaiting Applicant Info,Street Space,SSP-26-06253,012Ps000005citCIAQ,Scaffold use,20 CHESTER  AVE,2026-09-28,2026-09-28T15:06:03.000Z,2.0,2026-10-27,2026-09-28,Not Enforceable
FIRST RESTAURANT BUILDER,2026-09-24T18:32:29.000Z,2026-10-27,a10Ps00000V4JrpIAF,0058b00000GAFCDAA5,2026-09-24T18:45:12.000Z,100.0,2026-10-28,2026-09-24,Tow Sign Photo,Awaiting Applicant Info,Street Space,SSP-26-06254,012Ps000005citCIAQ,DBI BPA - Construction Staging,602 MINNESOTA  ST,2026-09-28,2026-09-24T18:45:12.000Z,6.0,2026-10-27,2026-09-28,Not Enforceable
LAPJE ROOFING INC,2026-09-24T19:08:10.000Z,2026-10-27,a10Ps00000V4RfhIAF,005Ps00000KjBbhIAF,2026-09-25T22:20:00.000Z,20.0,2026-10-28,2026-09-25,Tow Sign Photo,Awaiting Applicant Info,Street Space,SSP-26-06256,012Ps000005citCIAQ,MATERIAL UNLOADING,1296 29TH  AVE,2026-09-28,2026-09-25T22:20:00.000Z,2.0,2026-10-27,2026-09-28,Not Enforceable
CURRENT CONSTRUCTION,2026-09-24T19:37:18.000Z,2027-04-04,a10Ps00000V4Y2rIAF,0058b00000GAFCDAA5,2026-09-25T21:41:33.000Z,80.0,2027-04-05,2026-09-25,Tow Sign Photo,Awaiting Applicant Info,Street Space,SSP-26-06257,012Ps000005citCIAQ,Construction-related activity,400 UPPER  TER,2026-10-05,2026-09-25T21:41:33.000Z,5.0,2027-04-04,2026-10-05,Not Enforceable
MR LI SCAFFOLD CO INC,2026-09-24T19:56:17.000Z,2026-10-30,a10Ps00000V4cJNIAZ,0058b00000GAFCDAA5,2026-09-24T20:05:43.000Z,20.0,2026-10-31,2026-09-24,Tow Sign Photo,Awaiting Applicant Info,Street Space,SSP-26-06260,012Ps000005citCIAQ,scaffolding and parking,1647 POWELL  ST,2026-09-30,2026-09-24T20:05:43.000Z,2.0,2026-10-30,2026-09-30,Not Enforceable
MR LI SCAFFOLD CO INC,2026-09-24T19:59:11.000Z,2026-10-30,a10Ps00000V4co1IAB,0058b00000GAFCDAA5,2026-09-24T20:06:58.000Z,20.0,2026-10-31,2026-09-24,Tow Sign Photo,Awaiting Applicant Info,Street Space,SSP-26-06261,012Ps000005citCIAQ,scaffolding and parking,759 09TH  AVE,2026-09-30,2026-09-24T20:06:58.000Z,2.0,2026-10-30,2026-09-30,Not Enforceable
,2026-09-24T20:49:09.000Z,2026-11-27,a10Ps00000V4nOTIAZ,005Ps00000IzXSvIAN,2026-09-24T22:18:43.000Z,20.0,2026-11-28,2026-09-24,Active,Active,Street Space,SSP-26-06264,012Ps000005citCIAQ,Contractor parking,1237 TAYLOR  ST,2026-09-28,2026-09-24T22:18:43.000Z,2.0,2026-11-27,2026-09-28,Enforceable
REDHORSE CONSTRUCTORS INC,2026-09-24T21:06:32.000Z,2026-11-27,a10Ps00000V4qRBIAZ,0058b00000GAFCDAA5,2026-10-01T19:01:44.000Z,40.0,2026-11-28,2026-10-01,Tow Sign Photo,Awaiting Applicant Info,Street Space,SSP-26-06265,012Ps000005citCIAQ,Construction autos,3760 CLAY  ST,2026-09-28,2026-10-01T19:01:53.000Z,3.0,2026-11-27,2026-09-28,Not Enforceable
REGAN CONSTRUCTION,2026-09-24T21:28:26.000Z,2026-11-27,a10Ps00000V4twvIAB,0058b00000GAFCDAA5,2026-09-24T21:43:22.000Z,40.0,2026-11-28,2026-09-24,Tow Sign Photo,Awaiting Applicant Info,Street Space,SSP-26-06266,012Ps000005citCIAQ,Parking,17 ALTA  ST,2026-09-28,2026-09-24T21:43:22.000Z,3.0,2026-11-27,2026-09-28,Not Enforceable
MN CONSTRUCTION INC,2026-09-24T21:48:06.000Z,2026-12-27,a10Ps00000V4x4TIAR,005Ps00000LEF6MIAX,2026-10-02T22:30:41.000Z,40.0,2026-12-28,2026-09-25,Active,Active,Street Space,SSP-26-06267,012Ps000005citCIAQ,"Portable Toilet, Construction Staging, Subcontractor Parking, Loading & Unloading, Etc.",1301 GUERRERO  ST,2026-09-28,2026-10-02T22:30:41.000Z,3.0,2026-12-27,2026-09-28,Not Enforceable
AMERICAN STANDARD ROOFING INC,2026-09-24T21:57:09.000Z,2026-10-27,a10Ps00000V4yTZIAZ,0058b00000GAFCDAA5,2026-09-25T22:24:41.000Z,20.0,2026-10-28,2026-09-25,Tow Sign Photo,Awaiting Applicant Info,Street Space,SSP-26-06268,012Ps000005citCIAQ,loading/unloading of materials and staging of equipment,571 36TH  AVE,2026-09-28,2026-09-25T22:24:41.000Z,2.0,2026-10-27,2026-09-28,Not Enforceable
YK MASON & SONS INC,2026-09-24T22:20:00.000Z,2026-11-07,a10Ps00000V51zJIAR,0058b00000GAFCDAA5,2026-09-25T23:07:26.000Z,20.0,2026-11-08,2026-09-25,Tow Sign Photo,Awaiting Applicant Info,Street Space,SSP-26-06269,012Ps000005citCIAQ,Scaffolding the front and parking space in the front.  Need both no-parking signs and placard.,2840 GREENWICH  ST,2026-10-08,2026-09-25T23:07:26.000Z,2.0,2026-11-07,2026-10-08,Not Enforceable
AMERICAN STANDARD ROOFING INC,2026-09-24T22:26:06.000Z,2026-11-17,a10Ps00000V52aPIAR,0058b00000GAFCDAA5,2026-09-24T22:29:34.000Z,20.0,2026-11-18,2026-09-24,Tow Sign Photo,Awaiting Applicant Info,Street Space,SSP-26-06270,012Ps000005citCIAQ,loading/unloading of materials and staging of equipment,1940 BUSH  ST,2026-10-18,2026-09-24T22:29:34.000Z,2.0,2026-11-17,2026-10-18,Not Enforceable
URBAN WEST CONSTRUCTION INC,2026-09-24T22:55:27.000Z,2026-10-27,a10Ps00000V5BvRIAV,005Ps00000LEF6MIAX,2026-09-30T23:11:39.000Z,271.0,2026-10-28,2026-09-25,Final Review,Awaiting Applicant Info,Street Space,SSP-26-06273,012Ps000005citCIAQ,"Scaffold support , and sliding door delivery/staging",2060 OFARRELL  ST,2026-09-28,2026-09-30T23:11:39.000Z,16.0,2026-10-27,2026-09-28,Not Enforceable
EVEREST WATERPROOFING,2026-09-24T23:13:52.000Z,2026-10-27,a10Ps00000V5E25IAF,0058b00000GAFCDAA5,2026-09-25T23:22:36.000Z,20.0,2026-10-28,2026-09-25,Tow Sign Photo,Awaiting Applicant Info,Street Space,SSP-26-06274,012Ps000005citCIAQ,parking,2373 PACIFIC  AVE,2026-09-28,2026-09-25T23:22:36.000Z,2.0,2026-10-27,2026-09-28,Not Enforceable
GOLDEN HEIGHTS REMODELING INC,2026-09-25T01:18:16.000Z,2026-10-27,a10Ps00000V5PITIA3,0058b00000GAFCDAA5,2026-09-25T22:24:08.000Z,20.0,2026-10-28,2026-09-25,Tow Sign Photo,Awaiting Applicant Info,Street Space,SSP-26-06278,012Ps000005citCIAQ,Contractor parking during construction of the re-roofing work between 7-10 days.,142 FUNSTON  AVE,2026-09-28,2026-09-25T22:24:08.000Z,2.0,2026-10-27,2026-09-28,Not Enforceable
SAINT BRIDGET CONSTRUCTION,2026-09-25T15:02:37.000Z,2026-10-28,a10Ps00000V7FgQIAV,0058b00000GAFCDAA5,2026-09-28T16:50:43.000Z,20.0,2026-10-29,2026-09-28,Tow Sign Photo,Awaiting Applicant Info,Street Space,SSP-26-06280,012Ps000005citCIAQ,Need space for trucks to remove vegetation and debris from backyard,2134 27TH  AVE,2026-09-29,2026-09-28T16:50:43.000Z,2.0,2026-10-28,2026-09-29,Not Enforceable
,2026-09-25T15:33:56.000Z,2027-02-27,a10Ps00000V78tSIAR,005Ps00000LEF6MIAX,2026-09-29T22:44:37.000Z,20.0,2027-02-28,2026-09-25,Active,Active,Street Space,SSP-26-06281,012Ps000005citCIAQ,"Loading and unloading material, Staging of materials and debris loading",3348 BRODERICK  ST,2026-09-30,2026-09-29T22:44:37.000Z,2.0,2027-02-27,2026-09-30,Enforceable
NOR-CAL SCAFFOLDING INC,2026-09-25T15:43:22.000Z,2026-10-25,a10Ps00000V7fUPIAZ,0058b00000GAFCDAA5,2026-09-25T17:59:02.000Z,130.0,2026-10-26,2026-09-25,Tow Sign Photo,Awaiting Applicant Info,Street Space,SSP-26-06282,012Ps000005citCIAQ,Scaffolding,800 CHESTNUT  ST,2026-09-26,2026-09-25T17:59:02.000Z,9.0,2026-10-25,2026-09-26,Not Enforceable
FOG CITY ROOFING LLC,2026-09-25T15:45:03.000Z,2026-10-28,a10Ps00000V7fnlIAB,005Ps00000LEF6MIAX,2026-09-29T17:06:40.000Z,20.0,2026-10-29,2026-09-25,Active,Active,Street Space,SSP-26-06283,012Ps000005citCIAQ,Provide parking for company vehicles throughout the duration of the work.,1137 BUSH  ST,2026-09-29,2026-09-29T17:06:40.000Z,2.0,2026-10-28,2026-09-29,Enforceable
BUILDING EFFICIENCY INC,2026-09-25T16:29:57.000Z,2026-10-31,a10Ps00000V7r2XIAR,0058b00000GAFCDAA5,2026-10-01T18:24:59.000Z,20.0,2026-11-01,2026-10-01,Tow Sign Photo,Awaiting Applicant Info,Street Space,SSP-26-06284,012Ps000005citCIAQ,HVAC Installation vans to occupy space during permit hours,80 WILMOT  ST,2026-10-01,2026-10-01T18:24:59.000Z,2.0,2026-10-31,2026-10-01,Not Enforceable
AMERICAN STANDARD ROOFING INC,2026-09-25T16:44:52.000Z,2026-10-31,a10Ps00000V7uLNIAZ,0058b00000GAFCDAA5,2026-09-25T22:29:51.000Z,20.0,2026-11-01,2026-09-25,Tow Sign Photo,Awaiting Applicant Info,Street Space,SSP-26-06285,012Ps000005citCIAQ,loading/unloading of materials and staging of equipment,4367 21ST  ST,2026-10-01,2026-09-25T22:29:51.000Z,2.0,2026-10-31,2026-10-01,Not Enforceable
C H BURNHAM INC,2026-09-25T16:59:09.000Z,2027-05-08,a10Ps00000V7yLlIAJ,0058b00000GAFCDAA5,2026-09-25T17:05:55.000Z,20.0,2027-05-09,2026-09-25,Tow Sign Photo,Awaiting Applicant Info,Street Space,SSP-26-06286,012Ps000005citCIAQ,construction remodel,1045 COLE  ST,2026-11-09,2026-09-25T17:05:55.000Z,2.0,2027-05-08,2026-11-09,Not Enforceable
VICTOR AVALOS,2026-09-25T17:15:32.000Z,2026-10-31,a10Ps00000V82PNIAZ,0058b00000GAFCDAA5,2026-09-25T17:23:48.000Z,20.0,2026-11-01,2026-09-25,Tow Sign Photo,Awaiting Applicant Info,Street Space,SSP-26-06288,012Ps000005citCIAQ,Scaffolding set up with dump shoots,650 02ND  ST,2026-10-01,2026-09-25T17:23:48.000Z,2.0,2026-10-31,2026-10-01,Not Enforceable
URBAN BROS PAINTING INC,2026-09-25T17:47:56.000Z,2026-12-08,a10Ps00000V89ttIAB,0058b00000GAFCDAA5,2026-09-28T16:52:19.000Z,60.0,2026-12-09,2026-09-28,Tow Sign Photo,Awaiting Applicant Info,Street Space,SSP-26-06289,012Ps000005citCIAQ,staging parking,210 WASHINGTON  ST,2026-10-09,2026-09-28T16:53:04.000Z,4.0,2026-12-08,2026-10-09,Not Enforceable
,2026-09-25T18:12:33.000Z,2026-10-30,a10Ps00000V8IM5IAN,005Ps00000LEF6MIAX,2026-10-02T15:13:06.000Z,20.0,2026-10-31,2026-09-30,Active,Active,Street Space,SSP-26-06291,012Ps000005citCIAQ,loading and unloading construction,462 HAIGHT  ST,2026-09-30,2026-10-02T15:13:06.000Z,2.0,2026-10-30,2026-09-30,Not Enforceable
UNIVERSE ALLIANCE INC,2026-09-25T18:26:00.000Z,2026-10-31,a10Ps00000V7sWUIAZ,0058b00000GAFCDAA5,2026-09-25T18:36:11.000Z,40.0,2026-11-01,2026-09-25,Tow Sign Photo,Awaiting Applicant Info,Street Space,SSP-26-06292,012Ps000005citCIAQ,Parking for 2 cars,2235 LAGUNA  ST,2026-10-01,2026-09-25T18:36:11.000Z,3.0,2026-10-31,2026-10-01,Not Enforceable
TRIOND REMODELING,2026-09-25T18:30:49.000Z,2026-12-28,a10Ps00000V8MxZIAV,0058b00000GAFCDAA5,2026-09-25T19:20:42.000Z,20.0,2026-12-29,2026-09-25,Tow Sign Photo,Awaiting Applicant Info,Street Space,SSP-26-06293,012Ps000005citCIAQ,Parking during construction,1930 EDDY  ST,2026-09-29,2026-09-25T19:20:42.000Z,2.0,2026-12-28,2026-09-29,Not Enforceable
ROSELI SANTOS,2026-09-25T18:44:09.000Z,2026-11-30,a10Ps00000V8Q1tIAF,005Ps00000LEF6MIAX,2026-10-01T18:31:19.000Z,40.0,2026-12-01,2026-09-25,Final Review,Awaiting Applicant Info,Street Space,SSP-26-06294,012Ps000005citCIAQ,Construction parking,1896 PACIFIC  AVE,2026-10-01,2026-10-01T18:31:19.000Z,3.0,2026-11-30,2026-10-01,Not Enforceable
"ABE LATH & PLASTERING, INC.",2026-09-25T19:04:43.000Z,2026-10-30,a10Ps00000V8Uv7IAF,0058b00000GAFCDAA5,2026-09-25T19:07:26.000Z,110.0,2026-10-31,2026-09-25,Tow Sign Photo,Awaiting Applicant Info,Street Space,SSP-26-06297,012Ps000005citCIAQ,"Install Pedestrian tunnel 80ft long on Clements Street  and 30ft long on 3rd Avenue
tunnel will measure 6ft wide x 8ft high",200 CLEMENT  ST,2026-09-30,2026-09-25T19:07:26.000Z,3.0,2026-10-30,2026-09-30,Not Enforceable
KENNY JINGYI LI,2026-09-25T19:14:21.000Z,2026-10-28,a10Ps00000V8WvJIAV,0058b00000GAFCDAA5,2026-09-26T01:00:55.000Z,20.0,2026-10-29,2026-09-25,Tow Sign Photo,Awaiting Applicant Info,Street Space,SSP-26-06298,012Ps000005citCIAQ,Scaffold,2945 IRVING  ST,2026-09-29,2026-09-26T01:00:55.000Z,2.0,2026-10-28,2026-09-29,Not Enforceable
KENNY JINGYI LI,2026-09-25T19:16:33.000Z,2026-10-28,a10Ps00000V8XMjIAN,0058b00000GAFCDAA5,2026-09-28T16:57:42.000Z,20.0,2026-10-29,2026-09-28,Tow Sign Photo,Awaiting Applicant Info,Street Space,SSP-26-06299,012Ps000005citCIAQ,Scaffold,914 RIVERA  ST,2026-09-29,2026-09-28T16:57:42.000Z,2.0,2026-10-28,2026-09-29,Not Enforceable
TIP MANAGERS INC,2026-09-25T19:17:44.000Z,2027-03-31,a10Ps00000V8XcrIAF,005Ps00000LEF6MIAX,2026-10-02T20:59:38.000Z,20.0,2027-04-01,2026-09-28,Active,Active,Street Space,SSP-26-06300,012Ps000005citCIAQ,Parking for Vehicles and Vendor Deliveries,2652 CALIFORNIA  ST,2026-10-01,2026-10-02T20:59:38.000Z,2.0,2027-03-31,2026-10-01,Not Enforceable
KENNY JINGYI LI,2026-09-25T19:19:19.000Z,2026-10-28,a10Ps00000V8XzRIAV,0058b00000GAFCDAA5,2026-09-28T16:57:39.000Z,20.0,2026-10-29,2026-09-28,Tow Sign Photo,Awaiting Applicant Info,Street Space,SSP-26-06301,012Ps000005citCIAQ,Scaffold,5420 CALIFORNIA  ST,2026-09-29,2026-09-28T16:57:39.000Z,2.0,2026-10-28,2026-09-29,Not Enforceable
COLLINS FINBARR J,2026-09-25T19:19:21.000Z,2026-12-31,a10Ps00000V8Y13IAF,005Ps00000LEF6MIAX,2026-10-02T15:14:29.000Z,40.0,2027-01-01,2026-09-25,Active,Active,Street Space,SSP-26-06302,012Ps000005citCIAQ,Remodel taking place at 295 Sanchez. Parking needed for Construction Workers.,295 SANCHEZ  ST,2026-10-01,2026-10-02T15:14:29.000Z,6.0,2026-12-31,2026-10-01,Not Enforceable
7 HILLS LLC,2026-09-25T19:30:11.000Z,2027-01-01,a10Ps00000V8aFlIAJ,005Ps00000LEF6MIAX,2026-10-02T15:24:15.000Z,48.0,2027-01-02,2026-09-29,Final Review,Awaiting Applicant Info,Street Space,SSP-26-06303,012Ps000005citCIAQ,Parking and dropping off materials,2200 PACIFIC  AVE,2026-10-02,2026-10-02T15:24:15.000Z,6.0,2027-01-01,2026-10-02,Not Enforceable
ALIOTO MICHAEL J,2026-09-25T19:58:06.000Z,2026-10-28,a10Ps00000V8fgrIAB,005Ps00000LEF6MIAX,2026-09-29T23:55:48.000Z,20.0,2026-10-29,2026-09-25,Active,Active,Street Space,SSP-26-06304,012Ps000005citCIAQ,Kitchen remodel,70 WAWONA  ST,2026-09-29,2026-09-29T23:55:48.000Z,2.0,2026-10-28,2026-09-29,Enforceable
URBAN WEST CONSTRUCTION INC,2026-09-25T20:38:22.000Z,2026-10-31,a10Ps00000V8qM9IAJ,0058b00000GAFCDAA5,2026-09-25T23:16:05.000Z,27.0,2026-11-01,2026-09-25,Tow Sign Photo,Awaiting Applicant Info,Street Space,SSP-26-06305,012Ps000005citCIAQ,Temporary protection for job-site,2835 OCTAVIA  ST,2026-10-01,2026-09-25T23:16:05.000Z,3.0,2026-10-31,2026-10-01,Not Enforceable
MR LI SCAFFOLD CO INC,2026-09-25T20:51:20.000Z,2026-10-31,a10Ps00000V8ssbIAB,0058b00000GAFCDAA5,2026-09-25T21:02:49.000Z,20.0,2026-11-01,2026-09-25,Tow Sign Photo,Awaiting Applicant Info,Street Space,SSP-26-06306,012Ps000005citCIAQ,scaffolding permit,1449 05TH  AVE,2026-10-01,2026-09-25T21:02:49.000Z,2.0,2026-10-31,2026-10-01,Not Enforceable
MR LI SCAFFOLD CO INC,2026-09-25T20:53:34.000Z,2026-11-18,a10Ps00000V8tALIAZ,005Ps00000Ix5nhIAB,2026-09-30T17:53:40.000Z,20.0,2026-11-19,2026-09-25,Tow Sign Photo,Awaiting Applicant Info,Street Space,SSP-26-06307,012Ps000005citCIAQ,scaffolding,1821 OAK  ST,2026-10-19,2026-09-30T18:11:16.000Z,2.0,2026-11-18,2026-10-19,Not Enforceable
BENFIELD MARIO A,2026-09-25T22:17:03.000Z,2026-11-06,a10Ps00000V959tIAB,0058b00000GAFCDAA5,2026-09-25T22:59:21.000Z,20.0,2026-11-07,2026-09-25,Tow Sign Photo,Awaiting Applicant Info,Street Space,SSP-26-06310,012Ps000005citCIAQ,Commemorative Plaque 25CP-00002,4121 19TH  ST,2026-10-07,2026-09-25T22:59:21.000Z,2.0,2026-11-06,2026-10-07,Not Enforceable
YK MASON & SONS INC,2026-09-25T22:28:57.000Z,2026-10-28,a10Ps00000V96sLIAR,0058b00000GAFCDAA5,2026-09-28T22:47:15.000Z,20.0,2026-10-29,2026-09-28,Tow Sign Photo,Awaiting Applicant Info,Street Space,SSP-26-06311,012Ps000005citCIAQ,20' feet scaffolding and buying 1 meter in front.  Need both no-parking signs and placard.,6221 GEARY  BLVD,2026-09-29,2026-09-28T22:47:15.000Z,2.0,2026-10-28,2026-09-29,Not Enforceable
YK MASON & SONS INC,2026-09-25T22:41:38.000Z,2026-10-30,a10Ps00000V98qvIAB,0058b00000GAFCDAA5,2026-09-28T22:44:38.000Z,60.0,2026-10-31,2026-09-28,Tow Sign Photo,Awaiting Applicant Info,Street Space,SSP-26-06313,012Ps000005citCIAQ,Scaffolding and parking spaces in front.  Need both no-parking signs and placard.,1715 WEBSTER  ST,2026-09-30,2026-09-28T22:44:38.000Z,4.0,2026-10-30,2026-09-30,Not Enforceable
RESTORATION WORKSHOP LTD,2026-09-26T00:57:49.000Z,2026-11-30,a10Ps00000V9KYjIAN,005Ps00000LEF6MIAX,2026-10-02T23:01:24.000Z,20.0,2026-12-01,2026-09-25,Active,Active,Street Space,SSP-26-06314,012Ps000005citCIAQ,"Loading/ unloading materials, staging of equipment/ construction staging.",93 BUENA VISTA  TER,2026-10-01,2026-10-02T23:01:24.000Z,2.0,2026-11-30,2026-10-01,Not Enforceable
TSANTES PAINTING A PARTNERSHIP,2026-09-26T01:58:31.000Z,2026-10-31,a10Ps00000V9NbRIAV,0058b00000GAFCDAA5,2026-10-01T17:25:41.000Z,60.0,2026-11-01,2026-10-01,Tow Sign Photo,Awaiting Applicant Info,Street Space,SSP-26-06315,012Ps000005citCIAQ,Temporary placement of scaffolding to provide safe access for exterior painting of the building.,2150 BALBOA  ST,2026-10-01,2026-10-01T17:25:49.000Z,4.0,2026-10-31,2026-10-01,Not Enforceable
GOLDEN STATE PLUMBING,2026-09-26T19:14:08.000Z,2026-11-29,a10Ps00000VAGRRIA5,0058b00000GAFCDAA5,2026-09-26T19:21:58.000Z,20.0,2026-11-30,2026-09-26,Tow Sign Photo,Awaiting Applicant Info,Street Space,SSP-26-06316,012Ps000005citCIAQ,parking,1738 FELL  ST,2026-09-30,2026-09-26T19:21:58.000Z,2.0,2026-11-29,2026-09-30,Not Enforceable
TETELESTAI PAINTING CORPORATION,2026-09-27T04:17:55.000Z,2026-10-31,a10Ps00000VAh9tIAD,0058b00000GAFCDAA5,2026-09-27T04:30:30.000Z,34.0,2026-11-01,2026-09-26,Tow Sign Photo,Awaiting Applicant Info,Street Space,SSP-26-06317,012Ps000005citCIAQ,Painting,2031 POWELL  ST,2026-10-01,2026-09-27T04:30:30.000Z,3.0,2026-10-31,2026-10-01,Not Enforceable
CALIFORNIA BAY ROOFING INC,2026-09-27T17:45:59.000Z,2026-10-31,a10Ps00000VBJblIAH,0058b00000GAFCDAA5,2026-09-28T16:56:39.000Z,20.0,2026-11-01,2026-09-28,Tow Sign Photo,Awaiting Applicant Info,Street Space,SSP-26-06318,012Ps000005citCIAQ,Dumpster truck parking and other company trucks,3862 SACRAMENTO  ST,2026-10-01,2026-09-28T16:56:39.000Z,2.0,2026-10-31,2026-10-01,Not Enforceable
,2026-09-27T23:03:30.000Z,2026-10-27,a10Ps00000VBaW9IAL,0058b00000GAFCDAA5,2026-09-27T23:08:22.000Z,20.0,2026-10-28,2026-09-27,Tow Sign Photo,Awaiting Applicant Info,Street Space,SSP-26-06319,012Ps000005citCIAQ,Landscaping,977 OAK  ST,2026-09-28,2026-09-27T23:08:22.000Z,2.0,2026-10-27,2026-09-28,Not Enforceable
,2026-09-28T02:08:38.000Z,2026-12-02,a10Ps00000VBlZdIAL,0058b00000GAFCDAA5,2026-09-28T02:13:13.000Z,20.0,2026-12-03,2026-09-27,Tow Sign Photo,Awaiting Applicant Info,Street Space,SSP-26-06320,012Ps000005citCIAQ,parking,1249 JACKSON  ST,2026-10-03,2026-09-28T02:13:13.000Z,2.0,2026-12-02,2026-10-03,Not Enforceable
REDLOG FLOORING SERVICES CORPORATION,2026-09-28T06:34:30.000Z,2026-11-04,a10Ps00000VC1wFIAT,0058b00000GAFCDAA5,2026-09-29T19:45:52.000Z,80.0,2026-11-05,2026-09-29,Tow Sign Photo,Awaiting Applicant Info,Street Space,SSP-26-06321,012Ps000005citCIAQ,Scaffolding setup only on Pine st,655 POWELL  ST,2026-10-05,2026-09-29T19:46:07.000Z,6.0,2026-11-04,2026-10-05,Not Enforceable
REDLOG FLOORING SERVICES CORPORATION,2026-09-28T06:54:33.000Z,2026-12-12,a10Ps00000VC2fMIAT,0058b00000GAFCDAA5,2026-09-29T19:45:58.000Z,25.0,2026-12-13,2026-09-29,Tow Sign Photo,Awaiting Applicant Info,Street Space,SSP-26-06322,012Ps000005citCIAQ,Scaffolding setup,2148 BRODERICK  ST,2026-10-13,2026-09-29T19:46:07.000Z,3.0,2026-12-12,2026-10-13,Not Enforceable
DOWLER CIARAN FRANCIS,2026-09-28T13:40:52.000Z,2026-11-01,a10Ps00000VDhbZIAT,0058b00000GAFCDAA5,2026-09-29T13:00:17.000Z,20.0,2026-11-02,2026-09-29,Tow Sign Photo,Awaiting Applicant Info,Street Space,SSP-26-06323,012Ps000005citCIAQ,Truck Parking,1969 10TH  AVE,2026-10-02,2026-09-29T13:00:55.000Z,2.0,2026-11-01,2026-10-02,Not Enforceable
DE BRUS MAOLCHOLM,2026-09-28T13:53:24.000Z,2026-12-03,a10Ps00000VDQyyIAH,0058b00000GAFCDAA5,2026-09-28T13:55:31.000Z,25.0,2026-12-04,2026-09-28,Tow Sign Photo,Awaiting Applicant Info,Street Space,SSP-26-06325,012Ps000005citCIAQ,Loading and unloading construction equipment to jobsite,311 MANGELS  AVE,2026-10-04,2026-09-28T13:55:31.000Z,3.0,2026-12-03,2026-10-04,Not Enforceable
GIL CONSTRUCTION & ASSOC INC,2026-09-28T14:09:41.000Z,2026-11-02,a10Ps00000VDsWzIAL,0058b00000GAFCDAA5,2026-09-29T16:10:43.000Z,20.0,2026-11-03,2026-09-29,Tow Sign Photo,Awaiting Applicant Info,Street Space,SSP-26-06326,012Ps000005citCIAQ,Company Vehicle parking,137 BRADFORD  ST,2026-10-03,2026-09-29T16:10:48.000Z,2.0,2026-11-02,2026-10-03,Not Enforceable
METZLER BROTHERS GENERAL CONTRACTORS INC,2026-09-28T14:10:27.000Z,2026-12-03,a10Ps00000VDsvBIAT,0058b00000GAFCDAA5,2026-09-28T14:12:16.000Z,20.0,2026-12-04,2026-09-28,Tow Sign Photo,Awaiting Applicant Info,Street Space,SSP-26-06327,012Ps000005citCIAQ,Reserved parking space for construction vehicles in support of building activity.  Also for a temporary portable toilet,1327 48TH  AVE,2026-10-04,2026-09-28T14:12:16.000Z,2.0,2026-12-03,2026-10-04,Not Enforceable
ANDREW CHEKENE ENTERPRISES INC,2026-09-28T14:29:29.000Z,2026-11-04,a10Ps00000VDzbhIAD,0058b00000GAFCDAA5,2026-09-28T20:48:17.000Z,60.0,2026-11-05,2026-09-28,Tow Sign Photo,Awaiting Applicant Info,Street Space,SSP-26-06328,012Ps000005citCIAQ,Porta potty and debri box,950 HARRISON  ST,2026-10-05,2026-09-28T20:48:17.000Z,4.0,2026-11-04,2026-10-05,Not Enforceable
EHJ CONSTRUCTION INC,2026-09-28T14:29:58.000Z,2026-11-01,a10Ps00000VDzobIAD,005Ps00000LEF6MIAX,2026-09-30T15:27:43.000Z,20.0,2026-11-02,2026-09-28,Active,Active,Street Space,SSP-26-06329,012Ps000005citCIAQ,Parking,8 SALA  TER,2026-10-02,2026-09-30T15:27:43.000Z,2.0,2026-11-01,2026-10-02,Enforceable
SAVARD BRIAN E,2026-09-28T14:31:08.000Z,2026-11-02,a10Ps00000VDgNmIAL,005Ps00000LEF6MIAX,2026-10-02T23:02:17.000Z,34.0,2026-11-03,2026-09-28,Active,Active,Street Space,SSP-26-06330,012Ps000005citCIAQ,Scaffold for exterior paint work.,222 CERVANTES  BLVD,2026-10-03,2026-10-02T23:02:17.000Z,3.0,2026-11-02,2026-10-03,Not Enforceable
S A BAXTER INC,2026-09-28T14:54:34.000Z,2026-11-01,a10Ps00000VE80fIAD,0058b00000GAFCDAA5,2026-09-28T14:56:18.000Z,20.0,2026-11-02,2026-09-28,Tow Sign Photo,Awaiting Applicant Info,Street Space,SSP-26-06332,012Ps000005citCIAQ,"The intent is to use the parking space for construction-related activities, including material storage, equipment access, and temporary use during the construction process.",4039 NORIEGA  ST,2026-10-02,2026-09-28T14:56:18.000Z,2.0,2026-11-01,2026-10-02,Not Enforceable
EVEREST WATERPROOFING,2026-09-28T15:32:49.000Z,2026-11-01,a10Ps00000VEKQ1IAP,0058b00000GAFCDAA5,2026-09-28T20:42:13.000Z,20.0,2026-11-02,2026-09-28,Tow Sign Photo,Awaiting Applicant Info,Street Space,SSP-26-06333,012Ps000005citCIAQ,parking,5 BERNICE  ST,2026-10-02,2026-09-28T20:42:13.000Z,2.0,2026-11-01,2026-10-02,Not Enforceable
PLANT CONSTRUCTION COMPANY LP,2026-09-28T15:48:42.000Z,2027-04-01,a10Ps00000VEPr7IAH,005Ps00000LEF6MIAX,2026-10-02T19:19:18.000Z,80.0,2027-04-02,2026-09-30,Active,Active,Street Space,SSP-26-06334,012Ps000005citCIAQ,Construction Parking & Container Placement,100 COLUMBUS  AVE,2026-10-02,2026-10-02T19:19:18.000Z,5.0,2027-04-01,2026-10-02,Not Enforceable
CKG CONSTRUCTION AND ROOFING CORP,2026-09-28T15:52:36.000Z,2026-11-01,a10Ps00000VERHpIAP,0058b00000GAFCDAA5,2026-09-29T06:31:20.000Z,20.0,2026-11-02,2026-09-28,Tow Sign Photo,Awaiting Applicant Info,Street Space,SSP-26-06335,012Ps000005citCIAQ,"Roof removal, loading, and unloading materials",1314 POWELL  ST,2026-10-02,2026-09-29T06:31:20.000Z,2.0,2026-11-01,2026-10-02,Not Enforceable
ALPHA WATERPROOFING ETAL,2026-09-28T15:53:57.000Z,2026-12-04,a10Ps00000VERbBIAX,0058b00000GAFCDAA5,2026-09-28T22:44:07.000Z,80.0,2026-12-05,2026-09-28,Tow Sign Photo,Awaiting Applicant Info,Street Space,SSP-26-06336,012Ps000005citCIAQ,Install scaffold at interior courtyard and perform mainenance,600 CHESTNUT  ST,2026-10-05,2026-09-28T22:44:07.000Z,6.0,2026-12-04,2026-10-05,Not Enforceable
"ARRIS BUILD GROUP, INC.",2026-09-28T16:41:53.000Z,2027-01-04,a10Ps00000VEhhZIAT,0058b00000GAFCDAA5,2026-10-01T18:38:57.000Z,20.0,2027-01-05,2026-10-01,Tow Sign Photo,Awaiting Applicant Info,Street Space,SSP-26-06337,012Ps000005citCIAQ,parking,4220 GEARY,2026-10-05,2026-10-01T18:40:03.000Z,2.0,2027-01-04,2026-10-05,Not Enforceable
SHELTER COVE CONSTRUCTION,2026-09-28T16:44:40.000Z,2026-10-31,a10Ps00000VEiCDIA1,0058b00000GAFCDAA5,2026-09-28T16:48:43.000Z,20.0,2026-11-01,2026-09-28,Tow Sign Photo,Awaiting Applicant Info,Street Space,SSP-26-06338,012Ps000005citCIAQ,Parking for BPA# 202605211724,2650 PIERCE  ST,2026-10-01,2026-09-28T16:48:43.000Z,2.0,2026-10-31,2026-10-01,Not Enforceable
CAL CADE CONSTRUCTION INC,2026-09-28T16:45:21.000Z,2026-12-01,a10Ps00000VEiNVIA1,005Ps00000LEF6MIAX,2026-10-01T21:01:04.000Z,25.0,2026-12-02,2026-09-28,Active,Active,Street Space,SSP-26-06339,012Ps000005citCIAQ,Parking for subs,1980 JACKSON  ST,2026-10-02,2026-10-01T21:01:04.000Z,3.0,2026-12-01,2026-10-02,Enforceable
KENNY JINGYI LI,2026-09-28T16:59:42.000Z,2026-11-01,a10Ps00000VEPvyIAH,0058b00000GAFCDAA5,2026-09-28T19:33:45.000Z,20.0,2026-11-02,2026-09-28,Tow Sign Photo,Awaiting Applicant Info,Street Space,SSP-26-06341,012Ps000005citCIAQ,Scaffolding,782 35TH  AVE,2026-10-02,2026-09-28T19:33:45.000Z,2.0,2026-11-01,2026-10-02,Not Enforceable
"WOODS FAMILY INVESTMENTS, LP",2026-09-28T17:37:12.000Z,2027-03-30,a10Ps00000VF0qfIAD,005Ps00000LEF6MIAX,2026-09-29T15:39:45.000Z,20.0,2027-03-31,2026-09-28,Final Review,Awaiting Applicant Info,Street Space,SSP-26-06342,012Ps000005citCIAQ,construction parking,4333 26TH  ST,2026-09-30,2026-09-29T15:39:45.000Z,2.0,2027-03-30,2026-09-30,Not Enforceable
3S LLC,2026-09-28T17:47:37.000Z,2027-04-01,a10Ps00000VF3dFIAT,0058b00000GAFCDAA5,2026-09-28T18:06:20.000Z,40.0,2027-04-02,2026-09-28,Tow Sign Photo,Awaiting Applicant Info,Street Space,SSP-26-06343,012Ps000005citCIAQ,Construction Debris removal,2259 FILLMORE  ST,2026-10-02,2026-09-28T18:06:20.000Z,3.0,2027-04-01,2026-10-02,Not Enforceable
WAVES REMODELING CALIFORNIA,2026-09-28T18:03:45.000Z,2026-12-04,a10Ps00000VF7ybIAD,0058b00000GAFCDAA5,2026-09-28T20:48:36.000Z,25.0,2026-12-05,2026-09-28,Tow Sign Photo,Awaiting Applicant Info,Street Space,SSP-26-06344,012Ps000005citCIAQ,"Temporary use of street space for construction activities associated with the permitted residential remodeling project at 59 Forest View, including construction material delivery/loading and temporary staging as needed.",59 FOREST VIEW  DR,2026-10-05,2026-09-28T20:48:36.000Z,3.0,2026-12-04,2026-10-05,Not Enforceable
DEL PLATA BUILDERS INC,2026-09-28T18:05:01.000Z,2026-10-28,a10Ps00000VF8JZIA1,0058b00000GAFCDAA5,2026-09-28T18:08:51.000Z,25.0,2026-10-29,2026-09-28,Tow Sign Photo,Awaiting Applicant Info,Street Space,SSP-26-06345,012Ps000005citCIAQ,Parking Permit - Loading and unloading materials,2113 BRODERICK  ST,2026-09-29,2026-09-28T18:08:51.000Z,3.0,2026-10-28,2026-09-29,Not Enforceable
ALL PRO REPIPES INC,2026-09-28T18:19:58.000Z,2026-12-11,a10Ps00000VFCwfIAH,0058b00000GAFCDAA5,2026-09-28T22:20:08.000Z,80.0,2026-12-12,2026-09-28,Tow Sign Photo,Awaiting Applicant Info,Street Space,SSP-26-06347,012Ps000005citCIAQ,loading/unloading of materials and staging of equipment,236 SHIPLEY  ST,2026-10-12,2026-09-28T22:20:08.000Z,5.0,2026-12-11,2026-10-12,Not Enforceable
CENTRIC BUILDING INC,2026-09-28T18:41:37.000Z,2027-01-01,a10Ps00000VFIQzIAP,005Ps00000LEF6MIAX,2026-09-29T19:14:22.000Z,40.0,2027-01-02,2026-09-28,Active,Active,Street Space,SSP-26-06349,012Ps000005citCIAQ,Interior T.I. including non structural partitions and millwork.,468 JACKSON  ST,2026-10-02,2026-09-29T19:14:22.000Z,3.0,2027-01-01,2026-10-02,Enforceable
CENTRIC BUILDING INC,2026-09-28T18:45:52.000Z,2027-01-01,a10Ps00000VFJTVIA5,005Ps00000LEF6MIAX,2026-09-29T19:14:08.000Z,20.0,2027-01-02,2026-09-28,Active,Active,Street Space,SSP-26-06350,012Ps000005citCIAQ,Interior T.I. including non structural partitions and millwork.,472 JACKSON  ST,2026-10-02,2026-09-29T19:14:08.000Z,2.0,2027-01-01,2026-10-02,Enforceable
MURPHY MCKENNA CONSTRUCTION,2026-09-28T19:20:59.000Z,2027-04-01,a10Ps00000VFRIzIAP,005Ps00000IxBTKIA3,2026-09-30T00:12:07.000Z,40.0,2027-04-02,2026-09-28,Tow Sign Photo,Awaiting Applicant Info,Street Space,SSP-26-06351,012Ps000005citCIAQ,Renovation of property - Interior Cosmetic,2536 BAKER  ST,2026-10-02,2026-09-30T00:12:07.000Z,3.0,2027-04-01,2026-10-02,Not Enforceable
NF CONSULTANT & DESIGN DBA TOGETHER HOME REMODELING,2026-09-28T19:51:20.000Z,2026-12-14,a10Ps00000VFYfRIAX,0058b00000GAFCDAA5,2026-09-28T21:09:21.000Z,20.0,2026-12-15,2026-09-28,Tow Sign Photo,Awaiting Applicant Info,Street Space,SSP-26-06352,012Ps000005citCIAQ,Loading/unloading of materials and staging of equipment,1950 15TH  AVE,2026-10-15,2026-09-28T21:09:21.000Z,2.0,2026-12-14,2026-10-15,Not Enforceable
JONATHAN O'CONNOR,2026-09-28T20:10:26.000Z,2027-02-01,a10Ps00000VFckfIAD,0058b00000GAFCDAA5,2026-09-28T20:44:00.000Z,20.0,2027-02-02,2026-09-28,Tow Sign Photo,Awaiting Applicant Info,Street Space,SSP-26-06354,012Ps000005citCIAQ,Contractor parking,2154 PACIFIC  AVE,2026-10-02,2026-09-28T20:44:00.000Z,2.0,2027-02-01,2026-10-02,Not Enforceable
REMUS CO,2026-09-28T20:16:19.000Z,2026-11-01,a10Ps00000VFe4vIAD,0058b00000GAFCDAA5,2026-09-30T06:53:59.000Z,20.0,2026-11-02,2026-09-29,Tow Sign Photo,Awaiting Applicant Info,Street Space,SSP-26-06355,012Ps000005citCIAQ,"Temporary construction zone for contractor truck access, material delivery/loading and unloading, and temporary staging of construction materials/equipment.",525 LEAVENWORTH  ST,2026-10-02,2026-09-30T06:54:46.000Z,2.0,2026-11-01,2026-10-02,Not Enforceable
FAUSTO H. O.  ARAUJO,2026-09-28T20:48:17.000Z,2026-11-04,a10Ps00000VFkv7IAD,0058b00000GAFCDAA5,2026-09-28T21:02:27.000Z,20.0,2026-11-05,2026-09-28,Tow Sign Photo,Awaiting Applicant Info,Street Space,SSP-26-06356,012Ps000005citCIAQ,retaining wall repair,3730 CLAY  ST,2026-10-05,2026-09-28T21:02:27.000Z,2.0,2026-11-04,2026-10-05,Not Enforceable
SARRIS PHILIP C,2026-09-28T21:11:29.000Z,2027-04-03,a10Ps00000VFfkAIAT,0058b00000GAFCDAA5,2026-09-28T22:24:46.000Z,20.0,2027-04-04,2026-09-28,Tow Sign Photo,Awaiting Applicant Info,Street Space,SSP-26-06357,012Ps000005citCIAQ,Construction parking,1570 12TH  AVE,2026-10-04,2026-09-28T22:24:46.000Z,2.0,2027-04-03,2026-10-04,Not Enforceable
BAILEY GENERAL CONTRACTING CO INC,2026-09-28T21:36:13.000Z,2026-11-01,a10Ps00000VFsUTIA1,005Ps00000LEF6MIAX,2026-09-30T23:03:31.000Z,20.0,2026-11-02,2026-09-28,Active,Active,Street Space,SSP-26-06359,012Ps000005citCIAQ,Company Vehicle,1530 WILLARD  ST,2026-10-02,2026-09-30T23:03:31.000Z,2.0,2026-11-01,2026-10-02,Enforceable
"ZACK DE VITO, INC.",2026-09-28T21:41:40.000Z,2026-11-03,a10Ps00000VFtQXIA1,005Ps00000LEF6MIAX,2026-10-02T15:18:07.000Z,25.0,2026-11-04,2026-09-30,Active,Active,Street Space,SSP-26-06361,012Ps000005citCIAQ,Loading/unloading for construction work at 1858 Union St.,1858 UNION  ST,2026-10-04,2026-10-02T15:18:07.000Z,3.0,2026-11-03,2026-10-04,Not Enforceable
GOLDEN STATE BUILDERS GROUP INC,2026-09-28T21:47:56.000Z,2026-11-11,a10Ps00000VFuCvIAL,0058b00000GAFCDAA5,2026-09-30T21:24:50.000Z,20.0,2026-11-12,2026-09-30,Tow Sign Photo,Awaiting Applicant Info,Street Space,SSP-26-06362,012Ps000005citCIAQ,parking,2449 CHESTNUT  ST,2026-10-12,2026-09-30T21:25:55.000Z,2.0,2026-11-11,2026-10-12,Not Enforceable
URBAN WEST CONSTRUCTION INC,2026-09-28T22:33:24.000Z,2026-10-30,a10Ps00000VFsfoIAD,005Ps00000LEF6MIAX,2026-09-30T22:40:28.000Z,115.0,2026-10-31,2026-09-28,Active,Active,Street Space,SSP-26-06364,012Ps000005citCIAQ,"Scaffold support , and sliding door delivery/staging",1450 DIVISADERO  ST,2026-09-30,2026-09-30T22:40:28.000Z,7.0,2026-10-30,2026-09-30,Enforceable
HOUSEWORKS ENTERPRISES INC,2026-09-28T22:33:44.000Z,2026-11-01,a10Ps00000VG0bhIAD,0058b00000GAFCDAA5,2026-09-29T16:21:59.000Z,20.0,2026-11-02,2026-09-29,Tow Sign Photo,Awaiting Applicant Info,Street Space,SSP-26-06365,012Ps000005citCIAQ,Portable toilet and loading/unloading,2025 ANZA  ST,2026-10-02,2026-09-29T16:21:59.000Z,2.0,2026-11-01,2026-10-02,Not Enforceable
"GLAM CONSTRUCTION, INC.",2026-09-28T22:50:41.000Z,2026-11-01,a10Ps00000VG3MfIAL,0058b00000GAFCDAA5,2026-09-29T15:30:47.000Z,20.0,2026-11-02,2026-09-29,Tow Sign Photo,Awaiting Applicant Info,Street Space,SSP-26-06366,012Ps000005citCIAQ,Re-Roofing,2507 42ND  AVE,2026-10-02,2026-09-29T15:30:47.000Z,2.0,2026-11-01,2026-10-02,Not Enforceable
"GLAM CONSTRUCTION, INC.",2026-09-28T22:53:04.000Z,2026-11-01,a10Ps00000VG3krIAD,0058b00000GAFCDAA5,2026-09-29T15:39:18.000Z,20.0,2026-11-02,2026-09-29,Tow Sign Photo,Awaiting Applicant Info,Street Space,SSP-26-06367,012Ps000005citCIAQ,Re-Roofing,734 27TH  ST,2026-10-02,2026-09-29T15:39:18.000Z,2.0,2026-11-01,2026-10-02,Not Enforceable
URBAN WEST CONSTRUCTION INC,2026-09-28T22:53:31.000Z,2026-11-04,a10Ps00000VG3rJIAT,0058b00000GAFCDAA5,2026-09-29T16:52:09.000Z,115.0,2026-11-05,2026-09-29,Tow Sign Photo,Awaiting Applicant Info,Street Space,SSP-26-06368,012Ps000005citCIAQ,"Scaffold support , and sliding door delivery/staging",2121 GEARY  BLVD,2026-10-05,2026-09-29T16:52:09.000Z,7.0,2026-11-04,2026-10-05,Not Enforceable
"GLAM CONSTRUCTION, INC.",2026-09-28T22:55:32.000Z,2026-11-01,a10Ps00000VG4CHIA1,0058b00000GAFCDAA5,2026-09-29T15:59:24.000Z,20.0,2026-11-02,2026-09-29,Tow Sign Photo,Awaiting Applicant Info,Street Space,SSP-26-06369,012Ps000005citCIAQ,Re-Roofing,201 ORDWAY  ST,2026-10-02,2026-09-29T15:59:24.000Z,2.0,2026-11-01,2026-10-02,Not Enforceable
"LEVEL 8 CONSTRUCTION, INC.",2026-09-28T22:57:47.000Z,2026-10-30,a10Ps00000VG4VdIAL,005Ps00000LEF6MIAX,2026-09-30T16:29:24.000Z,20.0,2026-10-31,2026-09-29,Active,Active,Street Space,SSP-26-06370,012Ps000005citCIAQ,Building Permit - Construction Staging,3678 18TH  ST,2026-09-30,2026-09-30T16:29:24.000Z,2.0,2026-10-30,2026-09-30,Enforceable
"GLAM CONSTRUCTION, INC.",2026-09-28T22:58:05.000Z,2026-11-01,a10Ps00000VFxZ0IAL,0058b00000GAFCDAA5,2026-09-29T16:23:02.000Z,20.0,2026-11-02,2026-09-29,Tow Sign Photo,Awaiting Applicant Info,Street Space,SSP-26-06371,012Ps000005citCIAQ,Re-Roofing,626 27TH  ST,2026-10-02,2026-09-29T16:23:02.000Z,2.0,2026-11-01,2026-10-02,Not Enforceable
"LEVEL 8 CONSTRUCTION, INC.",2026-09-28T22:58:41.000Z,2026-10-30,a10Ps00000VG4c5IAD,005Ps00000LEF6MIAX,2026-09-30T16:30:41.000Z,20.0,2026-10-31,2026-09-29,Active,Active,Street Space,SSP-26-06372,012Ps000005citCIAQ,Building Permit - Construction Staging,24 JOHN  ST,2026-09-30,2026-09-30T16:30:41.000Z,2.0,2026-10-30,2026-09-30,Enforceable
MCGOWAN BUILDERS INC,2026-09-28T23:00:13.000Z,2027-04-01,a10Ps00000VG4k9IAD,0058b00000GAFCDAA5,2026-09-29T17:02:35.000Z,20.0,2027-04-02,2026-09-29,Tow Sign Photo,Awaiting Applicant Info,Street Space,SSP-26-06373,012Ps000005citCIAQ,Parking work Truck,1751 48TH  AVE,2026-10-02,2026-09-29T17:02:35.000Z,2.0,2027-04-01,2026-10-02,Not Enforceable
EUGENE MURPHY,2026-09-28T23:21:27.000Z,2026-10-30,a10Ps00000VG7lFIAT,0058b00000GAFCDAA5,2026-09-28T23:45:30.000Z,20.0,2026-10-31,2026-09-28,Tow Sign Photo,Awaiting Applicant Info,Street Space,SSP-26-06375,012Ps000005citCIAQ,parking,1471 05TH  AVE,2026-09-30,2026-09-28T23:45:30.000Z,2.0,2026-10-30,2026-09-30,Not Enforceable
PEARL PAINTING INC.,2026-09-28T23:22:04.000Z,2026-11-03,a10Ps00000VG5wMIAT,0058b00000GAFCDAA5,2026-09-29T16:57:33.000Z,20.0,2026-11-04,2026-09-29,Tow Sign Photo,Awaiting Applicant Info,Street Space,SSP-26-06376,012Ps000005citCIAQ,Porta potty -  painting,533 WALLER  ST,2026-10-04,2026-09-29T16:57:33.000Z,2.0,2026-11-03,2026-10-04,Not Enforceable
HYLINE CONSTRUCTION INC,2026-09-29T04:03:49.000Z,2027-04-04,a10Ps00000VGSEbIAP,0058b00000GAFCDAA5,2026-09-29T22:33:33.000Z,20.0,2027-04-05,2026-09-29,Tow Sign Photo,Awaiting Applicant Info,Street Space,SSP-26-06381,012Ps000005citCIAQ,Parking,394 LAIDLEY  ST,2026-10-05,2026-09-29T22:33:33.000Z,2.0,2027-04-04,2026-10-05,Not Enforceable
RS PROFESSIONAL PAINTING INC,2026-09-29T05:08:07.000Z,2026-11-01,a10Ps00000VGS3MIAX,0058b00000GAFCDAA5,2026-09-29T16:38:13.000Z,20.0,2026-11-02,2026-09-29,Tow Sign Photo,Awaiting Applicant Info,Street Space,SSP-26-06382,012Ps000005citCIAQ,Placement of one portable toilet for construction work at 226 3rd Ave. Approximately 20 ft of street space requested.,226 03RD  AVE,2026-10-02,2026-09-29T16:38:13.000Z,2.0,2026-11-01,2026-10-02,Not Enforceable
DE BRUS MAOLCHOLM,2026-09-29T10:38:34.000Z,2026-12-04,a10Ps00000VGz0uIAD,0058b00000GAFCDAA5,2026-09-29T10:40:21.000Z,40.0,2026-12-05,2026-09-29,Tow Sign Photo,Awaiting Applicant Info,Street Space,SSP-26-06384,012Ps000005citCIAQ,Loading and unloading of construction material and equipment to job site,75 BARCELONA  AVE,2026-10-05,2026-09-29T10:40:21.000Z,3.0,2026-12-04,2026-10-05,Not Enforceable
,2026-09-29T13:18:41.000Z,2026-12-02,a10Ps00000VHf89IAD,0058b00000GAFCDAA5,2026-09-29T13:27:38.000Z,25.0,2026-12-03,2026-09-29,Tow Sign Photo,Awaiting Applicant Info,Street Space,SSP-26-06385,012Ps000005citCIAQ,Building Permit - Construction Staging,690 MIRAMAR  AVE,2026-10-03,2026-09-29T13:27:38.000Z,3.0,2026-12-02,2026-10-03,Not Enforceable
EDRI CONSTRUCTION INC,2026-09-29T16:47:27.000Z,2027-02-02,a10Ps00000VIl0DIAT,0058b00000GAFCDAA5,2026-09-29T16:51:48.000Z,20.0,2027-02-03,2026-09-29,Tow Sign Photo,Awaiting Applicant Info,Street Space,SSP-26-06386,012Ps000005citCIAQ,PARKING,158 15TH  AVE,2026-10-03,2026-09-29T16:51:48.000Z,2.0,2027-02-02,2026-10-03,Not Enforceable
ARMSTRONG INSTALLATION SER IN,2026-09-29T16:55:44.000Z,2026-11-04,a10Ps00000VIn6rIAD,0058b00000GAFCDAA5,2026-09-29T17:29:08.000Z,20.0,2026-11-05,2026-09-29,Tow Sign Photo,Awaiting Applicant Info,Street Space,SSP-26-06388,012Ps000005citCIAQ,Loading and unloading roofing material.,25 CERES  ST,2026-10-05,2026-09-29T17:29:08.000Z,2.0,2026-11-04,2026-10-05,Not Enforceable
THE TOBONI GROUP LLC,2026-09-29T17:04:36.000Z,2026-11-30,a10Ps00000VIqCnIAL,0058b00000GAFCDAA5,2026-09-29T17:06:01.000Z,40.0,2026-12-01,2026-09-29,Tow Sign Photo,Awaiting Applicant Info,Street Space,SSP-26-06389,012Ps000005citCIAQ,"Material deliveries, construction parking",3701 WASHINGTON  ST,2026-10-01,2026-09-29T17:06:01.000Z,4.0,2026-11-30,2026-10-01,Not Enforceable
VALLEY RESTORATION SERVICES INC.,2026-09-29T17:29:32.000Z,2027-04-02,a10Ps00000VIyDZIA1,0058b00000GAFCDAA5,2026-09-29T19:39:11.000Z,25.0,2027-04-03,2026-09-29,Tow Sign Photo,Awaiting Applicant Info,Street Space,SSP-26-06390,012Ps000005citCIAQ,Work vehicle,4213 26TH  ST,2026-10-03,2026-09-29T19:39:11.000Z,3.0,2027-04-02,2026-10-03,Not Enforceable
JOHN FARLEY,2026-09-29T17:41:12.000Z,2026-12-04,a10Ps00000VJ1jJIAT,0058b00000GAFCDAA5,2026-09-29T17:48:49.000Z,20.0,2026-12-05,2026-09-29,Tow Sign Photo,Awaiting Applicant Info,Street Space,SSP-26-06392,012Ps000005citCIAQ,contractor parking,33 RETIRO  WAY,2026-10-05,2026-09-29T17:48:49.000Z,2.0,2026-12-04,2026-10-05,Not Enforceable
WERNERS GENERAL CONTRACTOR,2026-09-29T17:50:40.000Z,2026-11-01,a10Ps00000VJ4FlIAL,0058b00000GAFCDAA5,2026-09-29T17:55:40.000Z,20.0,2026-11-02,2026-09-29,Tow Sign Photo,Awaiting Applicant Info,Street Space,SSP-26-06393,012Ps000005citCIAQ,construction parking,180 NOE  ST,2026-10-02,2026-09-29T17:55:40.000Z,2.0,2026-11-01,2026-10-02,Not Enforceable
BEST EXTERIORS CONSTRUCTION INC,2026-09-29T17:56:56.000Z,2026-11-04,a10Ps00000VJ61RIAT,0058b00000GAFCDAA5,2026-09-29T19:52:31.000Z,25.0,2026-11-05,2026-09-29,Tow Sign Photo,Awaiting Applicant Info,Street Space,SSP-26-06394,012Ps000005citCIAQ,Parking for Best Exteriors construction trucks,109 ANDERSON  ST,2026-10-05,2026-09-29T19:52:31.000Z,3.0,2026-11-04,2026-10-05,Not Enforceable
,2026-09-29T18:12:50.000Z,2026-11-03,a10Ps00000VJ5QMIA1,0058b00000GAFCDAA5,2026-09-29T21:26:53.000Z,20.0,2026-11-04,2026-09-29,Tow Sign Photo,Awaiting Applicant Info,Street Space,SSP-26-06395,012Ps000005citCIAQ,contractor parking,1318 05TH  AVE,2026-10-04,2026-09-29T21:26:53.000Z,2.0,2026-11-03,2026-10-04,Not Enforceable
SOURDOUGH PAINTING LLC,2026-09-29T18:13:31.000Z,2026-11-04,a10Ps00000VIy0gIAD,0058b00000GAFCDAA5,2026-10-04T00:30:10.000Z,20.0,2026-11-05,2026-10-03,Tow Sign Photo,Awaiting Applicant Info,Street Space,SSP-26-06396,012Ps000005citCIAQ,Scaffold for painting,1988 HAYES  ST,2026-10-05,2026-10-04T00:30:49.000Z,2.0,2026-11-04,2026-10-05,Not Enforceable
,2026-09-29T18:24:35.000Z,2027-01-09,a10Ps00000VJE3pIAH,0058b00000GAFCDAA5,2026-09-29T18:29:31.000Z,20.0,2027-01-10,2026-09-29,Tow Sign Photo,Awaiting Applicant Info,Street Space,SSP-26-06398,012Ps000005citCIAQ,BPA - Construction Staging,506 11TH  AVE,2026-10-10,2026-09-29T18:29:31.000Z,2.0,2027-01-09,2026-10-10,Not Enforceable
LEGEND DERRY PAINTING LLC.,2026-09-29T18:32:04.000Z,2026-12-04,a10Ps00000VJFvxIAH,005Ps00000LEF6MIAX,2026-10-01T15:59:53.000Z,20.0,2026-12-05,2026-09-30,Active,Active,Street Space,SSP-26-06399,012Ps000005citCIAQ,Painting facade of the property,2110 LEAVENWORTH  ST,2026-10-05,2026-10-01T15:59:53.000Z,2.0,2026-12-04,2026-10-05,Not Enforceable
"GLAM CONSTRUCTION, INC.",2026-09-29T18:43:34.000Z,2026-11-04,a10Ps00000VJMfhIAH,0058b00000GAFCDAA5,2026-09-29T20:02:51.000Z,20.0,2026-11-05,2026-09-29,Tow Sign Photo,Awaiting Applicant Info,Street Space,SSP-26-06400,012Ps000005citCIAQ,Re-Roofing,153 SHAKESPEARE  ST,2026-10-05,2026-09-29T20:02:51.000Z,2.0,2026-11-04,2026-10-05,Not Enforceable
JEFF KING AND COMPANY INC,2026-09-29T18:50:19.000Z,2026-11-04,a10Ps00000VJP45IAH,0058b00000GAFCDAA5,2026-10-01T21:08:29.000Z,20.0,2026-11-05,2026-10-01,Tow Sign Photo,Awaiting Applicant Info,Street Space,SSP-26-06401,012Ps000005citCIAQ,Portable toilet and hand washing station,49 WOODLAND  AVE,2026-10-05,2026-10-01T21:08:29.000Z,2.0,2026-11-04,2026-10-05,Not Enforceable
THE COLORES PAINTING CO INC,2026-09-29T18:56:42.000Z,2026-11-04,a10Ps00000VIylcIAD,0058b00000GAFCDAA5,2026-09-29T19:49:08.000Z,80.0,2026-11-05,2026-09-29,Tow Sign Photo,Awaiting Applicant Info,Street Space,SSP-26-06402,012Ps000005citCIAQ,scaffold for work,1601 LINCOLN  WAY,2026-10-05,2026-09-29T19:49:08.000Z,5.0,2026-11-04,2026-10-05,Not Enforceable
BARTLEY NOEL P,2026-09-29T19:37:56.000Z,2026-11-05,a10Ps00000VJaynIAD,0058b00000GAFCDAA5,2026-09-29T20:57:08.000Z,20.0,2026-11-06,2026-09-29,Tow Sign Photo,Awaiting Applicant Info,Street Space,SSP-26-06405,012Ps000005citCIAQ,Staging equipment,1480 10TH  AVE,2026-10-06,2026-09-29T20:57:08.000Z,2.0,2026-11-05,2026-10-06,Not Enforceable
JONATHAN RALPH SANDLER,2026-09-29T19:48:24.000Z,2026-11-03,a10Ps00000VJdF7IAL,005Ps00000LEF6MIAX,2026-09-29T21:00:01.000Z,20.0,2026-11-04,2026-09-29,Final Review,Awaiting Applicant Info,Street Space,SSP-26-06406,012Ps000005citCIAQ,Parking,125 MALLORCA  WAY,2026-10-04,2026-09-29T21:00:01.000Z,2.0,2026-11-03,2026-10-04,Not Enforceable
YK MASON & SONS INC,2026-09-29T19:51:56.000Z,2026-11-04,a10Ps00000VJeKrIAL,005Ps00000J8X2HIAV,2026-10-04T03:21:06.000Z,20.0,2026-11-05,2026-09-29,Final Review,Pending,Street Space,SSP-26-06407,012Ps000005citCIAQ,Scaffolding and parking space in front.  Need both no-parking signs and placard,280 CHENERY  ST,2026-10-05,2026-10-04T03:21:06.000Z,2.0,2026-11-04,2026-10-05,Not Enforceable
YK MASON & SONS INC,2026-09-29T19:58:08.000Z,2026-11-04,a10Ps00000VJfYfIAL,0058b00000GAFCDAA5,2026-09-29T20:51:04.000Z,20.0,2026-11-05,2026-09-29,Tow Sign Photo,Awaiting Applicant Info,Street Space,SSP-26-06408,012Ps000005citCIAQ,Scaffolding and parking in front.  Need both no-parking signs and placard.,2325 TARAVAL  ST,2026-10-05,2026-09-29T20:51:04.000Z,2.0,2026-11-04,2026-10-05,Not Enforceable
YOUNG'S ROOFING INC,2026-09-29T20:13:20.000Z,2026-11-04,a10Ps00000VJj1BIAT,005Ps00000LEF6MIAX,2026-09-30T15:28:36.000Z,20.0,2026-11-05,2026-09-29,Active,Active,Street Space,SSP-26-06409,012Ps000005citCIAQ,Re-Roofing Work,833 JOOST  AVE,2026-10-05,2026-09-30T15:28:36.000Z,2.0,2026-11-04,2026-10-05,Not Enforceable
"PHIL MEYER FLOOR, INC.",2026-09-29T20:21:49.000Z,2027-01-04,a10Ps00000VJjIwIAL,0058b00000GAFCDAA5,2026-09-30T15:43:56.000Z,20.0,2027-01-05,2026-09-30,Tow Sign Photo,Awaiting Applicant Info,Street Space,SSP-26-06410,012Ps000005citCIAQ,Loading and unloading,1150 UNION  ST,2026-10-05,2026-09-30T15:43:56.000Z,2.0,2027-01-04,2026-10-05,Not Enforceable
SF PERMITTING INC,2026-09-29T20:33:16.000Z,2026-12-07,a10Ps00000VJo2TIAT,0058b00000GAFCDAA5,2026-09-30T22:07:42.000Z,20.0,2026-12-08,2026-09-30,Tow Sign Photo,Awaiting Applicant Info,Street Space,SSP-26-06411,012Ps000005citCIAQ,work car,1945 LYON  ST,2026-10-08,2026-09-30T22:07:52.000Z,2.0,2026-12-07,2026-10-08,Not Enforceable
SF PERMITTING INC,2026-09-29T20:38:07.000Z,2026-12-06,a10Ps00000VJp09IAD,0058b00000GAFCDAA5,2026-09-30T22:08:51.000Z,20.0,2026-12-07,2026-09-30,Tow Sign Photo,Awaiting Applicant Info,Street Space,SSP-26-06412,012Ps000005citCIAQ,work vehicle,2455 JACKSON  ST,2026-10-07,2026-09-30T22:09:52.000Z,2.0,2026-12-06,2026-10-07,Not Enforceable
INITIAL CONSTRUCTION INC,2026-09-29T21:15:22.000Z,2026-11-03,a10Ps00000VJvQXIA1,005Ps00000LEF6MIAX,2026-10-02T19:16:13.000Z,25.0,2026-11-04,2026-09-29,Active,Active,Street Space,SSP-26-06413,012Ps000005citCIAQ,Temporary parking unloading material.,41 PROSPER  ST,2026-10-04,2026-10-02T19:16:13.000Z,3.0,2026-11-03,2026-10-04,Not Enforceable
,2026-09-29T21:30:40.000Z,2026-12-12,a10Ps00000VJxiTIAT,0058b00000GAFCDAA5,2026-10-03T02:25:10.000Z,24.0,2026-12-13,2026-10-02,Tow Sign Photo,Awaiting Applicant Info,Street Space,SSP-26-06414,012Ps000005citCIAQ,Construction,1824 GREEN  ST,2026-10-13,2026-10-03T02:25:16.000Z,3.0,2026-12-12,2026-10-13,Not Enforceable
SUPERBUILT,2026-09-29T21:44:55.000Z,2027-03-04,a10Ps00000VK0EvIAL,0058b00000GAFCDAA5,2026-09-29T21:50:12.000Z,20.0,2027-03-05,2026-09-29,Tow Sign Photo,Awaiting Applicant Info,Street Space,SSP-26-06416,012Ps000005citCIAQ,Contractor Parking,160 RICHLAND  AVE,2026-10-05,2026-09-29T21:50:12.000Z,2.0,2027-03-04,2026-10-05,Not Enforceable
MARTIN ALEXANDER L,2026-09-29T21:53:29.000Z,2026-12-07,a10Ps00000VK1ZBIA1,0058b00000GAFCDAA5,2026-10-01T00:47:41.000Z,40.0,2026-12-08,2026-09-30,Tow Sign Photo,Awaiting Applicant Info,Street Space,SSP-26-06417,012Ps000005citCIAQ,Exterior paint job.  Scaffold will be set up along 11th Ave.,450 MORAGA  ST,2026-10-08,2026-10-01T00:47:41.000Z,3.0,2026-12-07,2026-10-08,Not Enforceable
VELOCITY REMEDIATION LLC,2026-09-29T21:57:55.000Z,2027-01-04,a10Ps00000VJjHKIA1,0058b00000GAFCDAA5,2026-09-30T22:19:21.000Z,180.0,2027-01-05,2026-09-30,Tow Sign Photo,Awaiting Applicant Info,Street Space,SSP-26-06418,012Ps000005citCIAQ,Emergency fire damage repairs. Set 80 feet of pedestrian canopy on California Street and additional 110 feet on Broderick Street,2889 CALIFORNIA  ST,2026-10-05,2026-09-30T22:19:21.000Z,6.0,2027-01-04,2026-10-05,Not Enforceable
EXCELSIOR ROOFING INC,2026-09-29T22:32:18.000Z,2026-11-08,a10Ps00000VK7TJIA1,0058b00000GAFCDAA5,2026-09-30T20:48:50.000Z,20.0,2026-11-09,2026-09-30,Tow Sign Photo,Awaiting Applicant Info,Street Space,SSP-26-06419,012Ps000005citCIAQ,loading/unloading of materials,230 NOE  ST,2026-10-09,2026-09-30T20:48:50.000Z,2.0,2026-11-08,2026-10-09,Not Enforceable
TOM LEE ROOFING INC,2026-09-29T22:38:14.000Z,2026-12-08,a10Ps00000VJp9qIAD,0058b00000GAFCDAA5,2026-09-30T20:56:23.000Z,20.0,2026-12-09,2026-09-30,Tow Sign Photo,Awaiting Applicant Info,Street Space,SSP-26-06420,012Ps000005citCIAQ,reroofing,1529 PORTOLA  DR,2026-11-09,2026-09-30T20:56:23.000Z,2.0,2026-12-08,2026-11-09,Not Enforceable
"SYSTEM PAVERS, LLC",2026-09-29T22:39:46.000Z,2026-10-30,a10Ps00000VK8CTIA1,0058b00000GAFCDAA5,2026-09-29T22:42:45.000Z,25.0,2026-10-31,2026-09-29,Tow Sign Photo,Awaiting Applicant Info,Street Space,SSP-26-06421,012Ps000005citCIAQ,Street space needed for materials to install driveway pavers,1349 03RD  AVE,2026-09-30,2026-09-29T22:42:45.000Z,3.0,2026-10-30,2026-09-30,Not Enforceable
D V RASMUSSEN & SON INC,2026-09-29T23:00:01.000Z,2026-10-31,a10Ps00000VKBDZIA5,0058b00000GAFCDAA5,2026-09-29T23:05:04.000Z,20.0,2026-11-01,2026-09-29,Tow Sign Photo,Awaiting Applicant Info,Street Space,SSP-26-06422,012Ps000005citCIAQ,Loading/unloading of tools and materials for building work.,3525 CLAY  ST,2026-10-01,2026-09-29T23:05:04.000Z,2.0,2026-10-31,2026-10-01,Not Enforceable
KILREA CONSTRUCTION INC,2026-09-30T00:16:32.000Z,2027-02-05,a10Ps00000VKFp6IAH,0058b00000GAFCDAA5,2026-09-30T21:04:55.000Z,20.0,2027-02-06,2026-09-30,Tow Sign Photo,Awaiting Applicant Info,Street Space,SSP-26-06423,012Ps000005citCIAQ,Construction parking and restroom.,91 PALM  AVE,2026-10-06,2026-09-30T21:04:55.000Z,2.0,2027-02-05,2026-10-06,Not Enforceable
ALL PRO PAINTING LLC,2026-09-30T01:29:50.000Z,2026-11-04,a10Ps00000VKO9BIAX,0058b00000GAFCDAA5,2026-09-30T22:12:23.000Z,30.0,2026-11-05,2026-09-30,Tow Sign Photo,Awaiting Applicant Info,Street Space,SSP-26-06425,012Ps000005citCIAQ,Loading and unloading,2226 CALIFORNIA  ST,2026-10-05,2026-09-30T22:12:23.000Z,3.0,2026-11-04,2026-10-05,Not Enforceable
LOZANO'S ROOFING SERVICES,2026-09-30T02:14:11.000Z,2026-11-05,a10Ps00000VKQu9IAH,0058b00000GAFCDAA5,2026-09-30T21:12:59.000Z,20.0,2026-11-06,2026-09-30,Tow Sign Photo,Awaiting Applicant Info,Street Space,SSP-26-06426,012Ps000005citCIAQ,work truck parking,1990 48TH  AVE,2026-10-06,2026-09-30T21:12:59.000Z,2.0,2026-11-05,2026-10-06,Not Enforceable
GOLDEN COLORS PAINTING,2026-09-30T03:16:06.000Z,2026-11-03,a10Ps00000VKMk8IAH,0058b00000GAFCDAA5,2026-09-30T03:18:46.000Z,20.0,2026-11-04,2026-09-29,Tow Sign Photo,Awaiting Applicant Info,Street Space,SSP-26-06427,012Ps000005citCIAQ,Scaffolding,1709 ALABAMA  ST,2026-10-04,2026-09-30T03:18:46.000Z,2.0,2026-11-03,2026-10-04,Not Enforceable
DAVIS AARON S,2026-09-30T13:35:20.000Z,2026-11-06,a10Ps00000VMI4TIAX,0058b00000GAFCDAA5,2026-09-30T13:37:26.000Z,40.0,2026-11-07,2026-09-30,Tow Sign Photo,Awaiting Applicant Info,Street Space,SSP-26-06428,012Ps000005citCIAQ,Scaffolding,1405 BRODERICK  ST,2026-10-07,2026-09-30T13:37:26.000Z,3.0,2026-11-06,2026-10-07,Not Enforceable
G M BUILDING AND CONSTRUCTION INC,2026-09-30T14:30:52.000Z,2026-11-02,a10Ps00000VMblSIAT,0058b00000GAFCDAA5,2026-10-02T21:25:07.000Z,30.0,2026-11-03,2026-10-02,Tow Sign Photo,Awaiting Applicant Info,Street Space,SSP-26-06429,012Ps000005citCIAQ,construction,210 04TH  AVE,2026-10-03,2026-10-02T21:25:18.000Z,3.0,2026-11-02,2026-10-03,Not Enforceable
LEWIS ROBERT B,2026-09-30T14:47:50.000Z,2027-04-05,a10Ps00000VMi29IAD,005Ps00000LDnoPIAT,2026-10-05T00:43:38.000Z,,2027-04-06,2026-09-30,Final Review,Pending,Street Space,SSP-26-06430,012Ps000005citCIAQ,construction parking,1170 SACRAMENTO  ST,2026-10-06,2026-10-05T00:43:38.000Z,4.0,2027-04-05,2026-10-06,Not Enforceable
W L BUTLER CONSTRUCTION INC,2026-09-30T15:08:40.000Z,2027-04-19,a10Ps00000VMpYHIA1,0058b00000GAFCDAA5,2026-09-30T15:15:32.000Z,40.0,2027-04-20,2026-09-30,Tow Sign Photo,Awaiting Applicant Info,Street Space,SSP-26-06431,012Ps000005citCIAQ,"Encroachment into the city  sidewalk to stage temp construction fencing, debris box and porta-potties.",33 BANBURY  DR,2026-10-20,2026-09-30T15:15:32.000Z,3.0,2027-04-19,2026-10-20,Not Enforceable
EXCELSIOR ROOFING INC,2026-09-30T15:28:52.000Z,2026-11-15,a10Ps00000VMvgvIAD,0058b00000GAFCDAA5,2026-09-30T21:21:45.000Z,20.0,2026-11-16,2026-09-30,Tow Sign Photo,Awaiting Applicant Info,Street Space,SSP-26-06432,012Ps000005citCIAQ,loading/unloading of materials,1014 GOETTINGEN  ST,2026-10-16,2026-09-30T21:21:45.000Z,2.0,2026-11-15,2026-10-16,Not Enforceable
BRADY CONSTRUCTION INC,2026-09-30T16:16:56.000Z,2027-02-05,a10Ps00000VN20sIAD,0058b00000GAFCDAA5,2026-09-30T21:33:02.000Z,20.0,2027-02-06,2026-09-30,Tow Sign Photo,Awaiting Applicant Info,Street Space,SSP-26-06433,012Ps000005citCIAQ,loading and off loading building materials / dumping,2778 GREEN  ST,2026-10-06,2026-09-30T21:33:02.000Z,2.0,2027-02-05,2026-10-06,Not Enforceable
CENTRAL ROOFING INC,2026-09-30T16:33:09.000Z,2026-11-04,a10Ps00000VNI2PIAX,0058b00000GAFCDAA5,2026-09-30T21:28:34.000Z,20.0,2026-11-05,2026-09-30,Tow Sign Photo,Awaiting Applicant Info,Street Space,SSP-26-06434,012Ps000005citCIAQ,Parking,50 LENOX  WAY,2026-10-05,2026-09-30T21:28:34.000Z,2.0,2026-11-04,2026-10-05,Not Enforceable
TRIOND REMODELING,2026-09-30T16:37:51.000Z,2026-12-11,a10Ps00000VNJMfIAP,0058b00000GAFCDAA5,2026-10-01T18:43:55.000Z,20.0,2026-12-12,2026-10-01,Tow Sign Photo,Awaiting Applicant Info,Street Space,SSP-26-06435,012Ps000005citCIAQ,Parking during construction,80 CASTRO  ST,2026-10-12,2026-10-01T18:44:04.000Z,2.0,2026-12-11,2026-10-12,Not Enforceable
GRAND ROOFING INC,2026-09-30T16:45:27.000Z,2026-11-06,a10Ps00000VNLMrIAP,0058b00000GAFCDAA5,2026-09-30T17:09:35.000Z,20.0,2026-11-07,2026-09-30,Tow Sign Photo,Awaiting Applicant Info,Street Space,SSP-26-06436,012Ps000005citCIAQ,parking for commercial truck,11 WHITNEY  ST,2026-10-07,2026-09-30T17:09:35.000Z,2.0,2026-11-06,2026-10-07,Not Enforceable
GRAND ROOFING INC,2026-09-30T16:50:44.000Z,2026-11-06,a10Ps00000VNMnZIAX,0058b00000GAFCDAA5,2026-09-30T17:08:53.000Z,20.0,2026-11-07,2026-09-30,Tow Sign Photo,Awaiting Applicant Info,Street Space,SSP-26-06437,012Ps000005citCIAQ,parking commercial truck,3571 21ST  ST,2026-10-07,2026-09-30T17:08:53.000Z,2.0,2026-11-06,2026-10-07,Not Enforceable
COLINDRES & ASSOCIATES,2026-09-30T16:59:16.000Z,2026-12-04,a10Ps00000VNN26IAH,0058b00000GAFCDAA5,2026-09-30T21:47:13.000Z,20.0,2026-12-05,2026-09-30,Tow Sign Photo,Awaiting Applicant Info,Street Space,SSP-26-06438,012Ps000005citCIAQ,Loading and unloading work vehicles,3217 BAKER  ST,2026-10-05,2026-09-30T21:47:13.000Z,2.0,2026-12-04,2026-10-05,Not Enforceable
AMADOR GENERAL CONSTRUCTION INC,2026-09-30T17:01:41.000Z,2026-11-04,a10Ps00000VNPYXIA5,0058b00000GAFCDAA5,2026-09-30T22:16:06.000Z,20.0,2026-11-05,2026-09-30,Tow Sign Photo,Awaiting Applicant Info,Street Space,SSP-26-06439,012Ps000005citCIAQ,Truck parking,847 HAIGHT  ST,2026-10-05,2026-09-30T22:16:06.000Z,2.0,2026-11-04,2026-10-05,Not Enforceable
AMADOR GENERAL CONSTRUCTION INC,2026-09-30T17:21:14.000Z,2027-01-04,a10Ps00000VNVkPIAX,0058b00000GAFCDAA5,2026-09-30T22:16:10.000Z,20.0,2027-01-05,2026-09-30,Tow Sign Photo,Awaiting Applicant Info,Street Space,SSP-26-06441,012Ps000005citCIAQ,Truck parking,4150 17TH  ST,2026-10-05,2026-09-30T22:16:10.000Z,2.0,2027-01-04,2026-10-05,Not Enforceable
HOLMES SIDEWINDER LLC,2026-09-30T17:32:11.000Z,2026-11-04,a10Ps00000VNYqLIAX,0058b00000GAFCDAA5,2026-09-30T22:14:38.000Z,20.0,2026-11-05,2026-09-30,Tow Sign Photo,Awaiting Applicant Info,Street Space,SSP-26-06443,012Ps000005citCIAQ,parking during construction,349 FILLMORE  ST,2026-10-05,2026-09-30T22:14:38.000Z,2.0,2026-11-04,2026-10-05,Not Enforceable
K LAU ENTERPRISES INC DBA KA LAU CONSTRUCTION,2026-09-30T17:36:51.000Z,2026-12-05,a10Ps00000VNa8zIAD,0058b00000GAFCDAA5,2026-09-30T17:38:25.000Z,20.0,2026-12-06,2026-09-30,Tow Sign Photo,Awaiting Applicant Info,Street Space,SSP-26-06444,012Ps000005citCIAQ,Building Permit - Construction Staging,3367 17TH  ST,2026-10-06,2026-09-30T17:38:25.000Z,2.0,2026-12-05,2026-10-06,Not Enforceable
MR LI SCAFFOLD CO INC,2026-09-30T17:57:53.000Z,2026-11-03,a10Ps00000VNgntIAD,0058b00000GAFCDAA5,2026-09-30T18:12:09.000Z,33.0,2026-11-04,2026-09-30,Tow Sign Photo,Awaiting Applicant Info,Street Space,SSP-26-06445,012Ps000005citCIAQ,Scaffolding and parking,57 FAIR OAKS  ST,2026-10-04,2026-09-30T18:12:09.000Z,3.0,2026-11-03,2026-10-04,Not Enforceable
MR LI SCAFFOLD CO INC,2026-09-30T18:00:18.000Z,2026-11-05,a10Ps00000VN4sJIAT,0058b00000GAFCDAA5,2026-09-30T18:13:43.000Z,20.0,2026-11-06,2026-09-30,Tow Sign Photo,Awaiting Applicant Info,Street Space,SSP-26-06446,012Ps000005citCIAQ,Scaffolding and Parking,383 24TH  AVE,2026-10-06,2026-09-30T18:13:43.000Z,2.0,2026-11-05,2026-10-06,Not Enforceable
MR LI SCAFFOLD CO INC,2026-09-30T18:03:12.000Z,2026-11-05,a10Ps00000VNhyTIAT,0058b00000GAFCDAA5,2026-09-30T18:14:48.000Z,20.0,2026-11-06,2026-09-30,Tow Sign Photo,Awaiting Applicant Info,Street Space,SSP-26-06447,012Ps000005citCIAQ,scaffolding and parking permit,2415 GREENWICH  ST,2026-10-06,2026-09-30T18:14:48.000Z,2.0,2026-11-05,2026-10-06,Not Enforceable
ANCGC INC = A NEW CONCEPT GENERAL CONSTRUCTION,2026-09-30T18:21:41.000Z,2026-11-04,a10Ps00000VNmbZIAT,0058b00000GAFCDAA5,2026-09-30T18:33:36.000Z,30.0,2026-11-05,2026-09-30,Tow Sign Photo,Awaiting Applicant Info,Street Space,SSP-26-06448,012Ps000005citCIAQ,parking,3882 NORIEGA  ST,2026-10-05,2026-09-30T18:33:36.000Z,3.0,2026-11-04,2026-10-05,Not Enforceable
P W STEPHENS ENVIRONMENTAL INC,2026-09-30T18:47:08.000Z,2026-11-11,a10Ps00000VNverIAD,0058b00000GAFCDAA5,2026-09-30T18:59:39.000Z,100.0,2026-11-12,2026-09-30,Tow Sign Photo,Awaiting Applicant Info,Street Space,SSP-26-06449,012Ps000005citCIAQ,Debris box and contractor parking,2889 CALIFORNIA  ST,2026-10-12,2026-09-30T18:59:39.000Z,6.0,2026-11-11,2026-10-12,Not Enforceable
BURDELL CONSTRUCTION INC,2026-09-30T18:51:29.000Z,2026-12-06,a10Ps00000VNwRFIA1,0058b00000GAFCDAA5,2026-10-01T16:31:16.000Z,20.0,2026-12-07,2026-10-01,Tow Sign Photo,Awaiting Applicant Info,Street Space,SSP-26-06451,012Ps000005citCIAQ,"Requiring for parking space needed for work trucks, and garbage removal, for porta-potty,",4044 22ND  ST,2026-10-07,2026-10-01T16:31:49.000Z,2.0,2026-12-06,2026-10-07,Not Enforceable
LOVE PAINTING PC,2026-09-30T18:56:35.000Z,2026-12-10,a10Ps00000VNxaDIAT,0058b00000GAFCDAA5,2026-10-02T17:26:24.000Z,25.0,2026-12-11,2026-10-02,Tow Sign Photo,Awaiting Applicant Info,Street Space,SSP-26-06452,012Ps000005citCIAQ,Scaffolding and exterior painting,545 DARIEN  WAY,2026-11-11,2026-10-02T17:26:47.000Z,3.0,2026-12-10,2026-11-11,Not Enforceable
GELBER RAMIREZ,2026-09-30T19:16:02.000Z,2026-11-04,a10Ps00000VO1sLIAT,0058b00000GAFCDAA5,2026-09-30T22:26:08.000Z,20.0,2026-11-05,2026-09-30,Tow Sign Photo,Awaiting Applicant Info,Street Space,SSP-26-06453,012Ps000005citCIAQ,Vehicle Parking,600 LAUREL  ST,2026-10-05,2026-09-30T22:26:08.000Z,2.0,2026-11-04,2026-10-05,Not Enforceable
VILLATORO & MUNOZ CONSTRUCTION,2026-09-30T19:34:41.000Z,2026-11-04,a10Ps00000VNjVfIAL,0058b00000GAFCDAA5,2026-09-30T22:32:43.000Z,25.0,2026-11-05,2026-09-30,Tow Sign Photo,Awaiting Applicant Info,Street Space,SSP-26-06454,012Ps000005citCIAQ,Vehicle parking for loading/unloading of materials and equipment,116 CONNECTICUT  ST,2026-10-05,2026-09-30T22:32:43.000Z,3.0,2026-11-04,2026-10-05,Not Enforceable
ROCKLAND CONSTRUCTION GROUP,2026-09-30T19:41:39.000Z,2026-11-04,a10Ps00000VNx2MIAT,0058b00000GAFCDAA5,2026-09-30T20:36:08.000Z,50.0,2026-11-05,2026-09-30,Tow Sign Photo,Awaiting Applicant Info,Street Space,SSP-26-06455,012Ps000005citCIAQ,Parking,2555 OCEAN  AVE,2026-10-05,2026-09-30T20:36:08.000Z,4.0,2026-11-04,2026-10-05,Not Enforceable
DAVID BUZZELL,2026-09-30T19:46:24.000Z,2026-11-05,a10Ps00000VO4OoIAL,0058b00000GAFCDAA5,2026-09-30T21:09:56.000Z,20.0,2026-11-06,2026-09-30,Tow Sign Photo,Awaiting Applicant Info,Street Space,SSP-26-06456,012Ps000005citCIAQ,landscape back yard     need parking and toilet,1818 08TH  AVE,2026-10-06,2026-09-30T21:09:56.000Z,2.0,2026-11-05,2026-10-06,Not Enforceable
BRAHAM JONATHAN,2026-09-30T19:51:20.000Z,2026-11-02,a10Ps00000VOA2nIAH,0058b00000GAFCDAA5,2026-09-30T20:00:43.000Z,20.0,2026-11-03,2026-09-30,Tow Sign Photo,Awaiting Applicant Info,Street Space,SSP-26-06457,012Ps000005citCIAQ,Redecorating,1583 FUNSTON  AVE,2026-10-03,2026-09-30T20:00:43.000Z,2.0,2026-11-02,2026-10-03,Not Enforceable
BATES TAMARA,2026-09-30T20:00:08.000Z,2027-04-04,a10Ps00000VO68vIAD,0058b00000GAFCDAA5,2026-10-02T19:13:22.000Z,37.0,2027-04-05,2026-10-02,Tow Sign Photo,Awaiting Applicant Info,Street Space,SSP-26-06459,012Ps000005citCIAQ,deliveries and work trucks,1170 SACRAMENTO  ST,2026-10-05,2026-10-02T19:14:03.000Z,3.0,2027-04-04,2026-10-05,Not Enforceable
JONATHAN J UMANZOR ABARCA,2026-09-30T20:01:00.000Z,2026-10-31,a10Ps00000VOCNxIAP,0058b00000GAFCDAA5,2026-09-30T20:05:05.000Z,114.0,2026-11-01,2026-09-30,Tow Sign Photo,Awaiting Applicant Info,Street Space,SSP-26-06460,012Ps000005citCIAQ,scaffolding,3600 CALIFORNIA  ST,2026-10-01,2026-09-30T20:05:05.000Z,9.0,2026-10-31,2026-10-01,Not Enforceable
AMERICAN STANDARD ROOFING INC,2026-09-30T20:46:59.000Z,2026-11-04,a10Ps00000VOPg9IAH,0058b00000GAFCDAA5,2026-10-01T16:34:13.000Z,20.0,2026-11-05,2026-10-01,Tow Sign Photo,Awaiting Applicant Info,Street Space,SSP-26-06461,012Ps000005citCIAQ,loading/unloading of materials and staging of equipment,1509 DOLORES  ST,2026-10-05,2026-10-01T16:34:13.000Z,2.0,2026-11-04,2026-10-05,Not Enforceable
AMERICAN STANDARD ROOFING INC,2026-09-30T20:52:21.000Z,2026-11-06,a10Ps00000VOQxBIAX,0058b00000GAFCDAA5,2026-10-01T16:35:46.000Z,20.0,2026-11-07,2026-10-01,Tow Sign Photo,Awaiting Applicant Info,Street Space,SSP-26-06462,012Ps000005citCIAQ,loading/unloading of materials and staging of equipment,420 COLLINGWOOD  ST,2026-10-07,2026-10-01T16:35:46.000Z,2.0,2026-11-06,2026-10-07,Not Enforceable
FAHAN CONSTRUCTION INC,2026-09-30T21:04:04.000Z,2026-11-04,a10Ps00000VOT73IAH,0058b00000GAFCDAA5,2026-10-01T17:46:39.000Z,40.0,2026-11-05,2026-10-01,Tow Sign Photo,Awaiting Applicant Info,Street Space,SSP-26-06463,012Ps000005citCIAQ,Contractor parking,2504 JACKSON  ST,2026-10-05,2026-10-01T17:46:39.000Z,3.0,2026-11-04,2026-10-05,Not Enforceable
HINOJOSA ROOFING INC,2026-09-30T21:11:45.000Z,2026-11-04,a10Ps00000VORBiIAP,0058b00000GAFCDAA5,2026-10-01T15:58:09.000Z,20.0,2026-11-05,2026-10-01,Tow Sign Photo,Awaiting Applicant Info,Street Space,SSP-26-06465,012Ps000005citCIAQ,VEHICLE PARKING,427 CENTRAL  AVE,2026-10-05,2026-10-01T15:58:09.000Z,2.0,2026-11-04,2026-10-05,Not Enforceable
"FARACI PAINTING, LLC",2026-09-30T21:11:55.000Z,2026-11-04,a10Ps00000VOJxKIAX,005Ps00000LEF6MIAX,2026-10-02T21:00:23.000Z,20.0,2026-11-05,2026-10-01,Active,Active,Street Space,SSP-26-06466,012Ps000005citCIAQ,Scaffolding For Exterior Painting,1547 ALABAMA  ST,2026-10-05,2026-10-02T21:00:23.000Z,2.0,2026-11-04,2026-10-05,Not Enforceable
KEIGHTLEY BUILDERS INC,2026-09-30T21:37:42.000Z,2027-04-05,a10Ps00000VOYebIAH,005Ps00000IzSY5IAN,2026-09-30T22:31:33.000Z,20.0,2027-04-06,2026-09-30,Tow Sign Photo,Awaiting Applicant Info,Street Space,SSP-26-06467,012Ps000005citCIAQ,construction vechiel,440 WALLER  ST,2026-10-06,2026-09-30T22:31:33.000Z,2.0,2027-04-05,2026-10-06,Not Enforceable
IDYLLIC CONSTRUCTION,2026-09-30T21:44:56.000Z,2026-11-04,a10Ps00000VOZqnIAH,0058b00000GAFCDAA5,2026-09-30T23:03:00.000Z,20.0,2026-11-05,2026-09-30,Tow Sign Photo,Awaiting Applicant Info,Street Space,SSP-26-06468,012Ps000005citCIAQ,contractor parking,730 FLORIDA  ST,2026-10-05,2026-09-30T23:03:00.000Z,2.0,2026-11-04,2026-10-05,Not Enforceable
,2026-09-30T21:46:41.000Z,2026-11-04,a10Ps00000VOaDNIA1,0058b00000GAFCDAA5,2026-10-01T16:19:28.000Z,20.0,2026-11-05,2026-10-01,Tow Sign Photo,Awaiting Applicant Info,Street Space,SSP-26-06470,012Ps000005citCIAQ,Construction work parking space,945 MINNESOTA  ST,2026-10-05,2026-10-01T16:19:28.000Z,2.0,2026-11-04,2026-10-05,Not Enforceable
JONATHAN J UMANZOR ABARCA,2026-09-30T21:54:37.000Z,2026-11-04,a10Ps00000VOXU4IAP,0058b00000GAFCDAA5,2026-09-30T22:00:30.000Z,100.0,2026-11-05,2026-09-30,Tow Sign Photo,Awaiting Applicant Info,Street Space,SSP-26-06471,012Ps000005citCIAQ,100,600 STANYAN  ST,2026-10-05,2026-09-30T22:00:30.000Z,8.0,2026-11-04,2026-10-05,Not Enforceable
ATLAS TR INC dba ATLAS GENERAL CONSTRUCTION,2026-09-30T22:18:29.000Z,2026-12-05,a10Ps00000VOg4HIAT,0058b00000GAFCDAA5,2026-09-30T23:42:10.000Z,20.0,2026-12-06,2026-09-30,Tow Sign Photo,Awaiting Applicant Info,Street Space,SSP-26-06474,012Ps000005citCIAQ,Construction Parking,1180 GUERRERO  ST,2026-10-06,2026-09-30T23:42:10.000Z,2.0,2026-12-05,2026-10-06,Not Enforceable
YK MASON & SONS INC,2026-09-30T22:38:28.000Z,2026-11-05,a10Ps00000VOiVtIAL,0058b00000GAFCDAA5,2026-10-01T22:36:59.000Z,40.0,2026-11-06,2026-10-01,Tow Sign Photo,Awaiting Applicant Info,Street Space,SSP-26-06476,012Ps000005citCIAQ,Canopy scaffolding only 40' feet on the right side (Freelon Street) and parking spaces in front of this street.  Need both no-parking signs and placard.,555 04TH  ST,2026-10-06,2026-10-01T22:36:59.000Z,3.0,2026-11-05,2026-10-06,Not Enforceable
FORTRESS CONSTRUCTION INC,2026-09-30T22:56:30.000Z,2026-11-05,a10Ps00000VOpvZIAT,005Ps00000LEF6MIAX,2026-10-02T21:03:42.000Z,25.0,2026-11-06,2026-09-30,Active,Active,Street Space,SSP-26-06477,012Ps000005citCIAQ,construction truck parking,1012 CLAYTON  ST,2026-10-06,2026-10-02T21:03:42.000Z,3.0,2026-11-05,2026-10-06,Not Enforceable
YK MASON & SONS INC,2026-09-30T23:15:55.000Z,2026-11-05,a10Ps00000VOuYfIAL,0058b00000GAFCDAA5,2026-10-01T22:34:16.000Z,40.0,2026-11-06,2026-10-01,Tow Sign Photo,Awaiting Applicant Info,Street Space,SSP-26-06478,012Ps000005citCIAQ,Scaffolding and parking spaces in front.  Need both no-parking signs and placard.,1580 WASHINGTON  ST,2026-10-06,2026-10-01T22:34:16.000Z,3.0,2026-11-05,2026-10-06,Not Enforceable
YK MASON & SONS INC,2026-09-30T23:30:20.000Z,2026-11-19,a10Ps00000VOwCHIA1,0058b00000GAFCDAA5,2026-10-01T22:31:12.000Z,20.0,2026-11-20,2026-10-01,Tow Sign Photo,Awaiting Applicant Info,Street Space,SSP-26-06479,012Ps000005citCIAQ,Scaffolding in front and parking space in front.  Need both no-parking signs and placard.,2064 BUSH  ST,2026-10-20,2026-10-01T22:31:12.000Z,2.0,2026-11-19,2026-10-20,Not Enforceable
CLAYTON TIMBRELL & CO,2026-09-30T23:53:14.000Z,2026-11-08,a10Ps00000VOxLIIA1,0058b00000GAFCDAA5,2026-10-02T01:10:06.000Z,25.0,2026-11-09,2026-10-01,Tow Sign Photo,Awaiting Applicant Info,Street Space,SSP-26-06480,012Ps000005citCIAQ,loading/unloading of materials and staging of equipment,169 UPPER  TER,2026-10-09,2026-10-02T01:10:06.000Z,3.0,2026-11-08,2026-10-09,Not Enforceable
"JR CONSTRUCTION AND PAINTING,INC",2026-10-01T14:49:56.000Z,2026-11-06,a10Ps00000VQeuSIAT,005Ps00000NIPXNIA5,2026-10-03T18:00:28.000Z,20.0,2026-11-07,2026-10-01,Final Review,Pending,Street Space,SSP-26-06482,012Ps000005citCIAQ,"Parking unloading ,loading working",1724 STEINER  ST,2026-10-07,2026-10-03T18:00:28.000Z,2.0,2026-11-06,2026-10-07,Not Enforceable
,2026-10-01T15:55:01.000Z,2026-12-06,a10Ps00000VRM96IAH,0058b00000GAFCDAA5,2026-10-01T18:43:18.000Z,20.0,2026-12-07,2026-10-01,Tow Sign Photo,Awaiting Applicant Info,Street Space,SSP-26-06483,012Ps000005citCIAQ,Parking for construction crews,265 AVILA  ST,2026-10-07,2026-10-01T18:43:18.000Z,2.0,2026-12-06,2026-10-07,Not Enforceable
ORTEGA JUAN & ORTEGA ARMANDO,2026-10-01T15:57:46.000Z,2026-11-08,a10Ps00000VRf21IAD,0058b00000GAFCDAA5,2026-10-01T16:53:33.000Z,20.0,2026-11-09,2026-10-01,Tow Sign Photo,Awaiting Applicant Info,Street Space,SSP-26-06484,012Ps000005citCIAQ,Parking,67 CLAIRVIEW  CT,2026-10-09,2026-10-01T16:53:33.000Z,2.0,2026-11-08,2026-10-09,Not Enforceable
MY MY LY,2026-10-01T16:32:59.000Z,2026-12-06,a10Ps00000VRoJpIAL,0058b00000GAFCDAA5,2026-10-02T16:43:21.000Z,20.0,2026-12-07,2026-10-02,Tow Sign Photo,Awaiting Applicant Info,Street Space,SSP-26-06486,012Ps000005citCIAQ,Construction parking,1546 22ND  AVE,2026-10-07,2026-10-02T16:43:52.000Z,2.0,2026-12-06,2026-10-07,Not Enforceable
MODERN CONSTRUCTION INC,2026-10-01T16:47:19.000Z,2027-02-04,a10Ps00000VRreHIAT,0058b00000GAFCDAA5,2026-10-01T17:18:04.000Z,25.0,2027-02-05,2026-10-01,Tow Sign Photo,Awaiting Applicant Info,Street Space,SSP-26-06487,012Ps000005citCIAQ,loading and unloading,1902 WEBSTER  ST,2026-10-05,2026-10-01T17:18:04.000Z,3.0,2027-02-04,2026-10-05,Not Enforceable
TOM LEE ROOFING INC,2026-10-01T16:50:06.000Z,2026-12-15,a10Ps00000VRsFNIA1,0058b00000GAFCDAA5,2026-10-01T17:03:19.000Z,20.0,2026-12-16,2026-10-01,Tow Sign Photo,Awaiting Applicant Info,Street Space,SSP-26-06488,012Ps000005citCIAQ,reroofing,679 MADRID  ST,2026-11-16,2026-10-01T17:03:19.000Z,2.0,2026-12-15,2026-11-16,Not Enforceable
RAIN DEFENSE,2026-10-01T16:51:32.000Z,2026-11-04,a10Ps00000VRsk1IAD,0058b00000GAFCDAA5,2026-10-01T23:07:16.000Z,20.0,2026-11-05,2026-10-01,Tow Sign Photo,Awaiting Applicant Info,Street Space,SSP-26-06489,012Ps000005citCIAQ,To use for our company vehicles while our crew works on site,3099 WASHINGTON  ST,2026-10-05,2026-10-01T23:07:16.000Z,2.0,2026-11-04,2026-10-05,Not Enforceable
CUSTOM CONST ENTERPRISES,2026-10-01T17:09:03.000Z,2026-11-06,a10Ps00000VRxYPIA1,0058b00000GAFCDAA5,2026-10-02T16:14:35.000Z,20.0,2026-11-07,2026-10-02,Tow Sign Photo,Awaiting Applicant Info,Street Space,SSP-26-06490,012Ps000005citCIAQ,Contractor loading and unloading,512 NEVADA  ST,2026-10-07,2026-10-02T16:15:05.000Z,2.0,2026-11-06,2026-10-07,Not Enforceable
PEREZ PREMIUM ROOFING,2026-10-01T17:33:34.000Z,2026-11-04,a10Ps00000VS3ltIAD,005Ps00000IxBTKIA3,2026-10-02T20:42:36.000Z,40.0,2026-11-05,2026-10-01,Tow Sign Photo,Awaiting Applicant Info,Street Space,SSP-26-06491,012Ps000005citCIAQ,"Temporary use of street space for roofing materials, equipment, and debris removal during re-roofing work.",43 GLADEVIEW  WAY,2026-10-05,2026-10-02T20:42:36.000Z,3.0,2026-11-04,2026-10-05,Not Enforceable
BLACK MOUNTAIN DEVELOPMENT,2026-10-01T17:36:15.000Z,2026-11-06,a10Ps00000VS7CnIAL,0058b00000GAFCDAA5,2026-10-01T17:40:46.000Z,20.0,2026-11-07,2026-10-01,Tow Sign Photo,Awaiting Applicant Info,Street Space,SSP-26-06492,012Ps000005citCIAQ,BPA - Construction Staging,2912 PACIFIC  AVE,2026-10-07,2026-10-01T17:40:46.000Z,2.0,2026-11-06,2026-10-07,Not Enforceable
JRG ROOFING INC,2026-10-01T17:59:50.000Z,2026-11-11,a10Ps00000VSD8XIAX,0058b00000GAFCDAA5,2026-10-01T18:04:33.000Z,20.0,2026-11-12,2026-10-01,Tow Sign Photo,Awaiting Applicant Info,Street Space,SSP-26-06493,012Ps000005citCIAQ,Unload Material,75 SAN JACINTO  WAY,2026-10-12,2026-10-01T18:04:33.000Z,2.0,2026-11-11,2026-10-12,Not Enforceable
WCSS,2026-10-01T19:02:56.000Z,2026-12-04,a10Ps00000VSSPJIA5,0058b00000GAFCDAA5,2026-10-01T19:14:33.000Z,20.0,2026-12-05,2026-10-01,Tow Sign Photo,Awaiting Applicant Info,Street Space,SSP-26-06494,012Ps000005citCIAQ,parking for workers,631 HAIGHT  ST,2026-10-05,2026-10-01T19:14:33.000Z,2.0,2026-12-04,2026-10-05,Not Enforceable
SCORPION SCAFFOLDING INC,2026-10-01T19:02:58.000Z,2026-11-04,a10Ps00000VS9crIAD,0058b00000GAFCDAA5,2026-10-01T19:10:19.000Z,20.0,2026-11-05,2026-10-01,Tow Sign Photo,Awaiting Applicant Info,Street Space,SSP-26-06495,012Ps000005citCIAQ,Scaffolding erection,8 RAMONA  AVE,2026-10-05,2026-10-01T19:10:19.000Z,2.0,2026-11-04,2026-10-05,Not Enforceable
ALLIANCE ROOFING CO INC,2026-10-01T19:05:50.000Z,2026-11-04,a10Ps00000VST0PIAX,0058b00000GAFCDAA5,2026-10-01T22:20:34.000Z,20.0,2026-11-05,2026-10-01,Tow Sign Photo,Awaiting Applicant Info,Street Space,SSP-26-06496,012Ps000005citCIAQ,Contractor wants street space adjacent to job address 444 Battery Street on Washington Street. They want a row of motorcycle parking for loading and unloading building material.,444 BATTERY  ST,2026-10-05,2026-10-01T22:20:34.000Z,2.0,2026-11-04,2026-10-05,Not Enforceable
ANDREW CHEKENE ENTERPRISES INC,2026-10-01T20:07:52.000Z,2026-12-11,a10Ps00000VSb9GIAT,0058b00000GAFCDAA5,2026-10-01T21:19:19.000Z,96.0,2026-12-12,2026-10-01,Tow Sign Photo,Awaiting Applicant Info,Street Space,SSP-26-06497,012Ps000005citCIAQ,"debris box, portable toilet, construction trailer, equipment",901 TENNESSEE  ST,2026-10-12,2026-10-01T21:19:19.000Z,6.0,2026-12-11,2026-10-12,Not Enforceable
LYON RESTORATION INC,2026-10-01T20:18:07.000Z,2026-11-04,a10Ps00000VSl6zIAD,0058b00000GAFCDAA5,2026-10-01T21:00:18.000Z,20.0,2026-11-05,2026-10-01,Tow Sign Photo,Awaiting Applicant Info,Street Space,SSP-26-06498,012Ps000005citCIAQ,We will be in the area working on a fire remediation job at 728 Divisadero and will need street parking for our company work vehicle.,728 DIVISADERO  ST,2026-10-05,2026-10-01T21:00:18.000Z,2.0,2026-11-04,2026-10-05,Not Enforceable
TOM LEE ROOFING INC,2026-10-01T20:39:35.000Z,2026-11-18,a10Ps00000VSpNVIA1,0058b00000GAFCDAA5,2026-10-02T14:50:48.000Z,20.0,2026-11-19,2026-10-02,Tow Sign Photo,Awaiting Applicant Info,Street Space,SSP-26-06500,012Ps000005citCIAQ,reroofing,51 STAPLES  AVE,2026-10-19,2026-10-02T14:50:48.000Z,2.0,2026-11-18,2026-10-19,Not Enforceable
"BAXTER CONSTRUCTION, LLC",2026-10-01T20:44:54.000Z,2027-04-06,a10Ps00000VSqOPIA1,0058b00000GAFCDAA5,2026-10-02T15:23:16.000Z,40.0,2027-04-07,2026-10-02,Tow Sign Photo,Awaiting Applicant Info,Street Space,SSP-26-06501,012Ps000005citCIAQ,LOADING AND UNLOADING MATERIALS,1200 CALIFORNIA  ST,2026-10-07,2026-10-02T15:23:16.000Z,3.0,2027-04-06,2026-10-07,Not Enforceable
"CHRISTOPHER GATE CONSTRUCTION, INC",2026-10-01T20:54:58.000Z,2027-04-05,a10Ps00000VSsI9IAL,0058b00000GAFCDAA5,2026-10-01T20:57:34.000Z,20.0,2027-04-06,2026-10-01,Tow Sign Photo,Awaiting Applicant Info,Street Space,SSP-26-06502,012Ps000005citCIAQ,Construction Parking,601 ORTEGA  ST,2026-10-06,2026-10-01T20:57:34.000Z,2.0,2027-04-05,2026-10-06,Not Enforceable
CLIFF POINT CONSTRUCTION,2026-10-01T21:01:36.000Z,2026-11-04,a10Ps00000VStVxIAL,005Ps00000LEF6MIAX,2026-10-02T21:02:47.000Z,30.0,2026-11-05,2026-10-01,Active,Active,Street Space,SSP-26-06504,012Ps000005citCIAQ,"Apply scaffolding, Work on building dry-rot and siding repair.",2766 GREEN  ST,2026-10-05,2026-10-02T21:02:47.000Z,3.0,2026-11-04,2026-10-05,Not Enforceable
ALL PRO PAINTING SERVICES INC,2026-10-01T21:21:02.000Z,2026-11-08,a10Ps00000VSwVRIA1,0058b00000GAFCDAA5,2026-10-02T17:41:47.000Z,40.0,2026-11-09,2026-10-02,Tow Sign Photo,Awaiting Applicant Info,Street Space,SSP-26-06505,012Ps000005citCIAQ,Loading and unloading materials,1060 BUSH  ST,2026-10-09,2026-10-02T17:41:47.000Z,3.0,2026-11-08,2026-10-09,Not Enforceable
ALL PRO PAINTING SERVICES INC,2026-10-01T21:37:10.000Z,2026-11-07,a10Ps00000VT125IAD,0058b00000GAFCDAA5,2026-10-02T17:41:53.000Z,20.0,2026-11-08,2026-10-02,Tow Sign Photo,Awaiting Applicant Info,Street Space,SSP-26-06506,012Ps000005citCIAQ,Loading and unloading materials,1053 BUSH  ST,2026-10-08,2026-10-02T17:41:53.000Z,2.0,2026-11-07,2026-10-08,Not Enforceable
ALL PRO PAINTING SERVICES INC,2026-10-01T21:40:17.000Z,2027-09-29,a10Ps00000VSzoIIAT,0058b00000GAFCDAA5,2026-10-02T17:42:27.000Z,20.0,2027-09-30,2026-10-02,Tow Sign Photo,Awaiting Applicant Info,Street Space,SSP-26-06507,012Ps000005citCIAQ,loading and unloading materials,1045 BUSH  ST,2027-08-31,2026-10-02T17:42:27.000Z,2.0,2027-09-29,2027-08-31,Not Enforceable
"ALLIED RESTORATION CO., INC",2026-10-01T22:21:59.000Z,2026-12-08,a10Ps00000VTAuzIAH,0058b00000GAFCDAA5,2026-10-02T16:50:19.000Z,40.0,2026-12-09,2026-10-02,Tow Sign Photo,Awaiting Applicant Info,Street Space,SSP-26-06508,012Ps000005citCIAQ,Construction Parking,2301 FILLMORE  ST,2026-10-09,2026-10-02T16:50:19.000Z,3.0,2026-12-08,2026-10-09,Not Enforceable
GARY HEAD AND PARTNERS PAINTING CORPORATION,2026-10-01T22:42:23.000Z,2026-11-02,a10Ps00000VSjlBIAT,0058b00000GAFCDAA5,2026-10-03T12:57:49.000Z,40.0,2026-11-03,2026-10-03,Tow Sign Photo,Awaiting Applicant Info,Street Space,SSP-26-06509,012Ps000005citCIAQ,Scaffolding,1201 GREENWICH  ST,2026-10-03,2026-10-03T12:58:03.000Z,3.0,2026-11-02,2026-10-03,Not Enforceable
,2026-10-01T22:49:21.000Z,2026-11-04,a10Ps00000VTI69IAH,0058b00000GAFCDAA5,2026-10-02T16:11:07.000Z,20.0,2026-11-05,2026-10-02,Tow Sign Photo,Awaiting Applicant Info,Street Space,SSP-26-06510,012Ps000005citCIAQ,"Staging of equipment, loading and unloading",70 BEAVER  ST,2026-10-05,2026-10-02T16:11:07.000Z,2.0,2026-11-04,2026-10-05,Not Enforceable
CLAYTON TIMBRELL & CO,2026-10-02T00:29:51.000Z,2026-12-05,a10Ps00000VTVJVIA5,0058b00000GAFCDAA5,2026-10-02T16:00:28.000Z,50.0,2026-12-06,2026-10-02,Tow Sign Photo,Awaiting Applicant Info,Street Space,SSP-26-06511,012Ps000005citCIAQ,loading/unloading of materials and staging of equipment,2550 SCOTT  ST,2026-10-06,2026-10-02T16:00:28.000Z,4.0,2026-12-05,2026-10-06,Not Enforceable
ABNER DANIEL GUTIERREZ MUNOZ,2026-10-02T01:42:49.000Z,2026-11-04,a10Ps00000VTcknIAD,0058b00000GAFCDAA5,2026-10-02T16:01:43.000Z,20.0,2026-11-05,2026-10-02,Tow Sign Photo,Awaiting Applicant Info,Street Space,SSP-26-06512,012Ps000005citCIAQ,"Temporary occupation of street space for landscaping maintenance. The space will be used to park contractor vehicles and to load/unload landscaping materials, tools, and debris generated during the work. Pedestrian and traffic access will be maintained at all times.",3054 25TH  ST,2026-10-05,2026-10-02T16:01:43.000Z,2.0,2026-11-04,2026-10-05,Not Enforceable
,2026-10-02T06:51:57.000Z,2026-12-01,a10Ps00000VU1suIAD,0058b00000GAFCDAA5,2026-10-02T06:57:02.000Z,25.0,2026-12-02,2026-10-01,Tow Sign Photo,Awaiting Applicant Info,Street Space,SSP-26-06513,012Ps000005citCIAQ,"Delivery of construction materials, cement truck, etc.",120 25TH  AVE,2026-10-02,2026-10-02T06:57:02.000Z,3.0,2026-12-01,2026-10-02,Not Enforceable
MB JESSEE INC,2026-10-02T14:48:43.000Z,2026-11-05,a10Ps00000VVa6zIAD,0058b00000GAFCDAA5,2026-10-02T15:52:57.000Z,27.0,2026-11-06,2026-10-02,Tow Sign Photo,Awaiting Applicant Info,Street Space,SSP-26-06515,012Ps000005citCIAQ,Permit for scaffold use.,16 DOLORES  TER,2026-10-06,2026-10-02T15:52:57.000Z,3.0,2026-11-05,2026-10-06,Not Enforceable
,2026-10-02T15:17:49.000Z,2026-11-05,a10Ps00000VVUeIIAX,005Ps00000LEF6MIAX,2026-10-02T21:01:20.000Z,20.0,2026-11-06,2026-10-02,Active,Active,Street Space,SSP-26-06516,012Ps000005citCIAQ,Parking for construction-related vehicles,1451 MONTGOMERY  ST,2026-10-06,2026-10-02T21:01:20.000Z,2.0,2026-11-05,2026-10-06,Not Enforceable
ERICK V PAINTING INC,2026-10-02T16:02:51.000Z,2026-11-05,a10Ps00000VVtj7IAD,0058b00000GAFCDAA5,2026-10-02T16:14:04.000Z,20.0,2026-11-06,2026-10-02,Tow Sign Photo,Awaiting Applicant Info,Street Space,SSP-26-06517,012Ps000005citCIAQ,scaffolding,2275 JACKSON  ST,2026-10-06,2026-10-02T16:14:04.000Z,2.0,2026-11-05,2026-10-06,Not Enforceable
GTM ROOFING SERVICES LLC,2026-10-02T17:17:57.000Z,2026-11-05,a10Ps00000VWDbNIAX,0058b00000GAFCDAA5,2026-10-02T19:50:57.000Z,20.0,2026-11-06,2026-10-02,Tow Sign Photo,Awaiting Applicant Info,Street Space,SSP-26-06520,012Ps000005citCIAQ,"Company car, who carry tools and materials for a site job",160 CHATTANOOGA  ST,2026-10-06,2026-10-02T19:50:57.000Z,2.0,2026-11-05,2026-10-06,Not Enforceable
FOG CITY ROOFING LLC,2026-10-02T17:31:08.000Z,2026-11-25,a10Ps00000VWGW1IAP,0058b00000GAFCDAA5,2026-10-02T17:47:54.000Z,20.0,2026-11-26,2026-10-02,Tow Sign Photo,Awaiting Applicant Info,Street Space,SSP-26-06521,012Ps000005citCIAQ,Provide parking for company vehicles throughout the duration of the work.,2006 PIERCE  ST,2026-10-26,2026-10-02T17:47:54.000Z,2.0,2026-11-25,2026-10-26,Not Enforceable
,2026-10-02T17:31:50.000Z,2026-12-05,a10Ps00000VWGkXIAX,005Ps00000LEF6MIAX,2026-10-02T22:23:33.000Z,20.0,2026-12-06,2026-10-02,Active,Active,Street Space,SSP-26-06522,012Ps000005citCIAQ,Need 1 space for demo dumpster from Recology for 4 - 6 weeks.  Demo related to permit #202205315292,1214 UNION  ST,2026-10-06,2026-10-02T22:23:33.000Z,2.0,2026-12-05,2026-10-06,Not Enforceable
TIPCO CONSTRUCTION INC,2026-10-02T17:54:42.000Z,2027-02-11,a10Ps00000VVwPGIA1,0058b00000GAFCDAA5,2026-10-02T22:51:52.000Z,20.0,2027-02-12,2026-10-02,Tow Sign Photo,Awaiting Applicant Info,Street Space,SSP-26-06524,012Ps000005citCIAQ,Construction deliveries and equipment,520 LOMBARD  ST,2026-10-12,2026-10-02T22:51:52.000Z,2.0,2027-02-11,2026-10-12,Not Enforceable
,2026-10-02T18:14:22.000Z,2026-11-06,a10Ps00000VWQDdIAP,0058b00000GAFCDAA5,2026-10-02T20:04:35.000Z,20.0,2026-11-07,2026-10-02,Tow Sign Photo,Awaiting Applicant Info,Street Space,SSP-26-06526,012Ps000005citCIAQ,porta potty,1816 CHURCH  ST,2026-10-07,2026-10-02T20:04:35.000Z,2.0,2026-11-06,2026-10-07,Not Enforceable
,2026-10-02T18:46:54.000Z,2027-02-07,a10Ps00000VWW4XIAX,0058b00000GAFCDAA5,2026-10-02T21:07:59.000Z,20.0,2027-02-08,2026-10-02,Tow Sign Photo,Awaiting Applicant Info,Street Space,SSP-26-06529,012Ps000005citCIAQ,Parking for contractor's vehicles and materials.,108 CORTLAND  AVE,2026-10-08,2026-10-02T21:07:59.000Z,2.0,2027-02-07,2026-10-08,Not Enforceable
THE METICULOUS HANDYMAN LLC,2026-10-02T18:49:32.000Z,2026-11-04,a10Ps00000VWWe1IAH,005Ps00000LEF6MIAX,2026-10-02T23:00:53.000Z,20.0,2026-11-05,2026-10-02,Active,Active,Street Space,SSP-26-06530,012Ps000005citCIAQ,Designated construction parking and portable toilet,57 ALPINE  TER,2026-10-05,2026-10-02T23:00:53.000Z,2.0,2026-11-04,2026-10-05,Not Enforceable
HON'S CONSTRUCTION INC,2026-10-02T18:57:32.000Z,2027-01-11,a10Ps00000VWYSvIAP,0058b00000GAFCDAA5,2026-10-02T20:01:41.000Z,20.0,2027-01-12,2026-10-02,Tow Sign Photo,Awaiting Applicant Info,Street Space,SSP-26-06531,012Ps000005citCIAQ,Parking for contractor work vehicles and loading/unloading of construction materials and tools for interior remodel of Unit 5 under the DBI permit. No excavation.,3548 PIERCE  ST,2026-10-12,2026-10-02T20:01:41.000Z,2.0,2027-01-11,2026-10-12,Not Enforceable
CENTRAL ROOFING INC,2026-10-02T19:10:36.000Z,2026-11-05,a10Ps00000VWb5pIAD,0058b00000GAFCDAA5,2026-10-02T19:30:42.000Z,20.0,2026-11-06,2026-10-02,Tow Sign Photo,Awaiting Applicant Info,Street Space,SSP-26-06532,012Ps000005citCIAQ,Parking,2846 WASHINGTON  ST,2026-10-06,2026-10-02T19:30:42.000Z,2.0,2026-11-05,2026-10-06,Not Enforceable
MR ROOFING INC,2026-10-02T19:12:25.000Z,2026-11-13,a10Ps00000VWbXFIA1,0058b00000GAFCDAA5,2026-10-02T20:03:23.000Z,20.0,2026-11-14,2026-10-02,Tow Sign Photo,Awaiting Applicant Info,Street Space,SSP-26-06533,012Ps000005citCIAQ,park work trucks with tools and garbage dump,846 25TH  AVE,2026-10-14,2026-10-02T20:03:23.000Z,2.0,2026-11-13,2026-10-14,Not Enforceable
ANDREW CHEKENE ENTERPRISES INC,2026-10-02T19:16:44.000Z,2026-11-15,a10Ps00000VWaD0IAL,0058b00000GAFCDAA5,2026-10-02T20:32:42.000Z,60.0,2026-11-16,2026-10-02,Tow Sign Photo,Awaiting Applicant Info,Street Space,SSP-26-06534,012Ps000005citCIAQ,parking,280 SPEAR  ST,2026-10-16,2026-10-02T20:32:42.000Z,4.0,2026-11-15,2026-10-16,Not Enforceable
VON GERMAIN,2026-10-02T19:44:39.000Z,2026-12-05,a10Ps00000VWifBIAT,0058b00000GAFCDAA5,2026-10-02T20:15:46.000Z,20.0,2026-12-06,2026-10-02,Tow Sign Photo,Awaiting Applicant Info,Street Space,SSP-26-06536,012Ps000005citCIAQ,DBI BPA - Construction Staging,20 EL SERENO  CT,2026-10-06,2026-10-02T20:15:46.000Z,2.0,2026-12-05,2026-10-06,Not Enforceable
MR ROOFING INC,2026-10-02T20:20:21.000Z,2026-11-18,a10Ps00000VWqCvIAL,0058b00000GAFCDAA5,2026-10-02T21:01:03.000Z,20.0,2026-11-19,2026-10-02,Tow Sign Photo,Awaiting Applicant Info,Street Space,SSP-26-06538,012Ps000005citCIAQ,park work trucks and garbage dump,546 MYRA  WAY,2026-10-19,2026-10-02T21:01:03.000Z,2.0,2026-11-18,2026-10-19,Not Enforceable
NF CONSULTANT & DESIGN DBA TOGETHER HOME REMODELING,2026-10-02T20:41:48.000Z,2027-01-05,a10Ps00000VWtdpIAD,0058b00000GAFCDAA5,2026-10-02T21:19:48.000Z,20.0,2027-01-06,2026-10-02,Tow Sign Photo,Awaiting Applicant Info,Street Space,SSP-26-06540,012Ps000005citCIAQ,Loading/unloading of materials and staging of equipment,1378 WALLER  ST,2026-10-06,2026-10-02T21:19:48.000Z,2.0,2027-01-05,2026-10-06,Not Enforceable
MR ROOFING INC,2026-10-02T20:42:41.000Z,2026-11-21,a10Ps00000VWtltIAD,0058b00000GAFCDAA5,2026-10-02T21:36:06.000Z,20.0,2026-11-22,2026-10-02,Tow Sign Photo,Awaiting Applicant Info,Street Space,SSP-26-06541,012Ps000005citCIAQ,park work trucks and garbage dump,1663 24TH  AVE,2026-10-22,2026-10-02T21:36:06.000Z,2.0,2026-11-21,2026-10-22,Not Enforceable
NF CONSULTANT & DESIGN DBA TOGETHER HOME REMODELING,2026-10-02T21:11:09.000Z,2026-12-18,a10Ps00000VWhb6IAD,0058b00000GAFCDAA5,2026-10-02T21:55:47.000Z,20.0,2026-12-19,2026-10-02,Tow Sign Photo,Awaiting Applicant Info,Street Space,SSP-26-06544,012Ps000005citCIAQ,Loading/unloading of materials and staging of equipment,2540 POLK  ST,2026-10-19,2026-10-02T21:55:47.000Z,2.0,2026-12-18,2026-10-19,Not Enforceable
XINRONG CONSTRUCTION INC,2026-10-02T21:47:11.000Z,2026-12-05,a10Ps00000VX3EzIAL,0058b00000GAFCDAA5,2026-10-02T23:14:29.000Z,20.0,2026-12-06,2026-10-02,Tow Sign Photo,Awaiting Applicant Info,Street Space,SSP-26-06545,012Ps000005citCIAQ,Need space to park my truck due to the house remodeling,466 28TH  AVE,2026-10-06,2026-10-02T23:14:29.000Z,2.0,2026-12-05,2026-10-06,Not Enforceable
ROMKON INC,2026-10-02T22:33:07.000Z,2026-12-05,a10Ps00000VXC6zIAH,0058b00000GAFCDAA5,2026-10-02T23:07:28.000Z,40.0,2026-12-06,2026-10-02,Tow Sign Photo,Awaiting Applicant Info,Street Space,SSP-26-06548,012Ps000005citCIAQ,DBI BPA - Construction Staging,562 28TH  AVE,2026-10-06,2026-10-02T23:07:28.000Z,3.0,2026-12-05,2026-10-06,Not Enforceable
MENDEZ PROFESSIONAL PAINTING INC,2026-10-02T22:36:08.000Z,2026-11-05,a10Ps00000VXD6HIAX,0058b00000GAFCDAA5,2026-10-02T23:09:26.000Z,80.0,2026-11-06,2026-10-02,Tow Sign Photo,Awaiting Applicant Info,Street Space,SSP-26-06549,012Ps000005citCIAQ,scaffolding,712 21ST  AVE,2026-10-06,2026-10-02T23:09:26.000Z,5.0,2026-11-05,2026-10-06,Not Enforceable
YK MASON & SONS INC,2026-10-02T22:37:14.000Z,2026-11-07,a10Ps00000VWv7mIAD,0058b00000GAFCDAA5,2026-10-02T23:12:26.000Z,20.0,2026-11-08,2026-10-02,Tow Sign Photo,Awaiting Applicant Info,Street Space,SSP-26-06550,012Ps000005citCIAQ,Scaffolding in front and 1 meter to buy.  Need no-parking signs and placard.,1165 FOLSOM  ST,2026-10-08,2026-10-02T23:12:26.000Z,2.0,2026-11-07,2026-10-08,Not Enforceable
YK MASON & SONS INC,2026-10-02T22:41:59.000Z,2026-11-22,a10Ps00000VXDhNIAX,0058b00000GAFCDAA5,2026-10-02T23:14:29.000Z,20.0,2026-11-23,2026-10-02,Tow Sign Photo,Awaiting Applicant Info,Street Space,SSP-26-06551,012Ps000005citCIAQ,Scaffolding in front and parking space in front.  Need both no-parking signs and placard,1476 CHURCH  ST,2026-10-23,2026-10-02T23:14:29.000Z,2.0,2026-11-22,2026-10-23,Not Enforceable
CREGGAN CONSTRUCTION INC,2026-10-04T23:50:50.000Z,2026-11-05,a10Ps00000VgicOIAR,0058b00000GAFCDAA5,2026-10-05T00:13:24.000Z,20.0,2026-11-06,2026-10-04,Tow Sign Photo,Awaiting Applicant Info,Street Space,SSP-26-06570,012Ps000005citCIAQ,jobsite parking,117 FAIR OAKS  ST,2026-10-06,2026-10-05T00:13:24.000Z,2.0,2026-11-05,2026-10-06,Not Enforceable
,2026-10-05T01:04:19.000Z,2026-11-09,a10Ps00000Vh2HdIAJ,0058b00000GAFCDAA5,2026-10-05T01:08:06.000Z,20.0,2026-11-10,2026-10-04,Tow Sign Photo,Awaiting Applicant Info,Street Space,SSP-26-06571,012Ps000005citCIAQ,Trash/debris trucks and construction worker parking,264 DUNCAN  ST,2026-10-10,2026-10-05T01:08:06.000Z,2.0,2026-11-09,2026-10-10,Not Enforceable
NAVARRO CONCRETE CONSTRUCTION,2026-08-10T17:21:09.000Z,2026-09-25,a10Ps00000SK8m5IAD,0058b00000GAFCDAA5,2026-09-26T07:00:15.000Z,20.0,2026-09-26,2026-09-18,Closed,Expired,Sidewalk Repair,SWR-26-00524,012Ps000005citBIAQ,"All work must strictly follow the scope of work detailed in the official Notice to Repair (NTR). Work is strictly limited to in-kind repair/replacement. No grading, asphalt, driveway, or curb-related work is permitted under this permit. Any work triggering street improvements, or any increase in scope or square footage beyond the NTR, must be communicated to and approved by Plan Checker Jomari Fernandez (jomari.fernandez@sfdpw.org) and/or the designated Inspector prior to execution. Performing work beyond the NTR scope without prior written approval and supplemental fee payment is strictly prohibited.",1890 WASHINGTON  ST,2026-08-26,2026-09-26T07:00:17.000Z,2.0,2026-09-25,2026-08-26,Not Enforceable
ASSOCIATED BUILDERS,2026-08-10T19:53:05.000Z,2026-09-19,a10Ps00000SKml7IAD,0058b00000GAFCDAA5,2026-09-20T07:00:17.000Z,20.0,2026-09-20,2026-08-14,Closed,Expired,Sidewalk Repair,SWR-26-00525,012Ps000005citBIAQ,,808 MISSION  ST,2026-08-20,2026-09-20T07:00:18.000Z,2.0,2026-09-19,2026-08-20,Not Enforceable
ASSOCIATED BUILDERS,2026-08-10T20:00:42.000Z,2026-09-23,a10Ps00000SKoa1IAD,0058b00000GAFCDAA5,2026-09-24T07:00:20.000Z,20.0,2026-09-24,2026-08-20,Closed,Expired,Sidewalk Repair,SWR-26-00526,012Ps000005citBIAQ,,315 JESSIE  ST,2026-08-24,2026-09-24T07:00:21.000Z,2.0,2026-09-23,2026-08-24,Not Enforceable
E F Gomez,2026-08-11T15:02:01.000Z,2026-09-20,a10Ps00000SNh2XIAT,0058b00000GAFCDAA5,2026-09-21T07:00:07.000Z,20.0,2026-09-21,2026-08-12,Closed,Expired,Sidewalk Repair,SWR-26-00529,012Ps000005citBIAQ,,173 IDORA  AVE,2026-08-21,2026-09-21T07:00:09.000Z,2.0,2026-09-20,2026-08-21,Not Enforceable
RAUL AMBROCIO CRUZ,2026-08-13T22:13:25.000Z,2026-09-23,a10Ps00000SZ8iXIAT,0058b00000GAFCDAA5,2026-09-24T07:00:20.000Z,25.0,2026-09-24,2026-08-13,Closed,Expired,Sidewalk Repair,SWR-26-00533,012Ps000005citBIAQ,,55 ALPHA  ST,2026-08-24,2026-09-24T07:00:23.000Z,3.0,2026-09-23,2026-08-24,Not Enforceable
RAUL AMBROCIO CRUZ,2026-08-13T22:30:06.000Z,2026-09-23,a10Ps00000SZAE6IAP,0058b00000GAFCDAA5,2026-09-24T07:00:20.000Z,25.0,2026-09-24,2026-08-13,Closed,Expired,Sidewalk Repair,SWR-26-00534,012Ps000005citBIAQ,,47 ALPHA  ST,2026-08-24,2026-09-24T07:00:23.000Z,3.0,2026-09-23,2026-08-24,Not Enforceable
RAUL AMBROCIO CRUZ,2026-08-13T23:25:24.000Z,2026-09-23,a10Ps00000SZJ2rIAH,0058b00000GAFCDAA5,2026-09-24T07:00:20.000Z,25.0,2026-09-24,,Closed,Expired,Sidewalk Repair,SWR-26-00535,012Ps000005citBIAQ,,47 ALPHA  ST,2026-08-24,2026-09-24T07:00:23.000Z,3.0,2026-09-23,2026-08-24,Not Enforceable
IMBIMBO CONCRETE INC.,2026-08-14T15:17:08.000Z,2026-09-19,a10Ps00000SbZwMIAV,0058b00000GAFCDAA5,2026-09-20T07:00:08.000Z,20.0,2026-09-20,2026-08-17,Closed,Expired,Sidewalk Repair,SWR-26-00536,012Ps000005citBIAQ,,3019 OCTAVIA  ST,2026-08-20,2026-09-20T07:00:10.000Z,2.0,2026-09-19,2026-08-20,Not Enforceable
,2026-08-15T17:57:48.000Z,2026-10-01,a10Ps00000SfreXIAR,0058b00000GAFCDAA5,2026-10-02T07:00:14.000Z,40.0,2026-10-02,2026-08-19,Closed,Expired,Sidewalk Repair,SWR-26-00539,012Ps000005citBIAQ,"Work is strictly limited to in-kind repair/replacement as shown in the approved photo and drawing submissions. No grading, asphalt, driveway, or curb-related work is permitted under this permit. Any work triggering street improvements, or any increase in scope or square footage, must be communicated to and approved by Plan Checker Jomari Fernandez (jomari.fernandez@sfdpw.org) and/or the designated Inspector prior to starting work. Unauthorized expansion of work area or square footage without supplemental review and fee payment is strictly prohibited.",40 SWEENY  ST,2026-09-01,2026-10-02T07:00:15.000Z,3.0,2026-10-01,2026-09-01,Not Enforceable
E F Gomez,2026-08-17T16:07:54.000Z,2026-09-23,a10Ps00000SkFn7IAF,0058b00000GAFCDAA5,2026-09-24T07:00:20.000Z,20.0,2026-09-24,2026-08-20,Closed,Expired,Sidewalk Repair,SWR-26-00540,012Ps000005citBIAQ,,65 MIDCREST  WAY,2026-08-24,2026-09-24T07:00:24.000Z,2.0,2026-09-23,2026-08-24,Not Enforceable
E F Gomez,2026-08-17T16:28:23.000Z,2026-09-20,a10Ps00000SkMS1IAN,0058b00000GAFCDAA5,2026-09-21T07:00:07.000Z,20.0,2026-09-21,2026-08-18,Closed,Expired,Sidewalk Repair,SWR-26-00541,012Ps000005citBIAQ,,3675 CLAY  ST,2026-08-21,2026-09-21T07:00:10.000Z,2.0,2026-09-20,2026-08-21,Not Enforceable
E F Gomez,2026-08-17T17:00:52.000Z,2026-09-26,a10Ps00000SkXdZIAV,0058b00000GAFCDAA5,2026-09-27T07:00:08.000Z,20.0,2026-09-27,2026-08-17,Closed,Expired,Sidewalk Repair,SWR-26-00542,012Ps000005citBIAQ,,3500 MARKET  ST,2026-08-27,2026-09-27T07:00:09.000Z,2.0,2026-09-26,2026-08-27,Not Enforceable
E F Gomez,2026-08-17T17:20:20.000Z,2026-09-22,a10Ps00000SkdhNIAR,0058b00000GAFCDAA5,2026-09-23T07:00:08.000Z,20.0,2026-09-23,2026-08-17,Closed,Expired,Sidewalk Repair,SWR-26-00543,012Ps000005citBIAQ,,340 PINE  ST,2026-08-23,2026-09-23T07:00:09.000Z,2.0,2026-09-22,2026-08-23,Not Enforceable
E F Gomez,2026-08-17T17:21:28.000Z,2026-09-21,a10Ps00000SkFAQIA3,0058b00000GAFCDAA5,2026-09-22T07:00:11.000Z,20.0,2026-09-22,2026-08-17,Closed,Expired,Sidewalk Repair,SWR-26-00544,012Ps000005citBIAQ,"Scope of work must follow Notice to Repair (NTR) 1222586. In-kind only. No grading, asphalt or curb related work is permitted.",2205 MISSION  ST,2026-08-22,2026-09-22T07:00:12.000Z,2.0,2026-09-21,2026-08-22,Not Enforceable
SAINT BRIDGET CONSTRUCTION,2026-08-17T18:03:22.000Z,2026-09-23,a10Ps00000Sko1iIAB,0058b00000GAFCDAA5,2026-09-24T07:00:20.000Z,20.0,2026-09-24,2026-08-20,Closed,Expired,Sidewalk Repair,SWR-26-00545,012Ps000005citBIAQ,,945 TOMPKINS  AVE,2026-08-24,2026-09-24T07:00:24.000Z,2.0,2026-09-23,2026-08-24,Not Enforceable
CEJ CONSTRUCTION LLC,2026-08-17T20:56:02.000Z,2026-09-20,a10Ps00000SlKJKIA3,0058b00000GAFCDAA5,2026-09-22T07:00:11.000Z,20.0,2026-09-21,,Closed,Expired,Sidewalk Repair,SWR-26-00546,012Ps000005citBIAQ,,134 02ND  AVE,2026-08-21,2026-09-22T07:00:13.000Z,2.0,2026-09-20,2026-08-21,Not Enforceable
LINDQUIST CUSTOM CONSTRUC INC,2026-08-17T21:47:01.000Z,2026-09-23,a10Ps00000SlmibIAB,0058b00000GAFCDAA5,2026-09-24T07:00:20.000Z,20.0,2026-09-24,2026-09-08,Closed,Expired,Sidewalk Repair,SWR-26-00547,012Ps000005citBIAQ,,67 WOODLAND  AVE,2026-08-24,2026-09-24T07:00:24.000Z,2.0,2026-09-23,2026-08-24,Not Enforceable
BRADY CONSTRUCTION INC,2026-08-17T22:14:06.000Z,2026-09-20,a10Ps00000Slr2LIAR,0058b00000GAFCDAA5,2026-09-21T07:00:07.000Z,20.0,2026-09-21,2026-08-19,Closed,Expired,Sidewalk Repair,SWR-26-00548,012Ps000005citBIAQ,,1550 MICHIGAN  ST,2026-08-21,2026-09-21T07:00:14.000Z,2.0,2026-09-20,2026-08-21,Not Enforceable
MERLO M LEWIS INC,2026-08-17T23:22:01.000Z,2026-09-23,a10Ps00000Sm0QbIAJ,0058b00000GAFCDAA5,2026-09-24T07:00:11.000Z,60.0,2026-09-24,2026-08-21,Closed,Expired,Sidewalk Repair,SWR-26-00549,012Ps000005citBIAQ,,650 TOWNSEND  ST,2026-08-24,2026-09-24T07:00:13.000Z,4.0,2026-09-23,2026-08-24,Not Enforceable
E F Gomez,2026-08-18T16:16:54.000Z,2026-09-23,a10Ps00000SooESIAZ,0058b00000GAFCDAA5,2026-09-24T07:00:11.000Z,20.0,2026-09-24,2026-08-18,Closed,Expired,Sidewalk Repair,SWR-26-00552,012Ps000005citBIAQ,,1269 VALLEJO  ST,2026-08-24,2026-09-24T07:00:14.000Z,2.0,2026-09-23,2026-08-24,Not Enforceable
JEREMIAS SANCHEZ DBA JS CONCRETE CO,2026-08-18T17:10:44.000Z,2026-09-24,a10Ps00000Sp9h3IAB,0058b00000GAFCDAA5,2026-09-25T07:00:05.000Z,20.0,2026-09-25,2026-08-18,Closed,Expired,Sidewalk Repair,SWR-26-00553,012Ps000005citBIAQ,"All work must strictly follow the scope of work detailed in the official Notice to Repair (NTR). Work is strictly limited to in-kind repair/replacement. No grading, asphalt, driveway, or curb-related work is permitted under this permit. Any work triggering street improvements, or any increase in scope or square footage beyond the NTR, must be communicated to and approved by Plan Checker Jomari Fernandez (jomari.fernandez@sfdpw.org) and/or the designated Inspector prior to execution. Performing work beyond the NTR scope without prior written approval and supplemental fee payment is strictly prohibited.",330 05TH  ST,2026-08-25,2026-09-25T07:00:06.000Z,2.0,2026-09-24,2026-08-25,Not Enforceable
"ILLICE CONCRETE, INC.",2026-08-19T04:51:33.000Z,2026-09-25,a10Ps00000Sr8tlIAB,0058b00000GAFCDAA5,2026-09-26T07:00:15.000Z,20.0,2026-09-26,2026-08-31,Closed,Expired,Sidewalk Repair,SWR-26-00554,012Ps000005citBIAQ,"Work is strictly limited to in-kind repair/replacement as shown in the approved photo and drawing submissions. No grading, asphalt, driveway, or curb-related work is permitted under this permit. Any work triggering street improvements, or any increase in scope or square footage, must be communicated to and approved by Plan Checker Jomari Fernandez (jomari.fernandez@sfdpw.org) and/or the designated Inspector prior to starting work. Unauthorized expansion of work area or square footage without supplemental review and fee payment is strictly prohibited.",2178 33RD  AVE,2026-08-26,2026-09-26T07:00:17.000Z,2.0,2026-09-25,2026-08-26,Not Enforceable
SF GONZALEZ CONCRETE INC,2026-08-20T15:02:02.000Z,2026-09-26,a10Ps00000SxmLRIAZ,0058b00000GAFCDAA5,2026-09-27T07:00:08.000Z,20.0,2026-09-27,2026-08-20,Closed,Expired,Sidewalk Repair,SWR-26-00555,012Ps000005citBIAQ,"Work is strictly limited to in-kind repair/replacement as shown in the approved photo and drawing submissions. No grading, asphalt, driveway, or curb-related work is permitted under this permit. Any work triggering street improvements, or any increase in scope or square footage, must be communicated to and approved by Plan Checker Jomari Fernandez (jomari.fernandez@sfdpw.org) and/or the designated Inspector prior to starting work. Unauthorized expansion of work area or square footage without supplemental review and fee payment is strictly prohibited.",171 DOUGLASS  ST,2026-08-27,2026-09-27T07:00:10.000Z,2.0,2026-09-26,2026-08-27,Not Enforceable
JONES ERIC L,2026-08-21T15:22:33.000Z,2026-09-24,a10Ps00000T3BcXIAV,0058b00000GAFCDAA5,2026-09-25T07:00:05.000Z,20.0,2026-09-25,2026-08-24,Closed,Expired,Sidewalk Repair,SWR-26-00557,012Ps000005citBIAQ,,260 MULLEN  AVE,2026-08-25,2026-09-25T07:00:07.000Z,2.0,2026-09-24,2026-08-25,Not Enforceable
CELSO'S PLUMBING LLC,2026-08-21T18:30:44.000Z,2026-09-24,a10Ps00000T3w3ZIAR,0058b00000GAFCDAA5,2026-09-25T07:00:05.000Z,25.0,2026-09-25,,Closed,Expired,Sidewalk Repair,SWR-26-00559,012Ps000005citBIAQ,,3053 TURK  BLVD,2026-08-25,2026-09-25T07:00:08.000Z,3.0,2026-09-24,2026-08-25,Not Enforceable
SAINT BRIDGET CONSTRUCTION,2026-08-24T22:58:41.000Z,2026-09-27,a10Ps00000TCpKcIAL,0058b00000GAFCDAA5,2026-09-28T07:00:16.000Z,20.0,2026-09-28,2026-08-31,Closed,Expired,Sidewalk Repair,SWR-26-00561,012Ps000005citBIAQ,"All work must strictly follow the scope of work detailed in the official Notice to Repair (NTR). Work is strictly limited to in-kind repair/replacement. No grading, asphalt, driveway, or curb-related work is permitted under this permit. Any work triggering street improvements, or any increase in scope or square footage beyond the NTR, must be communicated to and approved by Plan Checker Jomari Fernandez (jomari.fernandez@sfdpw.org) and/or the designated Inspector prior to execution. Performing work beyond the NTR scope without prior written approval and supplemental fee payment is strictly prohibited.",134 RICHLAND  AVE,2026-08-28,2026-09-28T07:00:19.000Z,2.0,2026-09-27,2026-08-28,Not Enforceable
"BAYA BUILDERS, LLC.",2026-08-24T23:23:02.000Z,2026-10-15,a10Ps00000TCuc1IAD,0058b00000GAFCDAA5,2026-09-11T18:04:45.000Z,20.0,2026-10-16,2026-09-11,Tow Sign Photo,Awaiting Applicant Info,Sidewalk Repair,SWR-26-00562,012Ps000005citBIAQ,,2594 15TH  AVE,2026-09-15,2026-09-11T18:04:50.000Z,2.0,2026-10-15,2026-09-15,Not Enforceable
S & H CONCRETE CONSTRUCTION,2026-08-25T00:20:01.000Z,2026-10-08,a10Ps00000TD4TJIA1,0058b00000GAFCDAA5,2026-08-25T16:17:55.000Z,20.0,2026-10-09,2026-08-25,Tow Sign Photo,Awaiting Applicant Info,Sidewalk Repair,SWR-26-00563,012Ps000005citBIAQ,,430 VICENTE  ST,2026-09-08,2026-10-03T07:30:03.000Z,2.0,2026-10-08,2026-09-08,Not Enforceable
SAINT BRIDGET CONSTRUCTION,2026-08-25T16:27:04.000Z,2026-09-28,a10Ps00000TFmmnIAD,0058b00000GAFCDAA5,2026-09-29T07:00:20.000Z,20.0,2026-09-29,2026-08-31,Closed,Expired,Sidewalk Repair,SWR-26-00568,012Ps000005citBIAQ,"All work must strictly follow the scope of work detailed in the official Notice to Repair (NTR). Work is strictly limited to in-kind repair/replacement. No grading, asphalt, driveway, or curb-related work is permitted under this permit. Any work triggering street improvements, or any increase in scope or square footage beyond the NTR, must be communicated to and approved by Plan Checker Jomari Fernandez (jomari.fernandez@sfdpw.org) and/or the designated Inspector prior to execution. Performing work beyond the NTR scope without prior written approval and supplemental fee payment is strictly prohibited.",3070 SAN BRUNO  AVE,2026-08-29,2026-09-29T07:00:22.000Z,2.0,2026-09-28,2026-08-29,Not Enforceable
COVARRUBIAS ADRIAN,2026-08-25T16:30:07.000Z,2026-09-30,a10Ps00000TFlqnIAD,0058b00000GAFCDAA5,2026-10-01T07:00:10.000Z,20.0,2026-10-01,2026-08-25,Closed,Expired,Sidewalk Repair,SWR-26-00569,012Ps000005citBIAQ,,2263 44TH  AVE,2026-08-31,2026-10-01T07:00:13.000Z,2.0,2026-09-30,2026-08-31,Not Enforceable
SCHALICH BROTHERS CONSTRUCTION,2026-08-25T18:02:59.000Z,2026-09-30,a10Ps00000TGKmrIAH,0058b00000GAFCDAA5,2026-10-01T07:00:11.000Z,40.0,2026-10-01,2026-08-27,Closed,Expired,Sidewalk Repair,SWR-26-00571,012Ps000005citBIAQ,,2574 UNION  ST,2026-08-31,2026-10-01T07:00:13.000Z,3.0,2026-09-30,2026-08-31,Not Enforceable
ASSOCIATED BUILDERS,2026-08-25T20:02:16.000Z,2026-10-14,a10Ps00000TH4WLIA1,005Ps00000IxOryIAF,2026-09-14T16:49:34.000Z,20.0,2026-10-15,2026-08-31,Active,Awaiting Applicant Info,Sidewalk Repair,SWR-26-00572,012Ps000005citBIAQ,"All work must strictly follow the scope of work detailed in the official Notice to Repair (NTR). Work is strictly limited to in-kind repair/replacement. No grading, asphalt, driveway, or curb-related work is permitted under this permit. Any work triggering street improvements, or any increase in scope or square footage beyond the NTR, must be communicated to and approved by Plan Checker Jomari Fernandez (jomari.fernandez@sfdpw.org) and/or the designated Inspector prior to execution. Performing work beyond the NTR scope without prior written approval and supplemental fee payment is strictly prohibited.",1294 47TH  AVE,2026-09-14,2026-09-14T16:49:34.000Z,2.0,2026-10-14,2026-09-14,Not Enforceable
TRIP HAZARD LLC,2026-08-26T20:54:49.000Z,2026-10-14,a10Ps00000TLmqXIAT,0058b00000GAFCDAA5,2026-09-01T18:11:41.000Z,13.0,2026-10-15,2026-09-01,Tow Sign Photo,Awaiting Applicant Info,Sidewalk Repair,SWR-26-00573,012Ps000005citBIAQ,,2501 3RD  ST,2026-09-14,2026-09-01T18:14:59.000Z,2.0,2026-10-14,2026-09-14,Not Enforceable
SF GONZALEZ CONCRETE INC,2026-08-27T18:12:20.000Z,2026-10-17,a10Ps00000TQ7BdIAL,0058b00000GAFCDAA5,2026-09-17T16:29:08.000Z,20.0,2026-10-18,2026-09-17,Tow Sign Photo,Awaiting Applicant Info,Sidewalk Repair,SWR-26-00575,012Ps000005citBIAQ,,3468 MISSION  ST,2026-09-17,2026-09-17T16:29:08.000Z,2.0,2026-10-17,2026-09-17,Not Enforceable
TANG KAI CHENG,2026-08-28T21:01:56.000Z,2026-10-04,a10Ps00000TVszYIAT,005Ps00000IzL0MIAV,2026-09-04T22:18:44.000Z,20.0,2026-10-05,2026-09-04,Tow Sign Photo,Pending,Sidewalk Repair,SWR-26-00576,012Ps000005citBIAQ,,1511 22ND  AVE,2026-09-04,2026-09-29T07:30:10.000Z,2.0,2026-10-04,2026-09-04,Not Enforceable
SF GONZALEZ CONCRETE INC,2026-09-01T16:55:43.000Z,2026-10-16,a10Ps00000Ti8h9IAB,0058b00000GAFCDAA5,2026-09-03T15:51:33.000Z,20.0,2026-10-17,2026-09-03,Tow Sign Photo,Awaiting Applicant Info,Sidewalk Repair,SWR-26-00579,012Ps000005citBIAQ,,661 ELLSWORTH  ST,2026-09-16,2026-09-03T15:51:54.000Z,2.0,2026-10-16,2026-09-16,Not Enforceable
SF GONZALEZ CONCRETE INC,2026-09-01T22:13:10.000Z,2026-10-06,a10Ps00000TkAzlIAF,005Ps00000IxOryIAF,2026-09-17T22:18:40.000Z,20.0,2026-10-07,2026-09-17,Active,Active,Sidewalk Repair,SWR-26-00580,012Ps000005citBIAQ,"Sidewalk repair only. In-kind. No grading, curb or asphalt related work must be involved.",1751 SACRAMENTO  ST,2026-09-06,2026-10-01T07:30:12.000Z,4.0,2026-10-06,2026-09-06,Enforceable
BOBO WINDOWS INC,2026-09-02T03:30:36.000Z,2026-10-29,a10Ps00000Tl4aXIAR,0058b00000GAFCDAA5,2026-09-08T04:06:14.000Z,20.0,2026-10-30,2026-09-07,Tow Sign Photo,Awaiting Applicant Info,Sidewalk Repair,SWR-26-00581,012Ps000005citBIAQ,,997 CAPITOL  AVE,2026-09-29,2026-09-08T04:07:01.000Z,2.0,2026-10-29,2026-09-29,Not Enforceable
S & H CONCRETE CONSTRUCTION,2026-09-02T18:38:27.000Z,2026-10-17,a10Ps00000ToFw1IAF,005Ps00000IxOryIAF,2026-09-14T16:50:58.000Z,20.0,2026-10-18,2026-09-04,Active,Awaiting Applicant Info,Sidewalk Repair,SWR-26-00582,012Ps000005citBIAQ,"Work is strictly limited to in-kind repair/replacement as shown in the approved photo and drawing submissions. No grading, asphalt, driveway, or curb-related work is permitted under this permit. Any work triggering street improvements, or any increase in scope or square footage, must be communicated to and approved by Plan Checker Jomari Fernandez (jomari.fernandez@sfdpw.org) and/or the designated Inspector prior to starting work. Unauthorized expansion of work area or square footage without supplemental review and fee payment is strictly prohibited.",870 39TH  AVE,2026-09-17,2026-09-14T16:50:58.000Z,2.0,2026-10-17,2026-09-17,Not Enforceable
,2026-09-02T18:41:56.000Z,2026-10-08,a10Ps00000ToGldIAF,0058b00000GAFCDAA5,2026-09-03T17:18:22.000Z,80.0,2026-10-09,2026-09-03,Tow Sign Photo,Awaiting Applicant Info,Sidewalk Repair,SWR-26-00583,012Ps000005citBIAQ,,534 04TH  ST,2026-09-08,2026-10-03T07:30:04.000Z,5.0,2026-10-08,2026-09-08,Not Enforceable
SF GONZALEZ CONCRETE INC,2026-09-03T17:44:34.000Z,2026-10-28,a10Ps00000Tt9JhIAJ,0058b00000GAFCDAA5,2026-09-24T16:46:29.000Z,20.0,2026-10-29,2026-09-24,Tow Sign Photo,Awaiting Applicant Info,Sidewalk Repair,SWR-26-00585,012Ps000005citBIAQ,,2111 BAKER  ST,2026-09-28,2026-09-24T16:46:29.000Z,2.0,2026-10-28,2026-09-28,Not Enforceable
MCGOWAN BUILDERS INC,2026-09-03T19:06:54.000Z,2026-10-11,a10Ps00000TtHKXIA3,005Ps00000LEF6MIAX,2026-09-18T22:59:42.000Z,25.0,2026-10-12,2026-09-03,Active,Active,Sidewalk Repair,SWR-26-00586,012Ps000005citBIAQ,,3628 16TH  ST,2026-09-11,2026-09-18T22:59:42.000Z,3.0,2026-10-11,2026-09-11,Enforceable
SMART BUILDING INC,2026-09-04T18:05:36.000Z,2026-10-21,a10Ps00000TxyM1IAJ,005Ps00000IxOryIAF,2026-09-14T16:51:37.000Z,45.0,2026-10-22,2026-09-11,Active,Awaiting Applicant Info,Sidewalk Repair,SWR-26-00588,012Ps000005citBIAQ,"Work is strictly limited to in-kind repair/replacement as shown in the approved photo and drawing submissions. No grading, asphalt, driveway, or curb-related work is permitted under this permit. Any work triggering street improvements, or any increase in scope or square footage, must be communicated to and approved by Plan Checker Jomari Fernandez (jomari.fernandez@sfdpw.org) and/or the designated Inspector prior to starting work. Unauthorized expansion of work area or square footage without supplemental review and fee payment is strictly prohibited.",200 JONES  ST,2026-09-21,2026-09-14T16:51:37.000Z,4.0,2026-10-21,2026-09-21,Not Enforceable
"MUD WORX, INC.",2026-09-04T21:22:48.000Z,2026-10-14,a10Ps00000TyasjIAB,0058b00000GAFCDAA5,2026-09-15T22:35:40.000Z,20.0,2026-10-15,2026-09-15,Tow Sign Photo,Awaiting Applicant Info,Sidewalk Repair,SWR-26-00589,012Ps000005citBIAQ,,38 RAMONA  AVE,2026-09-14,2026-09-15T22:35:40.000Z,2.0,2026-10-14,2026-09-14,Not Enforceable
LEET CONSTRUCTION,2026-09-08T01:57:22.000Z,2026-10-24,a10Ps00000U5chhIAB,005Ps00000IxOryIAF,2026-09-22T16:33:01.000Z,40.0,2026-10-25,2026-09-21,Active,Awaiting Applicant Info,Sidewalk Repair,SWR-26-00590,012Ps000005citBIAQ,"All work must strictly follow the scope of work detailed in the official Notice to Repair (NTR). Work is strictly limited to in-kind repair/replacement. No grading, asphalt, driveway, or curb-related work is permitted under this permit. Any work triggering street improvements, or any increase in scope or square footage beyond the NTR, must be communicated to and approved by Plan Checker Jomari Fernandez (jomari.fernandez@sfdpw.org) and/or the designated Inspector prior to execution. Performing work beyond the NTR scope without prior written approval and supplemental fee payment is strictly prohibited.",359 HYDE  ST,2026-09-24,2026-09-22T16:33:01.000Z,3.0,2026-10-24,2026-09-24,Not Enforceable
S & H CONCRETE CONSTRUCTION,2026-09-08T20:21:50.000Z,2026-10-22,a10Ps00000U9eZdIAJ,0058b00000GAFCDAA5,2026-09-09T18:58:55.000Z,20.0,2026-10-23,2026-09-09,Tow Sign Photo,Awaiting Applicant Info,Sidewalk Repair,SWR-26-00592,012Ps000005citBIAQ,,140 TARAVAL  ST,2026-09-22,2026-09-09T18:58:55.000Z,2.0,2026-10-22,2026-09-22,Not Enforceable
RICARDO SAINZ THE CONCRETE MASTER,2026-09-10T21:53:07.000Z,2026-10-17,a10Ps00000UIGZhIAP,0058b00000GAFCDAA5,2026-09-15T21:59:50.000Z,20.0,2026-10-18,2026-09-15,Tow Sign Photo,Awaiting Applicant Info,Sidewalk Repair,SWR-26-00594,012Ps000005citBIAQ,,380 TOMPKINS  AVE,2026-09-17,2026-09-15T21:59:52.000Z,2.0,2026-10-17,2026-09-17,Not Enforceable
Axel8 Construction LLC,2026-09-10T21:54:09.000Z,2026-10-14,a10Ps00000UIDYeIAP,005Ps00000IzjlpIAB,2026-10-02T20:32:10.000Z,40.0,2026-10-15,2026-09-11,Closed,Completed,Sidewalk Repair,SWR-26-00595,012Ps000005citBIAQ,"Work is strictly limited to in-kind repair/replacement as shown in the approved photo and drawing submissions. No grading, asphalt, driveway, or curb-related work is permitted under this permit. Any work triggering street improvements, or any increase in scope or square footage, must be communicated to and approved by Plan Checker Jomari Fernandez (jomari.fernandez@sfdpw.org) and/or the designated Inspector prior to starting work. Unauthorized expansion of work area or square footage without supplemental review and fee payment is strictly prohibited.",3636 SCOTT  ST,2026-09-14,2026-10-02T20:32:10.000Z,4.0,2026-10-14,2026-09-14,Not Enforceable
E F Gomez,2026-09-14T16:45:27.000Z,2026-10-18,a10Ps00000USFAwIAP,0058b00000GAFCDAA5,2026-10-02T21:26:49.000Z,20.0,2026-10-19,2026-10-02,Tow Sign Photo,Awaiting Applicant Info,Sidewalk Repair,SWR-26-00596,012Ps000005citBIAQ,,2300 26TH  ST,2026-09-18,2026-10-02T21:27:51.000Z,2.0,2026-10-18,2026-09-18,Not Enforceable
E F Gomez,2026-09-14T16:46:41.000Z,2026-10-17,a10Ps00000USd1zIAD,0058b00000GAFCDAA5,2026-10-02T21:20:30.000Z,20.0,2026-10-18,2026-10-02,Tow Sign Photo,Awaiting Applicant Info,Sidewalk Repair,SWR-26-00597,012Ps000005citBIAQ,,1821 HYDE  ST,2026-09-17,2026-10-02T21:20:53.000Z,2.0,2026-10-17,2026-09-17,Not Enforceable
E F Gomez,2026-09-15T14:48:35.000Z,2026-11-04,a10Ps00000UWKYbIAP,005Ps00000IxOryIAF,2026-09-17T21:38:27.000Z,20.0,2026-11-05,2026-09-17,Active,Awaiting Applicant Info,Sidewalk Repair,SWR-26-00600,012Ps000005citBIAQ,"All work must strictly follow the scope of work detailed in the official Notice to Repair (NTR). Work is strictly limited to in-kind repair/replacement. No grading, asphalt, driveway, or curb-related work is permitted under this permit. Any work triggering street improvements, or any increase in scope or square footage beyond the NTR, must be communicated to and approved by Plan Checker Jomari Fernandez (jomari.fernandez@sfdpw.org) and/or the designated Inspector prior to execution. Performing work beyond the NTR scope without prior written approval and supplemental fee payment is strictly prohibited.",1080 POST  ST,2026-10-05,2026-09-17T21:38:27.000Z,2.0,2026-11-04,2026-10-05,Not Enforceable
SAINT BRIDGET CONSTRUCTION,2026-09-15T17:31:39.000Z,2026-10-19,a10Ps00000UWyPaIAL,0058b00000GAFCDAA5,2026-09-16T17:35:44.000Z,20.0,2026-10-20,2026-09-16,Tow Sign Photo,Awaiting Applicant Info,Sidewalk Repair,SWR-26-00601,012Ps000005citBIAQ,,28 RICHLAND  AVE,2026-09-19,2026-09-16T17:35:55.000Z,2.0,2026-10-19,2026-09-19,Not Enforceable
RC CONCRETE INC,2026-09-18T17:57:30.000Z,2026-10-22,a10Ps00000UiqJNIAZ,005Ps00000IzXSvIAN,2026-09-21T17:22:45.000Z,10.0,2026-10-23,2026-09-18,Active,Active,Sidewalk Repair,SWR-26-00612,012Ps000005citBIAQ,,3777 22ND  ST,2026-09-22,2026-09-21T17:22:45.000Z,2.0,2026-10-22,2026-09-22,Enforceable
SF GONZALEZ CONCRETE INC,2026-09-18T18:10:38.000Z,2026-10-28,a10Ps00000UitFdIAJ,0058b00000GAFCDAA5,2026-09-21T15:54:29.000Z,20.0,2026-10-29,2026-09-21,Tow Sign Photo,Awaiting Applicant Info,Sidewalk Repair,SWR-26-00613,012Ps000005citBIAQ,,775 NAPLES  ST,2026-09-28,2026-09-21T15:54:29.000Z,2.0,2026-10-28,2026-09-28,Not Enforceable
SNEED & CO CONSTRUCTION INC,2026-09-21T21:59:42.000Z,2026-10-28,a10Ps00000UqJTVIA3,0058b00000GAFCDAA5,2026-09-23T16:48:12.000Z,20.0,2026-10-29,2026-09-23,Tow Sign Photo,Awaiting Applicant Info,Sidewalk Repair,SWR-26-00615,012Ps000005citBIAQ,,1838 11TH  AVE,2026-09-28,2026-09-23T16:48:12.000Z,2.0,2026-10-28,2026-09-28,Not Enforceable
S & H CONCRETE CONSTRUCTION,2026-09-22T21:09:19.000Z,2026-11-06,a10Ps00000UvaNFIAZ,0058b00000GAFCDAA5,2026-09-30T17:22:14.000Z,20.0,2026-11-07,2026-09-30,Tow Sign Photo,Awaiting Applicant Info,Sidewalk Repair,SWR-26-00616,012Ps000005citBIAQ,,3200 HARRISON  ST,2026-10-07,2026-09-30T17:22:48.000Z,2.0,2026-11-06,2026-10-07,Not Enforceable
SF GONZALEZ CONCRETE INC,2026-09-22T21:29:35.000Z,2026-10-29,a10Ps00000UveKPIAZ,0058b00000GAFCDAA5,2026-09-23T18:09:22.000Z,20.0,2026-10-30,2026-09-23,Tow Sign Photo,Awaiting Applicant Info,Sidewalk Repair,SWR-26-00617,012Ps000005citBIAQ,,1596 POST  ST,2026-09-29,2026-09-23T18:09:22.000Z,2.0,2026-10-29,2026-09-29,Not Enforceable
RICARDO SAINZ THE CONCRETE MASTER,2026-09-23T22:48:42.000Z,2026-11-01,a10Ps00000V0jjFIAR,0058b00000GAFCDAA5,2026-09-29T22:20:47.000Z,20.0,2026-11-02,2026-09-29,Tow Sign Photo,Awaiting Applicant Info,Sidewalk Repair,SWR-26-00618,012Ps000005citBIAQ,,482 GATES  ST,2026-10-02,2026-09-29T22:20:47.000Z,2.0,2026-11-01,2026-10-02,Not Enforceable
RICARDO SAINZ THE CONCRETE MASTER,2026-09-24T20:24:32.000Z,2026-11-01,a10Ps00000V4i5RIAR,0058b00000GAFCDAA5,2026-09-29T22:20:47.000Z,20.0,2026-11-02,2026-09-29,Tow Sign Photo,Awaiting Applicant Info,Sidewalk Repair,SWR-26-00620,012Ps000005citBIAQ,,651 GATES  ST,2026-10-02,2026-09-29T22:20:47.000Z,2.0,2026-11-01,2026-10-02,Not Enforceable
JONES ERIC L,2026-09-25T16:38:10.000Z,2026-10-30,a10Ps00000V7szVIAR,0058b00000GAFCDAA5,2026-09-30T15:58:45.000Z,20.0,2026-10-31,2026-09-30,Tow Sign Photo,Awaiting Applicant Info,Sidewalk Repair,SWR-26-00623,012Ps000005citBIAQ,,96 NAVAJO  AVE,2026-09-30,2026-09-30T15:59:04.000Z,2.0,2026-10-30,2026-09-30,Not Enforceable
ESSENTIAL ENGINEERING PLUMBING & ROOTER,2026-09-25T20:02:53.000Z,2026-10-28,a10Ps00000V87grIAB,005Ps00000IxBTKIA3,2026-09-25T23:33:15.000Z,20.0,2026-10-29,2026-09-25,Tow Sign Photo,Awaiting Applicant Info,Sidewalk Repair,SWR-26-00624,012Ps000005citBIAQ,Emergency General Excavation,431 PIERCE  ST,2026-09-28,2026-09-25T23:33:15.000Z,2.0,2026-10-28,2026-09-28,Not Enforceable
LARKIN MIKE P,2026-09-25T22:27:01.000Z,2026-12-01,a10Ps00000V96fRIAR,005Ps00000IzQsrIAF,2026-09-28T18:39:06.000Z,20.0,2026-12-02,2026-09-28,Tow Sign Photo,Awaiting Applicant Info,Sidewalk Repair,SWR-26-00626,012Ps000005citBIAQ,,2655 BRODERICK  ST,2026-11-01,2026-09-28T18:39:06.000Z,2.0,2026-12-01,2026-11-01,Not Enforceable
ASSOCIATED BUILDERS,2026-09-28T20:30:48.000Z,2026-11-11,a10Ps00000VFh2nIAD,0058b00000GAFCDAA5,2026-10-01T20:00:42.000Z,20.0,2026-11-12,2026-10-01,Tow Sign Photo,Awaiting Applicant Info,Sidewalk Repair,SWR-26-00627,012Ps000005citBIAQ,,2940 TURK  BLVD,2026-10-12,2026-10-01T20:00:55.000Z,2.0,2026-11-11,2026-10-12,Not Enforceable
SF GONZALEZ CONCRETE INC,2026-10-01T15:31:30.000Z,2026-11-04,a10Ps00000VRX9JIAX,0058b00000GAFCDAA5,2026-10-02T14:57:30.000Z,20.0,2026-11-05,2026-10-02,Tow Sign Photo,Awaiting Applicant Info,Sidewalk Repair,SWR-26-00632,012Ps000005citBIAQ,,1750 FRANKLIN  ST,2026-10-05,2026-10-02T14:57:53.000Z,2.0,2026-11-04,2026-10-05,Not Enforceable
C & A PAINTING LLC,2026-07-09T15:10:21.000Z,2026-10-11,a10Ps00000QTUtNIAX,0058b00000GAFCDAA5,2026-08-28T14:54:28.000Z,50.0,2026-10-12,2026-08-28,Tow Sign Photo,Pending,Temporary Occupancy,TOC-26-00981,012Ps000003Ovt3IAC,,132 HAWTHORNE  ST,2026-09-30,2026-08-28T14:55:04.000Z,4.0,2026-10-11,2026-09-30,Not Enforceable
VOLITION EVENTS LLC,2026-07-14T14:55:47.000Z,2026-10-29,a10Ps00000QkvM5IAJ,0058b00000GAFCDAA5,2026-07-14T23:38:46.000Z,100.0,2026-10-30,2026-07-14,Tow Sign Photo,Awaiting Applicant Info,Temporary Occupancy,TOC-26-01004,012Ps000003Ovt3IAC,,1 MARINA  BLVD,2026-10-27,2026-07-14T23:38:46.000Z,6.0,2026-10-29,2026-10-27,Not Enforceable
FIBERTEL CA LLC,2026-08-11T15:55:31.000Z,2026-10-15,a10Ps00000SNyZdIAL,0058b00000GAFCDAA5,2026-10-01T17:12:31.000Z,95.0,2026-10-16,2026-10-01,Tow Sign Photo,Pending,Temporary Occupancy,TOC-26-01176,012Ps000003Ovt3IAC,,,2026-10-02,2026-10-01T17:13:05.000Z,6.0,2026-10-15,2026-10-02,Not Enforceable
,2026-08-11T18:34:41.000Z,2026-09-20,a10Ps00000SOiHVIA1,0058b00000GAFCDAA5,2026-09-21T07:00:07.000Z,56.0,2026-09-21,,Closed,Expired,Temporary Occupancy,TOC-26-01179,012Ps000003Ovt3IAC,,1401 HAIGHT  ST,2026-09-20,2026-09-21T07:00:09.000Z,6.0,2026-09-20,2026-09-20,Not Enforceable
TCPAF INC,2026-08-12T16:55:57.000Z,2026-09-20,a10Ps00000SS14IIAT,0058b00000GAFCDAA5,2026-09-21T07:00:07.000Z,420.0,2026-09-21,2026-08-28,Closed,Expired,Temporary Occupancy,TOC-26-01186,012Ps000003Ovt3IAC,,995 POTRERO  AVE,2026-09-19,2026-09-21T07:00:10.000Z,22.0,2026-09-20,2026-09-19,Not Enforceable
FIBERTEL CA LLC,2026-08-14T21:19:25.000Z,2026-10-08,a10Ps00000SdBOTIA3,0058b00000GAFCDAA5,2026-08-17T23:48:57.000Z,650.0,2026-10-09,2026-08-17,Tow Sign Photo,Awaiting Applicant Info,Temporary Occupancy,TOC-26-01206,012Ps000003Ovt3IAC,,,2026-09-25,2026-08-17T23:48:57.000Z,37.0,2026-10-08,2026-09-25,Not Enforceable
BR POLK LLC,2026-08-18T19:55:24.000Z,2026-11-29,a10Ps00000SptDdIAJ,005Ps00000IzXSvIAN,2026-09-16T22:25:34.000Z,20.0,2026-11-30,2026-08-19,Final Review,Awaiting Applicant Info,Temporary Occupancy,TOC-26-01222,012Ps000003Ovt3IAC,,2140 POLK  ST,2026-11-19,2026-09-16T22:25:34.000Z,2.0,2026-11-29,2026-11-19,Not Enforceable
"CC TREE DESIGN, LLC",2026-08-19T12:18:44.000Z,2026-09-24,a10Ps00000SsIJBIA3,0058b00000GAFCDAA5,2026-09-25T07:00:05.000Z,40.0,2026-09-25,2026-08-24,Closed,Expired,Temporary Occupancy,TOC-26-01230,012Ps000003Ovt3IAC,,870 CHENERY  ST,2026-09-24,2026-09-25T07:00:06.000Z,3.0,2026-09-24,2026-09-24,Not Enforceable
BR POLK LLC,2026-08-19T20:16:29.000Z,2026-12-27,a10Ps00000SuZe5IAF,005Ps00000LEF6MIAX,2026-09-11T15:37:24.000Z,20.0,2026-12-28,2026-08-21,Final Review,Awaiting Applicant Info,Temporary Occupancy,TOC-26-01239,012Ps000003Ovt3IAC,,2140 POLK  ST,2026-12-17,2026-09-11T15:37:24.000Z,2.0,2026-12-27,2026-12-17,Not Enforceable
OWEIS FEDA FAYEQ,2026-08-21T22:07:08.000Z,2026-10-08,a10Ps00000T4anNIAR,005Ps00000LEF6MIAX,2026-10-01T20:56:32.000Z,20.0,2026-10-09,2026-08-24,Active,Active,Temporary Occupancy,TOC-26-01254,012Ps000003Ovt3IAC,,510 MISSION  ST,2026-10-08,2026-10-01T20:56:32.000Z,2.0,2026-10-08,2026-10-08,Not Enforceable
OWEIS FEDA FAYEQ,2026-08-21T22:17:09.000Z,2026-10-06,a10Ps00000T4c9FIAR,005Ps00000LEF6MIAX,2026-10-01T21:00:01.000Z,20.0,2026-10-07,2026-08-24,Active,Active,Temporary Occupancy,TOC-26-01255,012Ps000003Ovt3IAC,,1 SOUTH PARK,2026-10-06,2026-10-01T21:00:01.000Z,2.0,2026-10-06,2026-10-06,Not Enforceable
BI-RITE MARKET INC,2026-08-24T15:24:57.000Z,2026-11-27,a10Ps00000TAlrNIAT,0058b00000GAFCDAA5,2026-08-24T18:40:49.000Z,20.0,2026-11-28,2026-08-24,Tow Sign Photo,Awaiting Applicant Info,Temporary Occupancy,TOC-26-01260,012Ps000003Ovt3IAC,,3674 18TH  ST,2026-11-19,2026-08-24T18:40:49.000Z,2.0,2026-11-27,2026-11-19,Not Enforceable
HALEY & ALDRICH INC,2026-08-25T20:12:31.000Z,2026-09-23,a10Ps00000TH7KXIA1,0058b00000GAFCDAA5,2026-09-24T07:00:08.000Z,360.0,2026-09-24,2026-09-09,Closed,Expired,Temporary Occupancy,TOC-26-01272,012Ps000003Ovt3IAC,,,2026-09-14,2026-09-24T07:00:09.000Z,34.0,2026-09-23,2026-09-14,Not Enforceable
ARS MINERVA INC,2026-08-25T22:33:13.000Z,2026-09-20,a10Ps00000THa9dIAD,0058b00000GAFCDAA5,2026-09-21T07:00:16.000Z,16.0,2026-09-21,2026-09-01,Closed,Expired,Temporary Occupancy,TOC-26-01276,012Ps000003Ovt3IAC,,600 MONTGOMERY  ST,2026-09-20,2026-09-21T07:00:17.000Z,2.0,2026-09-20,2026-09-20,Not Enforceable
TREEMASTERS TREE & GARDEN CARE,2026-08-28T21:13:09.000Z,2026-09-22,a10Ps00000TVYeFIAX,0058b00000GAFCDAA5,2026-09-23T07:00:08.000Z,40.0,2026-09-23,2026-09-04,Closed,Expired,Temporary Occupancy,TOC-26-01299,012Ps000003Ovt3IAC,,3664 19TH  ST,2026-09-22,2026-09-23T07:00:09.000Z,3.0,2026-09-22,2026-09-22,Not Enforceable
FIBERTEL CA LLC,2026-08-31T16:54:23.000Z,2026-11-15,a10Ps00000TdtwnIAB,0058b00000GAFCDAA5,2026-09-10T22:14:29.000Z,1237.0,2026-11-16,2026-09-10,Tow Sign Photo,Awaiting Applicant Info,Temporary Occupancy,TOC-26-01310,012Ps000003Ovt3IAC,,,2026-11-02,2026-09-10T22:14:50.000Z,69.0,2026-11-15,2026-11-02,Not Enforceable
,2026-09-02T15:40:02.000Z,2026-09-22,a10Ps00000TnQ5VIAV,0058b00000GAFCDAA5,2026-09-23T07:00:08.000Z,25.0,2026-09-23,,Closed,Expired,Temporary Occupancy,TOC-26-01327,012Ps000003Ovt3IAC,,,2026-09-17,2026-09-23T07:00:09.000Z,3.0,2026-09-22,2026-09-17,Not Enforceable
,2026-09-02T23:04:54.000Z,2026-09-27,a10Ps00000TpLPtIAN,0058b00000GAFCDAA5,2026-09-28T07:00:07.000Z,40.0,2026-09-28,2026-09-03,Closed,Expired,Temporary Occupancy,TOC-26-01333,012Ps000003Ovt3IAC,,1256 TREAT  AVE,2026-09-21,2026-09-28T07:00:09.000Z,3.0,2026-09-27,2026-09-21,Not Enforceable
"COOKLINE CONSTRUCTION, INC.",2026-09-03T17:32:08.000Z,2026-09-21,a10Ps00000Tt6GzIAJ,0058b00000GAFCDAA5,2026-09-22T07:00:11.000Z,20.0,2026-09-22,,Closed,Expired,Temporary Occupancy,TOC-26-01335,012Ps000003Ovt3IAC,,838 DIVISADERO  ST,2026-09-21,2026-09-22T07:00:12.000Z,2.0,2026-09-21,2026-09-21,Not Enforceable
TRC SOLUTIONS INC,2026-09-07T06:20:53.000Z,2026-10-07,a10Ps00000U3LD7IAN,0058b00000GAFCDAA5,2026-10-04T02:55:01.000Z,40.0,2026-10-08,2026-10-03,Tow Sign Photo,Awaiting Applicant Info,Temporary Occupancy,TOC-26-01342,012Ps000003Ovt3IAC,,969 TREAT  AVE,2026-10-07,2026-10-04T02:55:47.000Z,3.0,2026-10-07,2026-10-07,Not Enforceable
"CC TREE DESIGN, LLC",2026-09-08T13:47:08.000Z,2026-09-24,a10Ps00000U7aWvIAJ,0058b00000GAFCDAA5,2026-09-25T07:00:06.000Z,60.0,2026-09-25,2026-09-08,Closed,Expired,Temporary Occupancy,TOC-26-01344,012Ps000003Ovt3IAC,,759 FOERSTER  ST,2026-09-24,2026-09-25T07:00:07.000Z,4.0,2026-09-24,2026-09-24,Not Enforceable
THE TRAFFIC GUYS LLC,2026-09-08T14:19:31.000Z,2026-09-20,a10Ps00000U7n2jIAB,0058b00000GAFCDAA5,2026-09-21T07:00:07.000Z,140.0,2026-09-21,2026-09-14,Closed,Expired,Temporary Occupancy,TOC-26-01345,012Ps000003Ovt3IAC,,,2026-09-19,2026-09-21T07:00:08.000Z,8.0,2026-09-20,2026-09-19,Not Enforceable
"LEVEL 8 CONSTRUCTION, INC.",2026-09-08T17:24:47.000Z,2026-09-25,a10Ps00000U8pqTIAR,0058b00000GAFCDAA5,2026-09-26T07:00:09.000Z,50.0,2026-09-26,,Closed,Expired,Temporary Occupancy,TOC-26-01347,012Ps000003Ovt3IAC,,24 JOHN  ST,2026-09-25,2026-09-26T07:00:10.000Z,4.0,2026-09-25,2026-09-25,Not Enforceable
PLANT CONSTRUCTION COMPANY LP,2026-09-08T17:27:38.000Z,2026-09-27,a10Ps00000U8qUnIAJ,0058b00000GAFCDAA5,2026-09-28T07:00:07.000Z,300.0,2026-09-28,2026-09-09,Closed,Expired,Temporary Occupancy,TOC-26-01348,012Ps000003Ovt3IAC,,,2026-09-14,2026-09-28T07:00:09.000Z,16.0,2026-09-27,2026-09-14,Not Enforceable
RGC CONSTRUCTION INC,2026-09-08T19:14:44.000Z,2026-09-20,a10Ps00000U9NwzIAF,0058b00000GAFCDAA5,2026-09-21T07:00:07.000Z,40.0,2026-09-21,2026-09-10,Closed,Expired,Temporary Occupancy,TOC-26-01352,012Ps000003Ovt3IAC,,1077 MISSION  ST,2026-09-18,2026-09-21T07:00:09.000Z,3.0,2026-09-20,2026-09-18,Not Enforceable
FIBERTEL CA LLC,2026-09-08T22:37:54.000Z,2026-11-02,a10Ps00000UA4STIA1,0058b00000GAFCDAA5,2026-09-10T22:26:37.000Z,296.0,2026-11-03,2026-09-10,Tow Sign Photo,Awaiting Applicant Info,Temporary Occupancy,TOC-26-01354,012Ps000003Ovt3IAC,,,2026-10-20,2026-09-10T22:26:37.000Z,18.0,2026-11-02,2026-10-20,Not Enforceable
TCPAF INC,2026-09-09T16:24:10.000Z,2026-09-27,a10Ps00000UCv1FIAT,0058b00000GAFCDAA5,2026-09-28T07:00:07.000Z,100.0,2026-09-28,2026-09-09,Closed,Expired,Temporary Occupancy,TOC-26-01362,012Ps000003Ovt3IAC,,100 LARKIN  ST,2026-09-26,2026-09-28T07:00:09.000Z,6.0,2026-09-27,2026-09-26,Not Enforceable
PULLMAN SST INC,2026-09-09T16:40:19.000Z,2026-09-27,a10Ps00000UCzknIAD,0058b00000GAFCDAA5,2026-09-28T07:00:07.000Z,300.0,2026-09-28,2026-09-10,Closed,Expired,Temporary Occupancy,TOC-26-01363,012Ps000003Ovt3IAC,,151 JENNINGS  ST,2026-09-14,2026-09-28T07:00:10.000Z,18.0,2026-09-27,2026-09-14,Not Enforceable
FIBERTEL CA LLC,2026-09-09T17:40:18.000Z,2026-11-08,a10Ps00000UDGQfIAP,0058b00000GAFCDAA5,2026-09-10T22:25:14.000Z,47.0,2026-11-09,2026-09-10,Tow Sign Photo,Awaiting Applicant Info,Temporary Occupancy,TOC-26-01364,012Ps000003Ovt3IAC,,,2026-10-26,2026-09-10T22:25:14.000Z,4.0,2026-11-08,2026-10-26,Not Enforceable
ABR QUALITY RESOURCES INC,2026-09-09T18:57:25.000Z,2026-10-18,a10Ps00000UDbuvIAD,0058b00000GAFCDAA5,2026-10-01T17:48:10.000Z,16.0,2026-10-19,2026-10-01,Tow Sign Photo,Pending,Temporary Occupancy,TOC-26-01365,012Ps000003Ovt3IAC,,14 WALTER  ST,2026-10-05,2026-10-01T17:48:10.000Z,2.0,2026-10-18,2026-10-05,Not Enforceable
,2026-09-09T20:03:07.000Z,2026-09-26,a10Ps00000UDrDJIA1,0058b00000GAFCDAA5,2026-09-27T07:00:09.000Z,15.0,2026-09-27,,Closed,Expired,Temporary Occupancy,TOC-26-01366,012Ps000003Ovt3IAC,,419 ARCH  ST,2026-09-17,2026-09-27T07:00:10.000Z,2.0,2026-09-26,2026-09-17,Not Enforceable
VIRGILIO LEGARTE,2026-09-10T15:37:46.000Z,2026-09-23,a10Ps00000UGjcbIAD,0058b00000GAFCDAA5,2026-09-24T07:00:13.000Z,100.0,2026-09-24,2026-09-10,Closed,Expired,Temporary Occupancy,TOC-26-01370,012Ps000003Ovt3IAC,,460 DAVIS  CT,2026-09-15,2026-09-24T07:00:15.000Z,8.0,2026-09-23,2026-09-15,Not Enforceable
BROADBAND TECHNICAL RESOURCES INC.,2026-09-10T15:40:43.000Z,2026-09-25,a10Ps00000UGkX3IAL,0058b00000GAFCDAA5,2026-09-26T07:00:09.000Z,,2026-09-26,2026-09-11,Closed,Expired,Temporary Occupancy,TOC-26-01371,012Ps000003Ovt3IAC,,,2026-09-23,2026-09-26T07:00:10.000Z,19.0,2026-09-25,2026-09-23,Not Enforceable
FIBERTEL CA LLC,2026-09-10T21:35:13.000Z,2026-10-04,a10Ps00000UIDyPIAX,0058b00000GAFCDAA5,2026-09-17T15:41:52.000Z,50.0,2026-10-05,2026-09-17,Tow Sign Photo,Awaiting Applicant Info,Temporary Occupancy,TOC-26-01374,012Ps000003Ovt3IAC,,650 POLK  ST,2026-09-21,2026-09-17T15:42:49.000Z,4.0,2026-10-04,2026-09-21,Not Enforceable
LEI YIYANG,2026-09-10T22:11:01.000Z,2026-09-26,a10Ps00000UIJ7lIAH,0058b00000GAFCDAA5,2026-09-27T07:00:09.000Z,120.0,2026-09-27,2026-09-22,Closed,Expired,Temporary Occupancy,TOC-26-01375,012Ps000003Ovt3IAC,,950 CLAY  ST,2026-09-26,2026-09-27T07:00:10.000Z,7.0,2026-09-26,2026-09-26,Not Enforceable
LANDMARK INDUSTRIES INC,2026-09-11T19:07:12.000Z,2026-09-29,a10Ps00000ULzIaIAL,0058b00000GAFCDAA5,2026-09-30T07:00:09.000Z,60.0,2026-09-30,2026-09-14,Closed,Expired,Temporary Occupancy,TOC-26-01379,012Ps000003Ovt3IAC,,233 GREENWICH  ST,2026-09-16,2026-09-30T07:00:10.000Z,4.0,2026-09-29,2026-09-16,Not Enforceable
"SONIC TELECOM, LLC",2026-09-11T21:19:47.000Z,2026-09-23,a10Ps00000UMPWLIA5,0058b00000GAFCDAA5,2026-09-24T07:00:07.000Z,40.0,2026-09-24,2026-09-14,Closed,Expired,Temporary Occupancy,TOC-26-01381,012Ps000003Ovt3IAC,,,2026-09-22,2026-09-24T07:00:08.000Z,3.0,2026-09-23,2026-09-22,Not Enforceable
"EMPIRE DISTRIBUTION, INC.",2026-09-11T22:43:17.000Z,2026-09-26,a10Ps00000UMa5BIAT,0058b00000GAFCDAA5,2026-09-27T07:00:09.000Z,100.0,2026-09-27,2026-09-22,Closed,Expired,Temporary Occupancy,TOC-26-01382,012Ps000003Ovt3IAC,,25 MONTGOMERY  ST,2026-09-26,2026-09-27T07:00:11.000Z,6.0,2026-09-26,2026-09-26,Not Enforceable
ONE TWO TREES COMPANY,2026-09-14T04:15:50.000Z,2026-09-25,a10Ps00000UPLG5IAP,0058b00000GAFCDAA5,2026-09-26T07:00:09.000Z,60.0,2026-09-26,2026-09-14,Closed,Expired,Temporary Occupancy,TOC-26-01386,012Ps000003Ovt3IAC,,3 25TH NORTH AVE,2026-09-25,2026-09-26T07:00:10.000Z,4.0,2026-09-25,2026-09-25,Not Enforceable
DAVEY TREE EXPERT CO THE,2026-09-14T16:44:07.000Z,2026-10-01,a10Ps00000USd6nIAD,0058b00000GAFCDAA5,2026-10-02T07:00:05.000Z,30.0,2026-10-02,2026-09-18,Closed,Expired,Temporary Occupancy,TOC-26-01388,012Ps000003Ovt3IAC,,421 CONNECTICUT  ST,2026-10-01,2026-10-02T07:00:06.000Z,3.0,2026-10-01,2026-10-01,Not Enforceable
THE URBAN ARBORIST,2026-09-14T17:23:35.000Z,2026-09-22,a10Ps00000USpBBIA1,0058b00000GAFCDAA5,2026-09-23T07:00:09.000Z,20.0,2026-09-23,2026-09-15,Closed,Expired,Temporary Occupancy,TOC-26-01389,012Ps000003Ovt3IAC,,1707 JONES  ST,2026-09-22,2026-09-23T07:00:10.000Z,2.0,2026-09-22,2026-09-22,Not Enforceable
THE URBAN ARBORIST,2026-09-14T17:38:58.000Z,2026-09-22,a10Ps00000UStjRIAT,0058b00000GAFCDAA5,2026-09-23T07:00:09.000Z,40.0,2026-09-23,2026-09-16,Closed,Expired,Temporary Occupancy,TOC-26-01390,012Ps000003Ovt3IAC,,1114 BROADWAY,2026-09-22,2026-09-23T07:00:10.000Z,3.0,2026-09-22,2026-09-22,Not Enforceable
THE TRAFFIC GUYS LLC,2026-09-14T17:51:40.000Z,2026-09-19,a10Ps00000USxrtIAD,0058b00000GAFCDAA5,2026-09-20T07:00:08.000Z,380.0,2026-09-20,2026-09-15,Closed,Expired,Temporary Occupancy,TOC-26-01391,012Ps000003Ovt3IAC,,,2026-09-19,2026-09-20T07:00:09.000Z,20.0,2026-09-19,2026-09-19,Not Enforceable
"SONIC TELECOM, LLC",2026-09-14T18:02:05.000Z,2026-09-22,a10Ps00000UT0kvIAD,0058b00000GAFCDAA5,2026-09-23T07:00:09.000Z,200.0,2026-09-23,2026-09-14,Closed,Expired,Temporary Occupancy,TOC-26-01392,012Ps000003Ovt3IAC,,,2026-09-21,2026-09-23T07:00:10.000Z,12.0,2026-09-22,2026-09-21,Not Enforceable
GEI CONSULTANTS INC,2026-09-14T18:26:06.000Z,2026-09-24,a10Ps00000UT7CvIAL,0058b00000GAFCDAA5,2026-09-25T07:00:05.000Z,500.0,2026-09-25,2026-09-17,Closed,Expired,Temporary Occupancy,TOC-26-01394,012Ps000003Ovt3IAC,,,2026-09-24,2026-09-25T07:00:06.000Z,36.0,2026-09-24,2026-09-24,Not Enforceable
NOVO CONSTRUCTION INC,2026-09-14T18:46:34.000Z,2026-11-11,a10Ps00000UTCJ3IAP,0058b00000GAFCDAA5,2026-09-23T17:30:30.000Z,218.0,2026-11-12,2026-09-23,Tow Sign Photo,Awaiting Applicant Info,Temporary Occupancy,TOC-26-01395,012Ps000003Ovt3IAC,,100 STOCKTON  ST,2026-11-10,2026-09-23T17:30:30.000Z,12.0,2026-11-11,2026-11-10,Not Enforceable
GEI CONSULTANTS INC,2026-09-14T19:54:08.000Z,2026-09-25,a10Ps00000UTSndIAH,0058b00000GAFCDAA5,2026-09-26T07:00:49.000Z,400.0,2026-09-26,2026-09-17,Closed,Expired,Temporary Occupancy,TOC-26-01396,012Ps000003Ovt3IAC,,,2026-09-25,2026-09-26T07:00:50.000Z,24.0,2026-09-25,2026-09-25,Not Enforceable
GEI CONSULTANTS INC,2026-09-14T20:31:53.000Z,2026-10-21,a10Ps00000UTcdJIAT,005Ps00000IzWdJIAV,2026-09-29T22:15:21.000Z,100.0,2026-10-22,2026-09-29,Tow Sign Photo,Pending,Temporary Occupancy,TOC-26-01397,012Ps000003Ovt3IAC,,,2026-10-20,2026-09-29T22:16:03.000Z,6.0,2026-10-21,2026-10-20,Not Enforceable
STRATUS ENGINEERING ASSOCIATES LLC,2026-09-14T20:36:57.000Z,2026-09-22,a10Ps00000UTdvxIAD,005Ps00000VczQPIAZ,2026-09-23T17:41:56.000Z,30.0,2026-09-23,2026-09-15,Closed,Awaiting Applicant Info,Temporary Occupancy,TOC-26-01398,012Ps000003Ovt3IAC,,240 SHOTWELL  ST,2026-09-22,2026-09-23T17:41:56.000Z,3.0,2026-09-22,2026-09-22,Not Enforceable
GEI CONSULTANTS INC,2026-09-14T20:49:05.000Z,2026-10-20,a10Ps00000UTgQnIAL,005Ps00000IzWdJIAV,2026-09-29T22:16:58.000Z,100.0,2026-10-21,2026-09-17,Tow Sign Photo,Pending,Temporary Occupancy,TOC-26-01399,012Ps000003Ovt3IAC,,,2026-10-19,2026-09-29T22:17:47.000Z,6.0,2026-10-20,2026-10-19,Not Enforceable
"CC TREE DESIGN, LLC",2026-09-14T20:51:04.000Z,2026-10-01,a10Ps00000UTgk9IAD,0058b00000GAFCDAA5,2026-10-02T07:00:05.000Z,80.0,2026-10-02,2026-09-15,Closed,Expired,Temporary Occupancy,TOC-26-01400,012Ps000003Ovt3IAC,,3450 21ST  ST,2026-10-01,2026-10-02T07:00:07.000Z,5.0,2026-10-01,2026-10-01,Not Enforceable
GEI CONSULTANTS INC,2026-09-14T20:57:57.000Z,2026-10-21,a10Ps00000UTiUDIA1,0058b00000GAFCDAA5,2026-09-30T23:32:00.000Z,200.0,2026-10-22,2026-09-30,Tow Sign Photo,Pending,Temporary Occupancy,TOC-26-01401,012Ps000003Ovt3IAC,,,2026-10-20,2026-09-30T23:32:00.000Z,6.0,2026-10-21,2026-10-20,Not Enforceable
GEI CONSULTANTS INC,2026-09-14T21:07:32.000Z,2026-10-20,a10Ps00000UTke5IAD,005Ps00000IzWdJIAV,2026-09-30T18:13:49.000Z,100.0,2026-10-21,2026-09-30,Tow Sign Photo,Pending,Temporary Occupancy,TOC-26-01402,012Ps000003Ovt3IAC,,,2026-10-19,2026-09-30T18:13:49.000Z,6.0,2026-10-20,2026-10-19,Not Enforceable
GEI CONSULTANTS INC,2026-09-14T21:15:20.000Z,2026-10-20,a10Ps00000UTmETIA1,0058b00000GAFCDAA5,2026-09-30T15:03:25.000Z,100.0,2026-10-21,2026-09-30,Tow Sign Photo,Pending,Temporary Occupancy,TOC-26-01403,012Ps000003Ovt3IAC,,,2026-10-19,2026-09-30T15:03:25.000Z,6.0,2026-10-20,2026-10-19,Not Enforceable
GEI CONSULTANTS INC,2026-09-14T21:37:33.000Z,2026-10-21,a10Ps00000UTq1xIAD,0058b00000GAFCDAA5,2026-09-30T15:08:25.000Z,100.0,2026-10-22,2026-09-30,Tow Sign Photo,Pending,Temporary Occupancy,TOC-26-01404,012Ps000003Ovt3IAC,,,2026-10-20,2026-09-30T15:08:50.000Z,6.0,2026-10-21,2026-10-20,Not Enforceable
GEI CONSULTANTS INC,2026-09-14T21:44:35.000Z,2026-10-21,a10Ps00000UThGQIA1,0058b00000GAFCDAA5,2026-09-30T22:56:57.000Z,100.0,2026-10-22,2026-09-30,Tow Sign Photo,Pending,Temporary Occupancy,TOC-26-01405,012Ps000003Ovt3IAC,,,2026-10-20,2026-09-30T22:56:57.000Z,8.0,2026-10-21,2026-10-20,Not Enforceable
GEI CONSULTANTS INC,2026-09-14T21:49:03.000Z,2026-10-20,a10Ps00000UTrndIAD,0058b00000GAFCDAA5,2026-09-30T15:10:27.000Z,100.0,2026-10-21,2026-09-30,Tow Sign Photo,Pending,Temporary Occupancy,TOC-26-01406,012Ps000003Ovt3IAC,,,2026-10-19,2026-09-30T15:10:47.000Z,6.0,2026-10-20,2026-10-19,Not Enforceable
GEI CONSULTANTS INC,2026-09-14T21:59:27.000Z,2026-10-22,a10Ps00000UTtJBIA1,0058b00000GAFCDAA5,2026-09-30T15:14:40.000Z,100.0,2026-10-23,2026-09-30,Tow Sign Photo,Pending,Temporary Occupancy,TOC-26-01407,012Ps000003Ovt3IAC,,,2026-10-21,2026-09-30T15:14:48.000Z,6.0,2026-10-22,2026-10-21,Not Enforceable
INON COHEN,2026-09-14T22:10:27.000Z,2026-10-01,a10Ps00000UTuyPIAT,0058b00000GAFCDAA5,2026-10-02T07:00:12.000Z,40.0,2026-10-02,2026-09-15,Closed,Expired,Temporary Occupancy,TOC-26-01408,012Ps000003Ovt3IAC,,115 WOOL  ST,2026-09-18,2026-10-02T07:00:13.000Z,3.0,2026-10-01,2026-09-18,Not Enforceable
MUTTVILLE,2026-09-14T22:53:18.000Z,2026-10-25,a10Ps00000UU1FAIA1,0058b00000GAFCDAA5,2026-09-15T20:14:45.000Z,,2026-10-26,2026-09-15,Tow Sign Photo,Awaiting Applicant Info,Temporary Occupancy,TOC-26-01409,012Ps000003Ovt3IAC,,750 FLORIDA  ST,2026-10-24,2026-09-15T20:14:45.000Z,3.0,2026-10-25,2026-10-24,Not Enforceable
"CC TREE DESIGN, LLC",2026-09-15T15:33:32.000Z,2026-09-22,a10Ps00000UWXqnIAH,0058b00000GAFCDAA5,2026-09-23T07:00:09.000Z,40.0,2026-09-23,2026-09-16,Closed,Expired,Temporary Occupancy,TOC-26-01412,012Ps000003Ovt3IAC,,481 DEWEY  BLVD,2026-09-22,2026-09-23T07:00:10.000Z,3.0,2026-09-22,2026-09-22,Not Enforceable
"LANGAN CA, INC.",2026-09-15T16:04:53.000Z,2026-09-19,a10Ps00000UWgyvIAD,0058b00000GAFCDAA5,2026-09-20T07:00:08.000Z,60.0,2026-09-20,2026-09-16,Closed,Expired,Temporary Occupancy,TOC-26-01413,012Ps000003Ovt3IAC,,1350 25TH  AVE,2026-09-19,2026-09-20T07:00:09.000Z,4.0,2026-09-19,2026-09-19,Not Enforceable
EXCELLENT WINDOW CLEANING INC,2026-09-15T16:38:45.000Z,2026-09-19,a10Ps00000UWq2DIAT,0058b00000GAFCDAA5,2026-09-20T07:00:08.000Z,260.0,2026-09-20,2026-09-15,Closed,Expired,Temporary Occupancy,TOC-26-01415,012Ps000003Ovt3IAC,,1275 INDIANA  ST,2026-09-19,2026-09-20T07:00:09.000Z,14.0,2026-09-19,2026-09-19,Not Enforceable
JAVA BEACH COFFEE ROASTERS INC,2026-09-15T17:08:56.000Z,2026-09-24,a10Ps00000UWTC6IAP,0058b00000GAFCDAA5,2026-09-25T07:00:05.000Z,,2026-09-25,2026-09-22,Closed,Expired,Temporary Occupancy,TOC-26-01416,012Ps000003Ovt3IAC,,560 20TH  ST,2026-09-24,2026-09-25T07:00:06.000Z,3.0,2026-09-24,2026-09-24,Not Enforceable
"DT TREECARE, LLC",2026-09-15T17:50:26.000Z,2026-09-21,a10Ps00000UX9rFIAT,0058b00000GAFCDAA5,2026-09-22T07:00:11.000Z,180.0,2026-09-22,2026-09-17,Closed,Expired,Temporary Occupancy,TOC-26-01417,012Ps000003Ovt3IAC,,111 RHODE ISLAND  ST,2026-09-21,2026-09-22T07:00:12.000Z,11.0,2026-09-21,2026-09-21,Not Enforceable
"DT TREECARE, LLC",2026-09-15T18:18:15.000Z,2026-09-24,a10Ps00000UXH2PIAX,0058b00000GAFCDAA5,2026-09-25T07:00:05.000Z,100.0,2026-09-25,2026-09-17,Closed,Expired,Temporary Occupancy,TOC-26-01418,012Ps000003Ovt3IAC,,175 DE HARO  ST,2026-09-23,2026-09-25T07:00:07.000Z,6.0,2026-09-24,2026-09-23,Not Enforceable
"DT TREECARE, LLC",2026-09-15T18:25:42.000Z,2026-09-25,a10Ps00000UXJFVIA5,0058b00000GAFCDAA5,2026-09-26T07:00:49.000Z,80.0,2026-09-26,2026-09-17,Closed,Expired,Temporary Occupancy,TOC-26-01419,012Ps000003Ovt3IAC,,150 15TH  ST,2026-09-24,2026-09-26T07:00:51.000Z,5.0,2026-09-25,2026-09-24,Not Enforceable
"DT TREECARE, LLC",2026-09-15T18:33:21.000Z,2026-09-22,a10Ps00000UXLIvIAP,0058b00000GAFCDAA5,2026-09-23T07:00:09.000Z,60.0,2026-09-23,2026-09-17,Closed,Expired,Temporary Occupancy,TOC-26-01420,012Ps000003Ovt3IAC,,3035 PACIFIC  AVE,2026-09-22,2026-09-23T07:00:10.000Z,4.0,2026-09-22,2026-09-22,Not Enforceable
,2026-09-15T19:14:36.000Z,2026-09-27,a10Ps00000UXUsTIAX,0058b00000GAFCDAA5,2026-09-28T07:00:04.000Z,100.0,2026-09-28,2026-09-18,Closed,Expired,Temporary Occupancy,TOC-26-01421,012Ps000003Ovt3IAC,,201 03RD  ST,2026-09-22,2026-09-28T07:00:06.000Z,6.0,2026-09-27,2026-09-22,Not Enforceable
PULLMAN SST INC,2026-09-15T19:41:17.000Z,2026-10-12,a10Ps00000UXGfqIAH,005Ps00000LEF6MIAX,2026-10-01T23:26:01.000Z,300.0,2026-10-13,2026-09-25,Final Review,Awaiting Applicant Info,Temporary Occupancy,TOC-26-01422,012Ps000003Ovt3IAC,,151 JENNINGS  ST,2026-09-29,2026-10-01T23:26:01.000Z,18.0,2026-10-12,2026-09-29,Not Enforceable
,2026-09-15T22:47:53.000Z,2026-09-21,a10Ps00000UY4UYIA1,0058b00000GAFCDAA5,2026-09-22T07:00:11.000Z,20.0,2026-09-22,2026-09-16,Closed,Expired,Temporary Occupancy,TOC-26-01423,012Ps000003Ovt3IAC,,22 MONTEZUMA  ST,2026-09-21,2026-09-22T07:00:12.000Z,2.0,2026-09-21,2026-09-21,Not Enforceable
F.A. BARTLETT TREE EXPERT CO.,2026-09-16T12:51:13.000Z,2026-09-21,a10Ps00000UZZpdIAH,0058b00000GAFCDAA5,2026-09-22T07:00:11.000Z,60.0,2026-09-22,2026-09-16,Closed,Expired,Temporary Occupancy,TOC-26-01424,012Ps000003Ovt3IAC,,467 11TH  AVE,2026-09-21,2026-09-22T07:00:13.000Z,4.0,2026-09-21,2026-09-21,Not Enforceable
F.A. BARTLETT TREE EXPERT CO.,2026-09-16T12:54:22.000Z,2026-09-21,a10Ps00000UZaqXIAT,0058b00000GAFCDAA5,2026-09-22T07:00:11.000Z,60.0,2026-09-22,2026-09-16,Closed,Expired,Temporary Occupancy,TOC-26-01425,012Ps000003Ovt3IAC,,1812 LYON  ST,2026-09-21,2026-09-22T07:00:13.000Z,4.0,2026-09-21,2026-09-21,Not Enforceable
F.A. BARTLETT TREE EXPERT CO.,2026-09-16T12:59:12.000Z,2026-09-22,a10Ps00000UZcfRIAT,0058b00000GAFCDAA5,2026-09-23T07:00:09.000Z,40.0,2026-09-23,2026-09-16,Closed,Expired,Temporary Occupancy,TOC-26-01426,012Ps000003Ovt3IAC,,2753 22ND  ST,2026-09-22,2026-09-23T07:00:10.000Z,3.0,2026-09-22,2026-09-22,Not Enforceable
F.A. BARTLETT TREE EXPERT CO.,2026-09-16T13:07:47.000Z,2026-10-05,a10Ps00000UZhtdIAD,005Ps00000LEF6MIAX,2026-10-02T19:01:16.000Z,40.0,2026-10-06,2026-09-16,Active,Active,Temporary Occupancy,TOC-26-01427,012Ps000003Ovt3IAC,,2817 SCOTT  ST,2026-10-05,2026-10-02T19:01:16.000Z,3.0,2026-10-05,2026-10-05,Not Enforceable
F.A. BARTLETT TREE EXPERT CO.,2026-09-16T13:12:51.000Z,2026-09-30,a10Ps00000UZj2bIAD,0058b00000GAFCDAA5,2026-10-01T07:00:11.000Z,60.0,2026-10-01,2026-09-16,Closed,Expired,Temporary Occupancy,TOC-26-01428,012Ps000003Ovt3IAC,,1091 CHURCH  ST,2026-09-30,2026-10-01T07:00:12.000Z,4.0,2026-09-30,2026-09-30,Not Enforceable
F.A. BARTLETT TREE EXPERT CO.,2026-09-16T13:19:34.000Z,2026-09-24,a10Ps00000UZEmoIAH,0058b00000GAFCDAA5,2026-09-25T07:00:05.000Z,60.0,2026-09-25,2026-09-18,Closed,Expired,Temporary Occupancy,TOC-26-01429,012Ps000003Ovt3IAC,,2582 FILBERT  ST,2026-09-23,2026-09-25T07:00:07.000Z,4.0,2026-09-24,2026-09-23,Not Enforceable
F.A. BARTLETT TREE EXPERT CO.,2026-09-16T13:22:14.000Z,2026-09-24,a10Ps00000UZldtIAD,0058b00000GAFCDAA5,2026-09-25T07:00:05.000Z,60.0,2026-09-25,2026-09-18,Closed,Expired,Temporary Occupancy,TOC-26-01430,012Ps000003Ovt3IAC,,3032 DIVISADERO  ST,2026-09-23,2026-09-25T07:00:07.000Z,4.0,2026-09-24,2026-09-23,Not Enforceable
,2026-09-16T16:47:28.000Z,2026-09-25,a10Ps00000UameLIAR,0058b00000GAFCDAA5,2026-09-26T07:00:49.000Z,30.0,2026-09-26,2026-09-17,Closed,Expired,Temporary Occupancy,TOC-26-01431,012Ps000003Ovt3IAC,,3403 26TH  ST,2026-09-21,2026-09-26T07:00:51.000Z,3.0,2026-09-25,2026-09-21,Not Enforceable
"SAVATREE, LLC",2026-09-16T17:22:35.000Z,2026-09-28,a10Ps00000Uaw4DIAR,0058b00000GAFCDAA5,2026-09-29T07:00:50.000Z,300.0,2026-09-29,2026-09-18,Closed,Expired,Temporary Occupancy,TOC-26-01432,012Ps000003Ovt3IAC,,121 SPEAR  ST,2026-09-28,2026-09-29T07:00:51.000Z,18.0,2026-09-28,2026-09-28,Not Enforceable
RGC CONSTRUCTION INC,2026-09-16T22:58:40.000Z,2026-10-03,a10Ps00000Uc9H7IAJ,0058b00000GAFCDAA5,2026-10-04T07:00:11.000Z,40.0,2026-10-04,2026-09-17,Closed,Expired,Temporary Occupancy,TOC-26-01435,012Ps000003Ovt3IAC,,1077 MISSION  ST,2026-10-03,2026-10-04T07:00:12.000Z,3.0,2026-10-03,2026-10-03,Not Enforceable
PLANNENG ENGINEERING INC,2026-09-17T11:37:13.000Z,2026-09-29,a10Ps00000UdI2DIAV,0058b00000GAFCDAA5,2026-09-30T07:00:07.000Z,120.0,2026-09-30,2026-09-17,Closed,Expired,Temporary Occupancy,TOC-26-01436,012Ps000003Ovt3IAC,,,2026-09-29,2026-09-30T07:00:09.000Z,8.0,2026-09-29,2026-09-29,Not Enforceable
F.A. BARTLETT TREE EXPERT CO.,2026-09-17T15:30:41.000Z,2026-09-29,a10Ps00000UeSYzIAN,0058b00000GAFCDAA5,2026-09-30T07:00:07.000Z,40.0,2026-09-30,2026-09-18,Closed,Expired,Temporary Occupancy,TOC-26-01437,012Ps000003Ovt3IAC,,4274 24TH  ST,2026-09-29,2026-09-30T07:00:09.000Z,3.0,2026-09-29,2026-09-29,Not Enforceable
F.A. BARTLETT TREE EXPERT CO.,2026-09-17T15:34:56.000Z,2026-09-29,a10Ps00000UeTbVIAV,0058b00000GAFCDAA5,2026-09-30T07:00:07.000Z,40.0,2026-09-30,2026-09-18,Closed,Expired,Temporary Occupancy,TOC-26-01438,012Ps000003Ovt3IAC,,1931 LYON  ST,2026-09-29,2026-09-30T07:00:09.000Z,3.0,2026-09-29,2026-09-29,Not Enforceable
F.A. BARTLETT TREE EXPERT CO.,2026-09-17T15:39:44.000Z,2026-10-02,a10Ps00000UeUpJIAV,0058b00000GAFCDAA5,2026-10-03T07:00:22.000Z,40.0,2026-10-03,2026-09-18,Closed,Expired,Temporary Occupancy,TOC-26-01439,012Ps000003Ovt3IAC,,141 HENRY  ST,2026-10-02,2026-10-03T07:00:27.000Z,3.0,2026-10-02,2026-10-02,Not Enforceable
TREEMASTERS TREE & GARDEN CARE,2026-09-17T15:48:29.000Z,2026-09-22,a10Ps00000UeXSDIA3,0058b00000GAFCDAA5,2026-09-23T07:00:09.000Z,40.0,2026-09-23,2026-09-17,Closed,Expired,Temporary Occupancy,TOC-26-01440,012Ps000003Ovt3IAC,,4638 IRVING  ST,2026-09-22,2026-09-23T07:00:10.000Z,3.0,2026-09-22,2026-09-22,Not Enforceable
DAVEY TREE EXPERT CO THE,2026-09-17T18:10:56.000Z,2026-09-24,a10Ps00000Uf7VhIAJ,0058b00000GAFCDAA5,2026-09-25T07:00:16.000Z,75.0,2026-09-25,2026-09-21,Closed,Expired,Temporary Occupancy,TOC-26-01442,012Ps000003Ovt3IAC,,580 ALABAMA  ST,2026-09-24,2026-09-25T07:00:17.000Z,5.0,2026-09-24,2026-09-24,Not Enforceable
THE TRAFFIC GUYS LLC,2026-09-17T19:01:55.000Z,2026-09-24,a10Ps00000UfFpqIAF,0058b00000GAFCDAA5,2026-09-25T07:00:16.000Z,320.0,2026-09-25,2026-09-22,Closed,Expired,Temporary Occupancy,TOC-26-01443,012Ps000003Ovt3IAC,,2100 PACIFIC  AVE,2026-09-24,2026-09-25T07:00:17.000Z,18.0,2026-09-24,2026-09-24,Not Enforceable
THE TRAFFIC GUYS LLC,2026-09-17T19:06:20.000Z,2026-09-24,a10Ps00000UfKHdIAN,0058b00000GAFCDAA5,2026-09-25T07:00:16.000Z,400.0,2026-09-25,2026-09-21,Closed,Expired,Temporary Occupancy,TOC-26-01444,012Ps000003Ovt3IAC,,3669 21ST  ST,2026-09-24,2026-09-25T07:00:18.000Z,22.0,2026-09-24,2026-09-24,Not Enforceable
THE TRAFFIC GUYS LLC,2026-09-17T19:11:46.000Z,2026-09-24,a10Ps00000UfLYfIAN,0058b00000GAFCDAA5,2026-09-25T07:00:16.000Z,320.0,2026-09-25,2026-09-22,Closed,Expired,Temporary Occupancy,TOC-26-01445,012Ps000003Ovt3IAC,,2790 BROADWAY,2026-09-24,2026-09-25T07:00:18.000Z,18.0,2026-09-24,2026-09-24,Not Enforceable
DEMAKAS PLUMBING & HEATING IN,2026-09-17T19:25:04.000Z,2026-10-05,a10Ps00000UfOQ5IAN,005Ps00000LEF6MIAX,2026-09-25T21:10:25.000Z,40.0,2026-10-06,2026-09-25,Active,Active,Temporary Occupancy,TOC-26-01446,012Ps000003Ovt3IAC,,157 CENTRAL  AVE,2026-09-30,2026-09-25T21:10:25.000Z,3.0,2026-10-05,2026-09-30,Enforceable
"TAK COMMUNICATIONS CA, INC.",2026-09-17T20:48:39.000Z,2026-10-08,a10Ps00000UfjazIAB,0058b00000GAFCDAA5,2026-09-30T15:01:43.000Z,12.0,2026-10-09,2026-09-30,Tow Sign Photo,Awaiting Applicant Info,Temporary Occupancy,TOC-26-01447,012Ps000003Ovt3IAC,,68 06TH  ST,2026-10-08,2026-09-30T15:01:55.000Z,2.0,2026-10-08,2026-10-08,Not Enforceable
THE URBAN ARBORIST,2026-09-17T21:25:44.000Z,2026-09-28,a10Ps00000UfpwYIAR,0058b00000GAFCDAA5,2026-09-29T07:00:19.000Z,40.0,2026-09-29,2026-09-23,Closed,Expired,Temporary Occupancy,TOC-26-01448,012Ps000003Ovt3IAC,,1269 OAK  ST,2026-09-28,2026-09-29T07:00:21.000Z,3.0,2026-09-28,2026-09-28,Not Enforceable
THE URBAN ARBORIST,2026-09-17T22:20:20.000Z,2026-09-23,a10Ps00000Ufy3lIAB,0058b00000GAFCDAA5,2026-09-24T07:00:06.000Z,20.0,2026-09-24,2026-09-21,Closed,Expired,Temporary Occupancy,TOC-26-01449,012Ps000003Ovt3IAC,,3157 BAKER  ST,2026-09-23,2026-09-24T07:00:08.000Z,2.0,2026-09-23,2026-09-23,Not Enforceable
BAY AREA ARBORIST COOP INC,2026-09-18T17:12:39.000Z,2026-09-23,a10Ps00000Uifz3IAB,0058b00000GAFCDAA5,2026-09-24T07:00:06.000Z,50.0,2026-09-24,2026-09-21,Closed,Expired,Temporary Occupancy,TOC-26-01451,012Ps000003Ovt3IAC,,195 ALHAMBRA  ST,2026-09-23,2026-09-24T07:00:08.000Z,4.0,2026-09-23,2026-09-23,Not Enforceable
DAVEY TREE EXPERT CO THE,2026-09-18T18:53:47.000Z,2026-09-25,a10Ps00000Uj46DIAR,0058b00000GAFCDAA5,2026-09-26T07:00:11.000Z,45.0,2026-09-26,2026-09-22,Closed,Expired,Temporary Occupancy,TOC-26-01453,012Ps000003Ovt3IAC,,10 05TH  AVE,2026-09-25,2026-09-26T07:00:12.000Z,4.0,2026-09-25,2026-09-25,Not Enforceable
CLECHA,2026-09-18T19:35:09.000Z,2026-10-24,a10Ps00000UjAbSIAV,0058b00000GAFCDAA5,2026-09-22T16:32:14.000Z,568.0,2026-10-25,2026-09-22,Tow Sign Photo,Awaiting Applicant Info,Temporary Occupancy,TOC-26-01454,012Ps000003Ovt3IAC,,,2026-10-24,2026-09-22T16:32:24.000Z,32.0,2026-10-24,2026-10-24,Not Enforceable
"NIBBI BROS. ASSOCIATES, INC.",2026-09-18T19:53:41.000Z,2026-10-02,a10Ps00000UjGgrIAF,0058b00000GAFCDAA5,2026-10-03T07:00:22.000Z,340.0,2026-10-03,2026-09-23,Closed,Expired,Temporary Occupancy,TOC-26-01455,012Ps000003Ovt3IAC,,1901 SUTTER  ST,2026-09-28,2026-10-03T07:00:27.000Z,23.0,2026-10-02,2026-09-28,Not Enforceable
"BANA BUILDERS, INC.",2026-09-18T20:44:26.000Z,2026-09-26,a10Ps00000UjRM9IAN,0058b00000GAFCDAA5,2026-09-27T07:00:23.000Z,80.0,2026-09-27,2026-09-22,Closed,Expired,Temporary Occupancy,TOC-26-01456,012Ps000003Ovt3IAC,,2116A THOMAS  AVE,2026-09-26,2026-09-27T07:00:24.000Z,5.0,2026-09-26,2026-09-26,Not Enforceable
ARBORIST NOW INC,2026-09-18T22:23:52.000Z,2026-10-01,a10Ps00000Ujg0DIAR,0058b00000GAFCDAA5,2026-10-02T07:00:08.000Z,60.0,2026-10-02,2026-09-25,Closed,Expired,Temporary Occupancy,TOC-26-01457,012Ps000003Ovt3IAC,,,2026-10-01,2026-10-02T07:00:09.000Z,4.0,2026-10-01,2026-10-01,Not Enforceable
ARBORIST NOW INC,2026-09-18T22:35:44.000Z,2026-10-02,a10Ps00000Ujhh3IAB,0058b00000GAFCDAA5,2026-10-03T07:00:22.000Z,80.0,2026-10-03,2026-09-25,Closed,Expired,Temporary Occupancy,TOC-26-01458,012Ps000003Ovt3IAC,,262 SHOTWELL  ST,2026-10-02,2026-10-03T07:00:27.000Z,5.0,2026-10-02,2026-10-02,Not Enforceable
FIBERTEL CA LLC,2026-09-19T00:37:23.000Z,2026-11-22,a10Ps00000UjqfWIAR,0058b00000GAFCDAA5,2026-09-28T14:40:44.000Z,455.0,2026-11-23,2026-09-28,Tow Sign Photo,Awaiting Applicant Info,Temporary Occupancy,TOC-26-01459,012Ps000003Ovt3IAC,,,2026-11-09,2026-09-28T14:40:52.000Z,26.0,2026-11-22,2026-11-09,Not Enforceable
"ENCORE ONE, L.L.C. DBA CALEDONIAN BUILDING SERVICES, L.L.C.",2026-09-21T12:54:23.000Z,2026-10-04,a10Ps00000UnoGvIAJ,005Ps00000LEF6MIAX,2026-10-01T15:54:23.000Z,160.0,2026-10-05,2026-09-24,Final Review,Awaiting Applicant Info,Temporary Occupancy,TOC-26-01460,012Ps000003Ovt3IAC,,575 MISSION  ST,2026-10-04,2026-10-01T15:54:23.000Z,10.0,2026-10-04,2026-10-04,Not Enforceable
"ENCORE ONE, L.L.C. DBA CALEDONIAN BUILDING SERVICES, L.L.C.",2026-09-21T14:14:17.000Z,2026-10-09,a10Ps00000UoGzZIAV,0058b00000GAFCDAA5,2026-09-22T15:29:31.000Z,20.0,2026-10-10,2026-09-22,Tow Sign Photo,Awaiting Applicant Info,Temporary Occupancy,TOC-26-01461,012Ps000003Ovt3IAC,,405 HOWARD  ST,2026-10-09,2026-09-22T15:29:31.000Z,2.0,2026-10-09,2026-10-09,Not Enforceable
"ENCORE ONE, L.L.C. DBA CALEDONIAN BUILDING SERVICES, L.L.C.",2026-09-21T14:18:13.000Z,2026-10-10,a10Ps00000UoIWjIAN,0058b00000GAFCDAA5,2026-09-22T15:31:15.000Z,40.0,2026-10-11,2026-09-22,Tow Sign Photo,Awaiting Applicant Info,Temporary Occupancy,TOC-26-01462,012Ps000003Ovt3IAC,,405 HOWARD  ST,2026-10-10,2026-09-22T15:31:15.000Z,3.0,2026-10-10,2026-10-10,Not Enforceable
TWIN RIVERS PROFESSIONAL TREE CARE INC,2026-09-21T15:34:02.000Z,2026-09-26,a10Ps00000UojALIAZ,0058b00000GAFCDAA5,2026-09-27T07:00:23.000Z,520.0,2026-09-27,2026-09-23,Closed,Expired,Temporary Occupancy,TOC-26-01463,012Ps000003Ovt3IAC,,345 SPEAR  ST,2026-09-26,2026-09-27T07:00:24.000Z,29.0,2026-09-26,2026-09-26,Not Enforceable
THE TRAFFIC GUYS LLC,2026-09-21T16:42:20.000Z,2026-09-26,a10Ps00000Up4GPIAZ,0058b00000GAFCDAA5,2026-09-27T07:00:23.000Z,220.0,2026-09-27,2026-09-22,Closed,Expired,Temporary Occupancy,TOC-26-01464,012Ps000003Ovt3IAC,,65 OAK GROVE  ST,2026-09-26,2026-09-27T07:00:24.000Z,13.0,2026-09-26,2026-09-26,Not Enforceable
,2026-09-21T17:39:42.000Z,2026-09-26,a10Ps00000UpLltIAF,0058b00000GAFCDAA5,2026-09-27T07:00:23.000Z,40.0,2026-09-27,2026-09-22,Closed,Expired,Temporary Occupancy,TOC-26-01465,012Ps000003Ovt3IAC,,439 DUBOCE  AVE,2026-09-25,2026-09-27T07:00:24.000Z,3.0,2026-09-26,2026-09-25,Not Enforceable
BAINES-NIBBI JV,2026-09-21T21:06:13.000Z,2026-09-28,a10Ps00000UqB1JIAV,0058b00000GAFCDAA5,2026-09-29T07:00:19.000Z,80.0,2026-09-29,2026-09-23,Closed,Expired,Temporary Occupancy,TOC-26-01466,012Ps000003Ovt3IAC,,967 MISSION  ST,2026-09-28,2026-09-29T07:00:22.000Z,5.0,2026-09-28,2026-09-28,Not Enforceable
,2026-09-21T22:02:23.000Z,2026-10-18,a10Ps00000UqJwXIAV,0058b00000GAFCDAA5,2026-09-25T16:10:58.000Z,60.0,2026-10-19,2026-09-25,Tow Sign Photo,Awaiting Applicant Info,Temporary Occupancy,TOC-26-01467,012Ps000003Ovt3IAC,,891 BEACH  ST,2026-10-18,2026-09-25T16:10:58.000Z,4.0,2026-10-18,2026-10-18,Not Enforceable
SUPREME PAINTING & DECORATING,2026-09-21T22:20:09.000Z,2026-10-08,a10Ps00000UqM4nIAF,0058b00000GAFCDAA5,2026-09-25T20:57:13.000Z,20.0,2026-10-09,2026-09-25,Tow Sign Photo,Awaiting Applicant Info,Temporary Occupancy,TOC-26-01468,012Ps000003Ovt3IAC,,1675 HOWARD  ST,2026-09-25,2026-09-25T20:57:13.000Z,2.0,2026-10-08,2026-09-25,Not Enforceable
HALEY & ALDRICH INC,2026-09-21T22:33:00.000Z,2026-10-06,a10Ps00000UqOGHIA3,0058b00000GAFCDAA5,2026-09-23T15:59:14.000Z,80.0,2026-10-07,2026-09-23,Tow Sign Photo,Awaiting Applicant Info,Temporary Occupancy,TOC-26-01469,012Ps000003Ovt3IAC,,145 MARINA  BLVD,2026-09-28,2026-09-23T15:59:47.000Z,5.0,2026-10-06,2026-09-28,Not Enforceable
PLANT CONSTRUCTION COMPANY LP,2026-09-21T22:57:45.000Z,2026-10-11,a10Ps00000UqRajIAF,005Ps00000LEF6MIAX,2026-09-28T16:22:48.000Z,300.0,2026-10-12,2026-09-24,Active,Active,Temporary Occupancy,TOC-26-01470,012Ps000003Ovt3IAC,,,2026-09-28,2026-09-28T16:22:48.000Z,16.0,2026-10-11,2026-09-28,Enforceable
"SAVATREE, LLC",2026-09-22T00:20:57.000Z,2026-10-02,a10Ps00000UqaJ3IAJ,0058b00000GAFCDAA5,2026-10-03T07:00:22.000Z,260.0,2026-10-03,2026-09-25,Closed,Expired,Temporary Occupancy,TOC-26-01471,012Ps000003Ovt3IAC,,100 CALIFORNIA,2026-10-02,2026-10-03T07:00:28.000Z,15.0,2026-10-02,2026-10-02,Not Enforceable
"CC TREE DESIGN, LLC",2026-09-22T12:32:24.000Z,2026-10-02,a10Ps00000UszgLIAR,0058b00000GAFCDAA5,2026-10-03T07:00:22.000Z,40.0,2026-10-03,2026-09-22,Closed,Expired,Temporary Occupancy,TOC-26-01472,012Ps000003Ovt3IAC,,4468 23RD  ST,2026-10-02,2026-10-03T07:00:28.000Z,3.0,2026-10-02,2026-10-02,Not Enforceable
DAVEY TREE EXPERT CO THE,2026-09-22T13:27:15.000Z,2026-10-02,a10Ps00000UtBEUIA3,0058b00000GAFCDAA5,2026-10-03T07:00:22.000Z,100.0,2026-10-03,2026-09-23,Closed,Expired,Temporary Occupancy,TOC-26-01473,012Ps000003Ovt3IAC,,50 FRIDA KAHLO  WAY,2026-09-28,2026-10-03T07:00:28.000Z,6.0,2026-10-02,2026-09-28,Not Enforceable
TRAFFIC MANAGEMENT LLC,2026-09-22T17:15:17.000Z,2026-09-29,a10Ps00000UucPVIAZ,0058b00000GAFCDAA5,2026-09-30T07:00:13.000Z,180.0,2026-09-30,2026-09-24,Closed,Expired,Temporary Occupancy,TOC-26-01474,012Ps000003Ovt3IAC,,1100 WASHINGTON  ST,2026-09-28,2026-09-30T07:00:15.000Z,11.0,2026-09-29,2026-09-28,Not Enforceable
THE TRAFFIC GUYS LLC,2026-09-22T17:36:02.000Z,2026-09-27,a10Ps00000UubDLIAZ,0058b00000GAFCDAA5,2026-09-28T07:00:20.000Z,200.0,2026-09-28,2026-09-23,Closed,Expired,Temporary Occupancy,TOC-26-01475,012Ps000003Ovt3IAC,,,2026-09-27,2026-09-28T07:00:21.000Z,11.0,2026-09-27,2026-09-27,Not Enforceable
THE URBAN ARBORIST,2026-09-22T21:01:31.000Z,2026-09-29,a10Ps00000UvYV7IAN,0058b00000GAFCDAA5,2026-09-30T07:00:13.000Z,20.0,2026-09-30,2026-09-23,Closed,Expired,Temporary Occupancy,TOC-26-01477,012Ps000003Ovt3IAC,,3320 DIVISADERO  ST,2026-09-29,2026-09-30T07:00:15.000Z,2.0,2026-09-29,2026-09-29,Not Enforceable
F.A. BARTLETT TREE EXPERT CO.,2026-09-22T21:43:48.000Z,2026-09-29,a10Ps00000Uvgm1IAB,0058b00000GAFCDAA5,2026-09-30T07:00:13.000Z,60.0,2026-09-30,2026-09-23,Closed,Expired,Temporary Occupancy,TOC-26-01478,012Ps000003Ovt3IAC,,123 27TH  ST,2026-09-29,2026-09-30T07:00:15.000Z,4.0,2026-09-29,2026-09-29,Not Enforceable
F.A. BARTLETT TREE EXPERT CO.,2026-09-22T21:58:40.000Z,2026-09-30,a10Ps00000UvjFFIAZ,0058b00000GAFCDAA5,2026-10-01T07:00:11.000Z,120.0,2026-10-01,,Closed,Expired,Temporary Occupancy,TOC-26-01479,012Ps000003Ovt3IAC,,3600 JACKSON  ST & SPRUCE ST,2026-09-30,2026-10-01T07:00:12.000Z,7.0,2026-09-30,2026-09-30,Not Enforceable
F.A. BARTLETT TREE EXPERT CO.,2026-09-22T22:04:03.000Z,2026-09-30,a10Ps00000Uvk3FIAR,0058b00000GAFCDAA5,2026-10-01T07:00:11.000Z,160.0,2026-10-01,2026-09-23,Closed,Expired,Temporary Occupancy,TOC-26-01480,012Ps000003Ovt3IAC,,3600 JACKSON  ST & SPRUCE ST,2026-09-30,2026-10-01T07:00:13.000Z,10.0,2026-09-30,2026-09-30,Not Enforceable
F.A. BARTLETT TREE EXPERT CO.,2026-09-22T22:56:39.000Z,2026-09-29,a10Ps00000UvwCTIAZ,0058b00000GAFCDAA5,2026-09-30T07:00:13.000Z,60.0,2026-09-30,2026-09-23,Closed,Expired,Temporary Occupancy,TOC-26-01481,012Ps000003Ovt3IAC,,530 CONNECTICUT  ST,2026-09-29,2026-09-30T07:00:15.000Z,4.0,2026-09-29,2026-09-29,Not Enforceable
"DT TREECARE, LLC",2026-09-22T23:03:56.000Z,2026-09-28,a10Ps00000Uvx5JIAR,0058b00000GAFCDAA5,2026-09-29T07:00:20.000Z,40.0,2026-09-29,2026-09-24,Closed,Expired,Temporary Occupancy,TOC-26-01482,012Ps000003Ovt3IAC,,176 DUBOCE  AVE,2026-09-28,2026-09-29T07:00:21.000Z,3.0,2026-09-28,2026-09-28,Not Enforceable
THE TRAFFIC GUYS LLC,2026-09-23T18:52:33.000Z,2026-09-28,a10Ps00000Uzh3cIAB,0058b00000GAFCDAA5,2026-09-29T07:00:20.000Z,460.0,2026-09-29,2026-09-23,Closed,Expired,Temporary Occupancy,TOC-26-01484,012Ps000003Ovt3IAC,,37 RAYCLIFF  TER,2026-09-28,2026-09-29T07:00:21.000Z,27.0,2026-09-28,2026-09-28,Not Enforceable
RIDGE COMMUNICATIONS INC,2026-09-23T18:53:56.000Z,2026-10-08,a10Ps00000UzaIGIAZ,005Ps00000LEF6MIAX,2026-09-30T21:05:09.000Z,213.0,2026-10-09,2026-09-29,Active,Active,Temporary Occupancy,TOC-26-01485,012Ps000003Ovt3IAC,,,2026-10-01,2026-09-30T21:05:09.000Z,21.0,2026-10-08,2026-10-01,Enforceable
THE TRAFFIC GUYS LLC,2026-09-23T19:01:33.000Z,2026-09-28,a10Ps00000UzzWjIAJ,0058b00000GAFCDAA5,2026-09-29T07:00:20.000Z,480.0,2026-09-29,2026-09-24,Closed,Expired,Temporary Occupancy,TOC-26-01486,012Ps000003Ovt3IAC,,,2026-09-28,2026-09-29T07:00:21.000Z,26.0,2026-09-28,2026-09-28,Not Enforceable
THE URBAN ARBORIST,2026-09-23T19:32:08.000Z,2026-10-02,a10Ps00000V07FlIAJ,0058b00000GAFCDAA5,2026-10-03T07:00:22.000Z,20.0,2026-10-03,2026-09-23,Closed,Expired,Temporary Occupancy,TOC-26-01487,012Ps000003Ovt3IAC,,18 MONTEZUMA  ST,2026-10-02,2026-10-03T07:00:29.000Z,2.0,2026-10-02,2026-10-02,Not Enforceable
DAVEY TREE EXPERT CO THE,2026-09-23T19:46:55.000Z,2026-10-14,a10Ps00000V0AwnIAF,0058b00000GAFCDAA5,2026-09-28T19:46:24.000Z,45.0,2026-10-15,2026-09-28,Tow Sign Photo,Awaiting Applicant Info,Temporary Occupancy,TOC-26-01488,012Ps000003Ovt3IAC,,4217 26TH  ST,2026-10-13,2026-09-28T19:46:49.000Z,4.0,2026-10-14,2026-10-13,Not Enforceable
DAVEY TREE EXPERT CO THE,2026-09-23T20:21:23.000Z,2026-10-13,a10Ps00000V0IW9IAN,0058b00000GAFCDAA5,2026-09-29T15:30:45.000Z,30.0,2026-10-14,2026-09-29,Tow Sign Photo,Awaiting Applicant Info,Temporary Occupancy,TOC-26-01489,012Ps000003Ovt3IAC,,372 26TH  AVE,2026-10-13,2026-09-29T15:30:52.000Z,3.0,2026-10-13,2026-10-13,Not Enforceable
DAVEY TREE EXPERT CO THE,2026-09-23T20:34:27.000Z,2026-10-14,a10Ps00000V0LFVIA3,0058b00000GAFCDAA5,2026-09-28T13:37:31.000Z,30.0,2026-10-15,2026-09-28,Tow Sign Photo,Awaiting Applicant Info,Temporary Occupancy,TOC-26-01491,012Ps000003Ovt3IAC,,1435 48TH  AVE,2026-10-14,2026-09-28T13:38:05.000Z,3.0,2026-10-14,2026-10-14,Not Enforceable
UNITED CALIFORNIA GLASS & DOOR,2026-09-23T20:53:17.000Z,2026-10-08,a10Ps00000V0Oy9IAF,005Ps00000LEF6MIAX,2026-10-01T19:57:40.000Z,40.0,2026-10-09,2026-09-24,Active,Active,Temporary Occupancy,TOC-26-01492,012Ps000003Ovt3IAC,,1920 OCEAN  AVE,2026-10-08,2026-10-01T19:57:40.000Z,3.0,2026-10-08,2026-10-08,Not Enforceable
UNITED CALIFORNIA GLASS & DOOR,2026-09-23T21:15:13.000Z,2026-10-16,a10Ps00000V0T3NIAV,0058b00000GAFCDAA5,2026-09-24T18:00:05.000Z,60.0,2026-10-17,2026-09-24,Tow Sign Photo,Awaiting Applicant Info,Temporary Occupancy,TOC-26-01493,012Ps000003Ovt3IAC,,50 GREEN  ST,2026-10-15,2026-09-24T18:00:05.000Z,4.0,2026-10-16,2026-10-15,Not Enforceable
"TAK COMMUNICATIONS CA, INC.",2026-09-23T21:28:19.000Z,2026-10-05,a10Ps00000V0VGTIA3,0058b00000GAFCDAA5,2026-09-30T15:01:39.000Z,200.0,2026-10-06,2026-09-30,Tow Sign Photo,Awaiting Applicant Info,Temporary Occupancy,TOC-26-01494,012Ps000003Ovt3IAC,,91 BELCHER  ST,2026-10-05,2026-09-30T15:01:56.000Z,14.0,2026-10-05,2026-10-05,Not Enforceable
TRAFFIC MANAGEMENT LLC,2026-09-23T21:44:52.000Z,2026-10-02,a10Ps00000V0YMPIA3,0058b00000GAFCDAA5,2026-10-03T07:00:22.000Z,140.0,2026-10-03,2026-09-24,Closed,Expired,Temporary Occupancy,TOC-26-01495,012Ps000003Ovt3IAC,,,2026-09-28,2026-10-03T07:00:29.000Z,9.0,2026-10-02,2026-09-28,Not Enforceable
TRAFFIC MANAGEMENT LLC,2026-09-23T21:55:53.000Z,2026-10-02,a10Ps00000V0ZaDIAV,0058b00000GAFCDAA5,2026-10-03T07:00:22.000Z,220.0,2026-10-03,2026-09-24,Closed,Expired,Temporary Occupancy,TOC-26-01496,012Ps000003Ovt3IAC,,3832 ULLOA  ST,2026-09-28,2026-10-03T07:00:29.000Z,13.0,2026-10-02,2026-09-28,Not Enforceable
,2026-09-23T22:31:05.000Z,2026-10-03,a10Ps00000V0eZtIAJ,0058b00000GAFCDAA5,2026-10-04T07:00:11.000Z,15.0,2026-10-04,,Closed,Expired,Temporary Occupancy,TOC-26-01498,012Ps000003Ovt3IAC,,1928 PINE  ST,2026-10-03,2026-10-04T07:00:12.000Z,2.0,2026-10-03,2026-10-03,Not Enforceable
EXCELLENT WINDOW CLEANING INC,2026-09-23T23:03:25.000Z,2026-09-29,a10Ps00000V0lczIAB,0058b00000GAFCDAA5,2026-09-30T07:00:13.000Z,200.0,2026-09-30,2026-09-24,Closed,Expired,Temporary Occupancy,TOC-26-01499,012Ps000003Ovt3IAC,,350 BRODERICK  ST,2026-09-28,2026-09-30T07:00:16.000Z,11.0,2026-09-29,2026-09-28,Not Enforceable
,2026-09-23T23:43:17.000Z,2026-10-15,a10Ps00000V0qRNIAZ,0058b00000GAFCDAA5,2026-09-28T20:18:00.000Z,17.0,2026-10-16,2026-09-28,Tow Sign Photo,Awaiting Applicant Info,Temporary Occupancy,TOC-26-01500,012Ps000003Ovt3IAC,,2642 45TH  AVE,2026-10-09,2026-09-28T20:18:04.000Z,2.0,2026-10-15,2026-10-09,Not Enforceable
TCPAF INC,2026-09-24T15:12:00.000Z,2026-10-12,a10Ps00000V3MIHIA3,0058b00000GAFCDAA5,2026-10-01T16:26:46.000Z,100.0,2026-10-13,2026-10-01,Tow Sign Photo,Awaiting Applicant Info,Temporary Occupancy,TOC-26-01502,012Ps000003Ovt3IAC,,100 LARKIN  ST,2026-10-11,2026-10-01T16:27:03.000Z,6.0,2026-10-12,2026-10-11,Not Enforceable
TCPAF INC,2026-09-24T15:21:14.000Z,2026-10-12,a10Ps00000V3PBJIA3,0058b00000GAFCDAA5,2026-10-01T16:24:50.000Z,100.0,2026-10-13,2026-10-01,Tow Sign Photo,Awaiting Applicant Info,Temporary Occupancy,TOC-26-01503,012Ps000003Ovt3IAC,,301 VAN NESS  AVE,2026-10-12,2026-10-01T16:25:48.000Z,6.0,2026-10-12,2026-10-12,Not Enforceable
"CC TREE DESIGN, LLC",2026-09-24T17:56:51.000Z,2026-10-06,a10Ps00000V41lGIAR,005Ps00000LEF6MIAX,2026-10-02T15:19:03.000Z,60.0,2026-10-07,2026-09-25,Active,Active,Temporary Occupancy,TOC-26-01505,012Ps000003Ovt3IAC,,1101 CLAYTON  ST,2026-10-06,2026-10-02T15:19:03.000Z,4.0,2026-10-06,2026-10-06,Not Enforceable
"CC TREE DESIGN, LLC",2026-09-24T18:28:13.000Z,2026-10-09,a10Ps00000V4IULIA3,0058b00000GAFCDAA5,2026-09-25T18:15:39.000Z,80.0,2026-10-10,2026-09-25,Tow Sign Photo,Awaiting Applicant Info,Temporary Occupancy,TOC-26-01506,012Ps000003Ovt3IAC,,3466 21ST  ST,2026-10-09,2026-09-25T18:15:54.000Z,5.0,2026-10-09,2026-10-09,Not Enforceable
SHEERAN PIPELINE INC,2026-09-24T20:31:19.000Z,2026-10-02,a10Ps00000V4jKrIAJ,0058b00000GAFCDAA5,2026-10-03T07:00:24.000Z,40.0,2026-10-03,2026-09-25,Closed,Expired,Temporary Occupancy,TOC-26-01507,012Ps000003Ovt3IAC,,1535 48TH  AVE,2026-09-30,2026-10-03T07:00:27.000Z,3.0,2026-10-02,2026-09-30,Not Enforceable
ALERT BUILDING MAINTENANCE INC,2026-09-24T23:56:24.000Z,2026-09-30,a10Ps00000V5IdZIAV,0058b00000GAFCDAA5,2026-10-01T07:00:11.000Z,40.0,2026-10-01,2026-09-27,Closed,Expired,Temporary Occupancy,TOC-26-01508,012Ps000003Ovt3IAC,,2000 POST  ST,2026-09-30,2026-10-01T07:00:13.000Z,3.0,2026-09-30,2026-09-30,Not Enforceable
ALERT BUILDING MAINTENANCE INC,2026-09-25T00:05:41.000Z,2026-10-01,a10Ps00000V5JZdIAN,0058b00000GAFCDAA5,2026-10-02T07:00:08.000Z,40.0,2026-10-02,2026-09-27,Closed,Expired,Temporary Occupancy,TOC-26-01509,012Ps000003Ovt3IAC,,2000 POST  ST,2026-10-01,2026-10-02T07:00:11.000Z,4.0,2026-10-01,2026-10-01,Not Enforceable
THE TRAFFIC GUYS LLC,2026-09-25T15:14:35.000Z,2026-10-01,a10Ps00000V7MzeIAF,0058b00000GAFCDAA5,2026-10-02T07:00:08.000Z,320.0,2026-10-02,2026-09-26,Closed,Expired,Temporary Occupancy,TOC-26-01513,012Ps000003Ovt3IAC,,2100 PACIFIC  AVE,2026-10-01,2026-10-02T07:00:11.000Z,18.0,2026-10-01,2026-10-01,Not Enforceable
THE TRAFFIC GUYS LLC,2026-09-25T15:23:38.000Z,2026-10-01,a10Ps00000V7a05IAB,0058b00000GAFCDAA5,2026-10-02T07:00:08.000Z,180.0,2026-10-02,2026-09-28,Closed,Expired,Temporary Occupancy,TOC-26-01514,012Ps000003Ovt3IAC,,440 GEARY  ST,2026-10-01,2026-10-02T07:00:11.000Z,11.0,2026-10-01,2026-10-01,Not Enforceable
,2026-09-25T16:48:07.000Z,2026-10-02,a10Ps00000V7v9NIAR,0058b00000GAFCDAA5,2026-10-03T07:00:24.000Z,40.0,2026-10-03,2026-09-25,Closed,Expired,Temporary Occupancy,TOC-26-01516,012Ps000003Ovt3IAC,,1650 JACKSON  ST,2026-09-30,2026-10-03T07:00:27.000Z,3.0,2026-10-02,2026-09-30,Not Enforceable
VICTOR AVALOS,2026-09-25T16:58:56.000Z,2026-10-01,a10Ps00000V7yATIAZ,0058b00000GAFCDAA5,2026-10-02T07:00:08.000Z,,2026-10-02,,Closed,Expired,Temporary Occupancy,TOC-26-01517,012Ps000003Ovt3IAC,,650 02ND  ST,2026-10-01,2026-10-02T07:00:11.000Z,5.0,2026-10-01,2026-10-01,Not Enforceable
ARBOR VISION INC,2026-09-25T17:27:12.000Z,2026-10-14,a10Ps00000V7wK0IAJ,0058b00000GAFCDAA5,2026-10-01T20:32:50.000Z,150.0,2026-10-15,2026-10-01,Tow Sign Photo,Awaiting Applicant Info,Temporary Occupancy,TOC-26-01519,012Ps000003Ovt3IAC,,1580 VALENCIA  ST,2026-10-05,2026-10-01T20:34:08.000Z,10.0,2026-10-14,2026-10-05,Not Enforceable
TRAFFIC MANAGEMENT LLC,2026-09-25T18:04:48.000Z,2026-10-24,a10Ps00000V8GlhIAF,0058b00000GAFCDAA5,2026-09-30T20:43:02.000Z,80.0,2026-10-25,2026-09-30,Tow Sign Photo,Awaiting Applicant Info,Temporary Occupancy,TOC-26-01521,012Ps000003Ovt3IAC,,,2026-10-22,2026-09-30T20:44:08.000Z,5.0,2026-10-24,2026-10-22,Not Enforceable
TRAFFIC MANAGEMENT LLC,2026-09-25T18:36:06.000Z,2026-10-23,a10Ps00000V8OMfIAN,0058b00000GAFCDAA5,2026-09-30T20:43:04.000Z,140.0,2026-10-24,2026-09-30,Tow Sign Photo,Awaiting Applicant Info,Temporary Occupancy,TOC-26-01522,012Ps000003Ovt3IAC,,,2026-10-21,2026-09-30T20:44:08.000Z,8.0,2026-10-23,2026-10-21,Not Enforceable
EXCELLENT WINDOW CLEANING INC,2026-09-25T19:13:30.000Z,2026-10-03,a10Ps00000V8WfBIAV,0058b00000GAFCDAA5,2026-10-04T07:00:10.000Z,200.0,2026-10-04,2026-09-25,Closed,Expired,Temporary Occupancy,TOC-26-01523,012Ps000003Ovt3IAC,,1600 WEBSTER  ST,2026-10-02,2026-10-04T07:00:12.000Z,12.0,2026-10-03,2026-10-02,Not Enforceable
,2026-09-25T19:55:34.000Z,2026-10-03,a10Ps00000V8f8zIAB,0058b00000GAFCDAA5,2026-10-04T07:00:10.000Z,40.0,2026-10-04,2026-09-25,Closed,Expired,Temporary Occupancy,TOC-26-01524,012Ps000003Ovt3IAC,,2797 BRYANT  ST,2026-10-01,2026-10-04T07:00:12.000Z,3.0,2026-10-03,2026-10-01,Not Enforceable
,2026-09-25T19:58:40.000Z,2026-10-02,a10Ps00000V8fk5IAB,0058b00000GAFCDAA5,2026-10-03T07:00:24.000Z,60.0,2026-10-03,2026-09-25,Closed,Expired,Temporary Occupancy,TOC-26-01525,012Ps000003Ovt3IAC,,1947 JACKSON  ST,2026-09-30,2026-10-03T07:00:27.000Z,4.0,2026-10-02,2026-09-30,Not Enforceable
TRAFFIC MANAGEMENT LLC,2026-09-25T20:29:20.000Z,2026-10-08,a10Ps00000V8oVdIAJ,0058b00000GAFCDAA5,2026-09-30T20:43:09.000Z,80.0,2026-10-09,2026-09-30,Tow Sign Photo,Awaiting Applicant Info,Temporary Occupancy,TOC-26-01526,012Ps000003Ovt3IAC,,,2026-10-05,2026-09-30T20:44:09.000Z,5.0,2026-10-08,2026-10-05,Not Enforceable
TRAFFIC MANAGEMENT LLC,2026-09-25T20:44:27.000Z,2026-10-08,a10Ps00000V8mYgIAJ,0058b00000GAFCDAA5,2026-09-30T20:43:12.000Z,140.0,2026-10-09,2026-09-30,Tow Sign Photo,Awaiting Applicant Info,Temporary Occupancy,TOC-26-01527,012Ps000003Ovt3IAC,,,2026-10-05,2026-09-30T20:43:12.000Z,8.0,2026-10-08,2026-10-05,Not Enforceable
TRAFFIC MANAGEMENT LLC,2026-09-25T20:54:33.000Z,2026-10-06,a10Ps00000V8tGnIAJ,0058b00000GAFCDAA5,2026-09-30T20:43:04.000Z,80.0,2026-10-07,2026-09-30,Tow Sign Photo,Awaiting Applicant Info,Temporary Occupancy,TOC-26-01528,012Ps000003Ovt3IAC,,,2026-10-05,2026-09-30T20:44:08.000Z,5.0,2026-10-06,2026-10-05,Not Enforceable
"DT TREECARE, LLC",2026-09-25T20:58:18.000Z,2026-09-30,a10Ps00000V8ttVIAR,0058b00000GAFCDAA5,2026-10-01T07:00:11.000Z,40.0,2026-10-01,2026-09-28,Closed,Expired,Temporary Occupancy,TOC-26-01529,012Ps000003Ovt3IAC,,548 PAGE  ST,2026-09-30,2026-10-01T07:00:13.000Z,3.0,2026-09-30,2026-09-30,Not Enforceable
DAVEY TREE EXPERT CO THE,2026-09-25T21:34:37.000Z,2026-10-02,a10Ps00000V8zCXIAZ,0058b00000GAFCDAA5,2026-10-03T07:00:24.000Z,30.0,2026-10-03,2026-09-28,Closed,Expired,Temporary Occupancy,TOC-26-01530,012Ps000003Ovt3IAC,,3639 21ST  ST,2026-10-02,2026-10-03T07:00:28.000Z,3.0,2026-10-02,2026-10-02,Not Enforceable
TREEMASTERS TREE & GARDEN CARE,2026-09-25T21:43:19.000Z,2026-10-01,a10Ps00000V90GfIAJ,0058b00000GAFCDAA5,2026-10-02T07:00:08.000Z,40.0,2026-10-02,2026-09-28,Closed,Expired,Temporary Occupancy,TOC-26-01531,012Ps000003Ovt3IAC,,1435 LYON  ST,2026-10-01,2026-10-02T07:00:12.000Z,3.0,2026-10-01,2026-10-01,Not Enforceable
TRAFFIC MANAGEMENT LLC,2026-09-28T20:07:54.000Z,2026-10-09,a10Ps00000VFcKrIAL,0058b00000GAFCDAA5,2026-09-30T20:43:09.000Z,80.0,2026-10-10,2026-09-30,Tow Sign Photo,Awaiting Applicant Info,Temporary Occupancy,TOC-26-01539,012Ps000003Ovt3IAC,,,2026-10-05,2026-09-30T20:44:08.000Z,5.0,2026-10-09,2026-10-05,Not Enforceable
TRAFFIC MANAGEMENT LLC,2026-09-28T20:23:59.000Z,2026-10-08,a10Ps00000VFfU1IAL,0058b00000GAFCDAA5,2026-09-30T23:51:07.000Z,120.0,2026-10-09,2026-09-30,Tow Sign Photo,Awaiting Applicant Info,Temporary Occupancy,TOC-26-01540,012Ps000003Ovt3IAC,,,2026-10-05,2026-09-30T23:51:07.000Z,7.0,2026-10-08,2026-10-05,Not Enforceable
TRAFFIC MANAGEMENT LLC,2026-09-28T20:34:47.000Z,2026-10-07,a10Ps00000VFhkLIAT,0058b00000GAFCDAA5,2026-09-30T20:43:09.000Z,120.0,2026-10-08,2026-09-30,Tow Sign Photo,Awaiting Applicant Info,Temporary Occupancy,TOC-26-01541,012Ps000003Ovt3IAC,,,2026-10-05,2026-09-30T20:43:09.000Z,7.0,2026-10-07,2026-10-05,Not Enforceable
MUSEPOP LLC,2026-09-29T02:45:33.000Z,2026-10-11,a10Ps00000VGMIuIAP,005Ps00000Ixc5JIAR,2026-09-30T23:38:06.000Z,80.0,2026-10-12,2026-09-30,Tow Sign Photo,Awaiting Applicant Info,Temporary Occupancy,TOC-26-01543,012Ps000003Ovt3IAC,,,2026-10-08,2026-09-30T23:38:06.000Z,6.0,2026-10-11,2026-10-08,Not Enforceable
DAVEY TREE EXPERT CO THE,2026-09-29T12:48:12.000Z,2026-10-05,a10Ps00000VHOqUIAX,005Ps00000LEF6MIAX,2026-10-01T23:29:54.000Z,75.0,2026-10-06,2026-10-01,Active,Active,Temporary Occupancy,TOC-26-01544,012Ps000003Ovt3IAC,,344 PRESIDIO  AVE,2026-10-05,2026-10-01T23:29:54.000Z,5.0,2026-10-05,2026-10-05,Not Enforceable
,2026-09-29T15:01:35.000Z,2026-11-03,a10Ps00000VI2EQIA1,0058b00000GAFCDAA5,2026-09-30T15:52:42.000Z,30.0,2026-11-04,2026-09-30,Tow Sign Photo,Awaiting Applicant Info,Temporary Occupancy,TOC-26-01545,012Ps000003Ovt3IAC,,3403 26TH  ST,2026-10-31,2026-09-30T15:52:42.000Z,3.0,2026-11-03,2026-10-31,Not Enforceable
"CC TREE DESIGN, LLC",2026-09-29T15:48:35.000Z,2026-10-14,a10Ps00000VIGVuIAP,0058b00000GAFCDAA5,2026-09-30T16:03:09.000Z,60.0,2026-10-15,2026-09-30,Tow Sign Photo,Awaiting Applicant Info,Temporary Occupancy,TOC-26-01546,012Ps000003Ovt3IAC,,343 COLERIDGE  ST,2026-10-13,2026-09-30T16:03:09.000Z,4.0,2026-10-14,2026-10-13,Not Enforceable
"CC TREE DESIGN, LLC",2026-09-29T15:56:33.000Z,2026-10-15,a10Ps00000VIUc5IAH,0058b00000GAFCDAA5,2026-09-30T16:05:34.000Z,100.0,2026-10-16,2026-09-30,Tow Sign Photo,Awaiting Applicant Info,Temporary Occupancy,TOC-26-01547,012Ps000003Ovt3IAC,,,2026-10-15,2026-09-30T16:05:34.000Z,6.0,2026-10-15,2026-10-15,Not Enforceable
"CC TREE DESIGN, LLC",2026-09-29T16:10:23.000Z,2026-10-15,a10Ps00000VIYsbIAH,0058b00000GAFCDAA5,2026-09-30T17:47:42.000Z,40.0,2026-10-16,2026-09-30,Tow Sign Photo,Awaiting Applicant Info,Temporary Occupancy,TOC-26-01548,012Ps000003Ovt3IAC,,,2026-10-15,2026-09-30T17:47:42.000Z,3.0,2026-10-15,2026-10-15,Not Enforceable
TREEMASTERS TREE & GARDEN CARE,2026-09-29T16:19:44.000Z,2026-10-05,a10Ps00000VIZruIAH,0058b00000GAFCDAA5,2026-09-30T17:05:22.000Z,40.0,2026-10-06,2026-09-30,Tow Sign Photo,Awaiting Applicant Info,Temporary Occupancy,TOC-26-01549,012Ps000003Ovt3IAC,,669 MARINA  BLVD,2026-10-05,2026-09-30T17:05:22.000Z,3.0,2026-10-05,2026-10-05,Not Enforceable
"CC TREE DESIGN, LLC",2026-09-29T16:27:11.000Z,2026-10-12,a10Ps00000VIeErIAL,0058b00000GAFCDAA5,2026-09-30T17:57:34.000Z,180.0,2026-10-13,2026-09-30,Tow Sign Photo,Awaiting Applicant Info,Temporary Occupancy,TOC-26-01550,012Ps000003Ovt3IAC,,,2026-10-12,2026-09-30T17:57:34.000Z,10.0,2026-10-12,2026-10-12,Not Enforceable
,2026-09-29T16:43:58.000Z,2026-10-06,a10Ps00000VIkH3IAL,005Ps00000LEF6MIAX,2026-10-02T19:12:51.000Z,25.0,2026-10-07,2026-10-01,Active,Active,Temporary Occupancy,TOC-26-01551,012Ps000003Ovt3IAC,,199 04th st,2026-10-06,2026-10-02T19:12:51.000Z,2.0,2026-10-06,2026-10-06,Not Enforceable
"CC TREE DESIGN, LLC",2026-09-29T16:46:03.000Z,2026-10-16,a10Ps00000VIe3aIAD,0058b00000GAFCDAA5,2026-09-30T17:50:29.000Z,340.0,2026-10-17,2026-09-30,Tow Sign Photo,Awaiting Applicant Info,Temporary Occupancy,TOC-26-01552,012Ps000003Ovt3IAC,,,2026-10-12,2026-09-30T17:50:29.000Z,18.0,2026-10-16,2026-10-12,Not Enforceable
"CC TREE DESIGN, LLC",2026-09-29T16:58:09.000Z,2026-10-16,a10Ps00000VInzhIAD,0058b00000GAFCDAA5,2026-09-30T17:53:33.000Z,120.0,2026-10-17,2026-09-30,Tow Sign Photo,Awaiting Applicant Info,Temporary Occupancy,TOC-26-01553,012Ps000003Ovt3IAC,,,2026-10-16,2026-09-30T17:53:33.000Z,7.0,2026-10-16,2026-10-16,Not Enforceable
TRAFFIC MANAGEMENT LLC,2026-09-29T20:57:54.000Z,2026-10-08,a10Ps00000VJsUHIA1,0058b00000GAFCDAA5,2026-09-30T23:51:04.000Z,100.0,2026-10-09,2026-09-30,Tow Sign Photo,Awaiting Applicant Info,Temporary Occupancy,TOC-26-01556,012Ps000003Ovt3IAC,,,2026-10-06,2026-09-30T23:51:04.000Z,6.0,2026-10-08,2026-10-06,Not Enforceable
TRAFFIC MANAGEMENT LLC,2026-09-29T21:11:41.000Z,2026-10-09,a10Ps00000VJukbIAD,0058b00000GAFCDAA5,2026-09-30T23:51:00.000Z,120.0,2026-10-10,2026-09-30,Tow Sign Photo,Awaiting Applicant Info,Temporary Occupancy,TOC-26-01559,012Ps000003Ovt3IAC,,,2026-10-08,2026-09-30T23:51:00.000Z,7.0,2026-10-09,2026-10-08,Not Enforceable
TRAFFIC MANAGEMENT LLC,2026-09-29T21:21:02.000Z,2026-10-08,a10Ps00000VJwEXIA1,0058b00000GAFCDAA5,2026-10-01T19:35:07.000Z,80.0,2026-10-09,2026-10-01,Tow Sign Photo,Awaiting Applicant Info,Temporary Occupancy,TOC-26-01561,012Ps000003Ovt3IAC,,,2026-10-06,2026-10-01T19:35:07.000Z,5.0,2026-10-08,2026-10-06,Not Enforceable
TRAFFIC MANAGEMENT LLC,2026-09-29T21:38:43.000Z,2026-10-07,a10Ps00000VJqDyIAL,0058b00000GAFCDAA5,2026-10-01T19:34:54.000Z,80.0,2026-10-08,2026-10-01,Tow Sign Photo,Awaiting Applicant Info,Temporary Occupancy,TOC-26-01562,012Ps000003Ovt3IAC,,,2026-10-06,2026-10-01T19:34:54.000Z,5.0,2026-10-07,2026-10-06,Not Enforceable
TRAFFIC MANAGEMENT LLC,2026-09-29T21:54:05.000Z,2026-10-07,a10Ps00000VK1irIAD,0058b00000GAFCDAA5,2026-09-30T20:42:51.000Z,80.0,2026-10-08,2026-09-30,Tow Sign Photo,Awaiting Applicant Info,Temporary Occupancy,TOC-26-01563,012Ps000003Ovt3IAC,,,2026-10-06,2026-09-30T20:42:51.000Z,5.0,2026-10-07,2026-10-06,Not Enforceable
TRAFFIC MANAGEMENT LLC,2026-09-29T22:05:28.000Z,2026-10-09,a10Ps00000VK3ZNIA1,0058b00000GAFCDAA5,2026-09-30T20:43:07.000Z,100.0,2026-10-10,2026-09-30,Tow Sign Photo,Awaiting Applicant Info,Temporary Occupancy,TOC-26-01564,012Ps000003Ovt3IAC,,,2026-10-07,2026-09-30T20:43:07.000Z,6.0,2026-10-09,2026-10-07,Not Enforceable
TRAFFIC MANAGEMENT LLC,2026-09-29T22:16:07.000Z,2026-10-08,a10Ps00000VK59lIAD,0058b00000GAFCDAA5,2026-09-30T20:43:12.000Z,100.0,2026-10-09,2026-09-30,Tow Sign Photo,Awaiting Applicant Info,Temporary Occupancy,TOC-26-01565,012Ps000003Ovt3IAC,,,2026-10-07,2026-09-30T20:43:12.000Z,6.0,2026-10-08,2026-10-07,Not Enforceable
TRAFFIC MANAGEMENT LLC,2026-09-29T22:32:50.000Z,2026-10-09,a10Ps00000VK7WXIA1,0058b00000GAFCDAA5,2026-09-30T20:43:07.000Z,80.0,2026-10-10,2026-09-30,Tow Sign Photo,Awaiting Applicant Info,Temporary Occupancy,TOC-26-01566,012Ps000003Ovt3IAC,,,2026-10-08,2026-09-30T20:43:07.000Z,5.0,2026-10-09,2026-10-08,Not Enforceable
TRAFFIC MANAGEMENT LLC,2026-09-29T22:43:17.000Z,2026-10-09,a10Ps00000VK925IAD,0058b00000GAFCDAA5,2026-09-30T20:42:51.000Z,60.0,2026-10-10,2026-09-30,Tow Sign Photo,Awaiting Applicant Info,Temporary Occupancy,TOC-26-01567,012Ps000003Ovt3IAC,,,2026-10-08,2026-09-30T20:42:51.000Z,4.0,2026-10-09,2026-10-08,Not Enforceable
EXCELLENT WINDOW CLEANING INC,2026-09-30T15:54:09.000Z,2026-10-06,a10Ps00000VMvQoIAL,0058b00000GAFCDAA5,2026-10-02T18:48:43.000Z,160.0,2026-10-07,2026-10-02,Tow Sign Photo,Awaiting Applicant Info,Temporary Occupancy,TOC-26-01569,012Ps000003Ovt3IAC,,350 BRODERICK  ST,2026-10-05,2026-10-02T18:48:43.000Z,9.0,2026-10-06,2026-10-05,Not Enforceable
THE TRAFFIC GUYS LLC,2026-09-30T16:32:38.000Z,2026-10-08,a10Ps00000VNHvxIAH,0058b00000GAFCDAA5,2026-10-02T14:30:54.000Z,320.0,2026-10-09,2026-10-02,Tow Sign Photo,Awaiting Applicant Info,Temporary Occupancy,TOC-26-01570,012Ps000003Ovt3IAC,,2100 PACIFIC  AVE,2026-10-08,2026-10-02T14:32:05.000Z,18.0,2026-10-08,2026-10-08,Not Enforceable
GEI CONSULTANTS INC,2026-09-30T16:49:32.000Z,2026-10-09,a10Ps00000VNMUDIA5,0058b00000GAFCDAA5,2026-10-02T15:49:42.000Z,100.0,2026-10-10,2026-10-02,Tow Sign Photo,Awaiting Applicant Info,Temporary Occupancy,TOC-26-01571,012Ps000003Ovt3IAC,,,2026-10-08,2026-10-02T15:50:06.000Z,6.0,2026-10-09,2026-10-08,Not Enforceable
UNIVERSE ALLIANCE INC,2026-09-30T17:42:33.000Z,2026-10-18,a10Ps00000VNbt3IAD,005Ps00000LEF6MIAX,2026-10-01T19:30:48.000Z,40.0,2026-10-19,2026-09-30,Active,Active,Temporary Occupancy,TOC-26-01572,012Ps000003Ovt3IAC,,603 CAROLINA  ST,2026-10-05,2026-10-01T19:30:48.000Z,3.0,2026-10-18,2026-10-05,Not Enforceable
,2026-09-30T19:10:12.000Z,2026-10-03,a10Ps00000VO0UrIAL,0058b00000GAFCDAA5,2026-10-04T07:00:23.000Z,75.0,2026-10-04,,Closed,Expired,Temporary Occupancy,TOC-26-01573,012Ps000003Ovt3IAC,,1387 MASONIC  AVE,2026-10-03,2026-10-04T07:00:24.000Z,5.0,2026-10-03,2026-10-03,Not Enforceable
TREEMASTERS TREE & GARDEN CARE,2026-09-30T19:37:50.000Z,2026-10-20,a10Ps00000VO7BNIA1,0058b00000GAFCDAA5,2026-10-02T21:42:08.000Z,40.0,2026-10-21,2026-10-02,Tow Sign Photo,Awaiting Applicant Info,Temporary Occupancy,TOC-26-01575,012Ps000003Ovt3IAC,,880 CHESTNUT  ST,2026-10-20,2026-10-02T21:42:08.000Z,3.0,2026-10-20,2026-10-20,Not Enforceable
"DT TREECARE, LLC",2026-09-30T21:11:24.000Z,2026-10-06,a10Ps00000VOURJIA5,005Ps00000MDCjRIAX,2026-10-04T18:41:34.000Z,60.0,2026-10-07,2026-10-02,Final Review,Pending,Temporary Occupancy,TOC-26-01579,012Ps000003Ovt3IAC,,963 PAGE  ST,2026-10-05,2026-10-04T18:41:34.000Z,4.0,2026-10-06,2026-10-05,Not Enforceable
THE URBAN ARBORIST,2026-09-30T21:54:37.000Z,2026-10-14,a10Ps00000VOb6DIAT,0058b00000GAFCDAA5,2026-10-01T19:58:19.000Z,20.0,2026-10-15,2026-10-01,Tow Sign Photo,Awaiting Applicant Info,Temporary Occupancy,TOC-26-01582,012Ps000003Ovt3IAC,,1054 SUTTER  ST,2026-10-14,2026-10-01T19:58:19.000Z,2.0,2026-10-14,2026-10-14,Not Enforceable
THE URBAN ARBORIST,2026-09-30T22:03:38.000Z,2026-10-09,a10Ps00000VOd81IAD,0058b00000GAFCDAA5,2026-10-01T19:57:49.000Z,40.0,2026-10-10,2026-10-01,Tow Sign Photo,Awaiting Applicant Info,Temporary Occupancy,TOC-26-01583,012Ps000003Ovt3IAC,,154 BAKER  ST,2026-10-09,2026-10-01T19:57:49.000Z,3.0,2026-10-09,2026-10-09,Not Enforceable
THE URBAN ARBORIST,2026-09-30T22:10:45.000Z,2026-10-23,a10Ps00000VOcogIAD,0058b00000GAFCDAA5,2026-10-01T19:57:52.000Z,60.0,2026-10-24,2026-10-01,Tow Sign Photo,Awaiting Applicant Info,Temporary Occupancy,TOC-26-01584,012Ps000003Ovt3IAC,,333 CHRISTOPHER  DR,2026-10-23,2026-10-01T19:57:52.000Z,4.0,2026-10-23,2026-10-23,Not Enforceable
THE URBAN ARBORIST,2026-09-30T22:41:16.000Z,2026-10-12,a10Ps00000VOj3lIAD,0058b00000GAFCDAA5,2026-10-01T19:57:49.000Z,40.0,2026-10-13,2026-10-01,Tow Sign Photo,Awaiting Applicant Info,Temporary Occupancy,TOC-26-01585,012Ps000003Ovt3IAC,,350 URBANO  DR,2026-10-12,2026-10-01T19:57:49.000Z,3.0,2026-10-12,2026-10-12,Not Enforceable
REDWOOD ENGINEERING,2026-10-01T18:06:23.000Z,2026-10-05,a10Ps00000VSEe5IAH,0058b00000GAFCDAA5,2026-10-01T18:43:53.000Z,80.0,2026-10-06,2026-10-01,Tow Sign Photo,Awaiting Applicant Info,Temporary Occupancy,TOC-26-01588,012Ps000003Ovt3IAC,,2832 UNION  ST,2026-10-05,2026-10-01T18:43:53.000Z,6.0,2026-10-05,2026-10-05,Not Enforceable
TREEMASTERS TREE & GARDEN CARE,2026-10-01T19:57:27.000Z,2026-10-20,a10Ps00000VSh6bIAD,0058b00000GAFCDAA5,2026-10-02T18:52:07.000Z,40.0,2026-10-21,2026-10-02,Tow Sign Photo,Awaiting Applicant Info,Temporary Occupancy,TOC-26-01591,012Ps000003Ovt3IAC,,749 CORBETT  AVE,2026-10-20,2026-10-02T18:53:19.000Z,3.0,2026-10-20,2026-10-20,Not Enforceable
THE TRAFFIC GUYS LLC,2026-10-02T16:01:44.000Z,2026-10-03,a10Ps00000VVtO9IAL,0058b00000GAFCDAA5,2026-10-04T07:00:23.000Z,160.0,2026-10-04,,Closed,Expired,Temporary Occupancy,TOC-26-01599,012Ps000003Ovt3IAC,,,2026-10-03,2026-10-04T07:00:24.000Z,10.0,2026-10-03,2026-10-03,Not Enforceable
